path,timestamp_ms,status_code,error,wall_ms,engine,auto_routed,preprocess_ms,inference_ms,postprocess_ms,num_detections
../../val2017/000000005992.jpg,1789050481896,200,,46.32,yolo26n_int8,true,14.63,8.21,0.01,5
../../val2017/000000011615.jpg,1789050481905,200,,52.20,yolo26n_int8,true,9.08,13.74,0.01,0
../../val2017/000000010995.jpg,1789050481918,200,,65.91,yolo26n_int8,true,18.40,13.64,0.01,1
../../val2017/000000002157.jpg,1789050481926,200,,76.49,yolo26m_fp16,true,16.37,29.12,0.01,19
../../val2017/000000008629.jpg,1789050481931,200,,78.91,yolo26n_int8,true,19.48,6.93,0.01,9
../../val2017/000000010092.jpg,1789050481942,200,,88.59,yolo26n_int8,true,14.32,14.58,0.01,5
../../val2017/000000012280.jpg,1789050481952,200,,98.78,yolo26n_int8,true,12.52,21.25,0.01,2
../../val2017/000000007991.jpg,1789050481963,200,,110.41,yolo26m_fp16,true,19.03,54.15,0.01,5
../../val2017/000000006471.jpg,1789050481964,200,,108.92,yolo26n_int8,true,16.33,12.92,0.01,9
../../val2017/000000001818.jpg,1789050481979,200,,129.52,yolo26n_int8,true,15.63,11.70,0.01,3
../../val2017/000000005477.jpg,1789050481989,200,,133.84,yolo26n_int8,true,15.66,16.83,0.01,1
../../val2017/000000014888.jpg,1789050481992,200,,143.15,yolo26m_fp16,true,34.45,81.65,0.01,5
../../val2017/000000002299.jpg,1789050481997,200,,143.73,yolo26n_int8,true,10.81,24.31,0.01,9
../../val2017/000000013291.jpg,1789050482011,200,,155.43,yolo26n_int8,true,17.44,15.36,0.01,7
../../val2017/000000013004.jpg,1789050482025,200,,172.93,yolo26n_int8,true,19.36,14.37,0.01,1
../../val2017/000000002587.jpg,1789050482027,200,,173.13,yolo26m_fp16,true,30.50,111.69,0.01,2
../../val2017/000000010583.jpg,1789050482038,200,,182.97,yolo26n_int8,true,16.43,11.70,0.01,2
../../val2017/000000005193.jpg,1789050482049,200,,194.78,yolo26n_int8,true,16.53,22.57,0.01,8
../../val2017/000000006771.jpg,1789050482061,200,,208.81,yolo26m_fp16,true,17.37,99.74,0.01,11
../../val2017/000000003501.jpg,1789050482061,200,,206.11,yolo26n_int8,true,13.08,22.18,0.01,4
../../val2017/000000014226.jpg,1789050482075,200,,219.38,yolo26n_int8,true,14.45,23.32,0.01,3
../../val2017/000000015079.jpg,1789050482087,200,,190.79,yolo26n_int8,true,13.67,22.33,0.01,2
../../val2017/000000009914.jpg,1789050482092,200,,241.72,yolo26m_fp16,true,14.71,92.55,0.01,5
../../val2017/000000015597.jpg,1789050482102,200,,197.38,yolo26n_int8,true,13.65,20.89,0.01,2
../../val2017/000000015746.jpg,1789050482117,200,,198.63,yolo26n_int8,true,15.76,22.51,0.01,1
../../val2017/000000009891.jpg,1789050482118,200,,265.91,yolo26m_fp16,true,16.02,91.74,0.01,13
../../val2017/000000016958.jpg,1789050482126,200,,194.77,yolo26n_int8,true,13.68,23.69,0.01,5
../../val2017/000000017182.jpg,1789050482144,200,,201.78,yolo26n_int8,true,17.08,25.49,0.01,2
../../val2017/000000013546.jpg,1789050482144,200,,290.51,yolo26m_fp16,true,15.33,88.85,0.01,10
../../val2017/000000017714.jpg,1789050482156,200,,203.13,yolo26n_int8,true,14.97,19.81,0.01,3
../../val2017/000000017905.jpg,1789050482167,200,,203.68,yolo26n_int8,true,15.99,17.94,0.01,2
../../val2017/000000013597.jpg,1789050482177,200,,321.29,yolo26m_fp16,true,15.67,31.70,0.01,3
../../val2017/000000019432.jpg,1789050482177,200,,198.34,yolo26n_int8,true,15.81,17.42,0.01,10
../../val2017/000000020059.jpg,1789050482189,200,,200.03,yolo26n_int8,true,9.02,19.33,0.01,3
../../val2017/000000020571.jpg,1789050482202,200,,205.50,yolo26n_int8,true,14.22,13.77,0.01,4
../../val2017/000000013201.jpg,1789050482211,200,,358.19,yolo26m_fp16,true,16.13,90.34,0.02,2
../../val2017/000000022192.jpg,1789050482214,200,,202.65,yolo26n_int8,true,14.74,14.84,0.01,3
../../val2017/000000023230.jpg,1789050482230,200,,202.94,yolo26n_int8,true,16.05,12.12,0.01,2
../../val2017/000000023781.jpg,1789050482239,200,,201.14,yolo26n_int8,true,17.58,16.94,0.01,5
../../val2017/000000008690.jpg,1789050482241,200,,388.34,yolo26m_fp16,true,18.28,142.32,0.01,9
../../val2017/000000025096.jpg,1789050482255,200,,205.97,yolo26n_int8,true,14.26,25.77,0.01,2
../../val2017/000000025139.jpg,1789050482265,200,,203.35,yolo26n_int8,true,12.72,26.55,0.01,1
../../val2017/000000004795.jpg,1789050482267,200,,412.41,yolo26m_fp16,true,15.66,90.49,0.01,5
../../val2017/000000025593.jpg,1789050482283,200,,207.21,yolo26n_int8,true,15.14,11.68,0.01,1
../../val2017/000000027696.jpg,1789050482294,200,,206.27,yolo26n_int8,true,18.87,16.86,0.01,4
../../val2017/000000008844.jpg,1789050482301,200,,444.74,yolo26m_fp16,true,15.30,93.23,0.01,4
../../val2017/000000029640.jpg,1789050482305,200,,202.16,yolo26n_int8,true,14.43,17.21,0.01,10
../../val2017/000000031050.jpg,1789050482319,200,,201.19,yolo26n_int8,true,14.22,21.10,0.01,3
../../val2017/000000010764.jpg,1789050482327,200,,472.20,yolo26m_fp16,true,16.15,78.51,0.01,2
../../val2017/000000031817.jpg,1789050482332,200,,187.14,yolo26n_int8,true,10.27,14.24,0.01,3
../../val2017/000000031322.jpg,1789050482346,200,,219.98,yolo26n_int8,true,15.22,28.68,0.01,7
../../val2017/000000010977.jpg,1789050482353,200,,498.23,yolo26m_fp16,true,17.55,86.96,0.01,4
../../val2017/000000032081.jpg,1789050482360,200,,204.10,yolo26n_int8,true,16.38,23.13,0.01,2
../../val2017/000000032285.jpg,1789050482375,200,,208.05,yolo26n_int8,true,15.55,24.86,0.01,1
../../val2017/000000032811.jpg,1789050482384,200,,206.59,yolo26n_int8,true,17.14,21.05,0.01,1
../../val2017/000000011511.jpg,1789050482384,200,,528.33,yolo26m_fp16,true,14.93,83.99,0.01,10
../../val2017/000000032861.jpg,1789050482395,200,,205.33,yolo26n_int8,true,8.99,21.12,0.01,2
../../val2017/000000015956.jpg,1789050482412,200,,485.82,yolo26m_fp16,true,18.98,71.07,0.01,3
../../val2017/000000033005.jpg,1789050482418,200,,215.08,yolo26n_int8,true,14.71,23.95,0.01,2
../../val2017/000000034071.jpg,1789050482427,200,,196.06,yolo26n_int8,true,15.41,16.86,0.01,0
../../val2017/000000033854.jpg,1789050482440,200,,226.10,yolo26n_int8,true,19.35,27.09,0.01,14
../../val2017/000000017959.jpg,1789050482440,200,,475.62,yolo26m_fp16,true,14.73,80.28,0.01,12
../../val2017/000000035682.jpg,1789050482453,200,,211.97,yolo26n_int8,true,14.61,25.25,0.01,9
../../val2017/000000035770.jpg,1789050482464,200,,208.13,yolo26n_int8,true,11.57,27.53,0.01,0
../../val2017/000000020333.jpg,1789050482470,200,,477.71,yolo26m_fp16,true,19.69,80.14,0.01,4
../../val2017/000000037740.jpg,1789050482477,200,,211.74,yolo26n_int8,true,15.18,21.24,0.01,7
../../val2017/000000039477.jpg,1789050482491,200,,207.56,yolo26n_int8,true,16.59,13.62,0.01,6
../../val2017/000000039551.jpg,1789050482502,200,,207.45,yolo26n_int8,true,17.55,18.07,0.01,3
../../val2017/000000022705.jpg,1789050482503,200,,477.54,yolo26m_fp16,true,17.33,86.09,0.01,8
../../val2017/000000042296.jpg,1789050482511,200,,205.75,yolo26n_int8,true,13.56,17.33,0.01,5
../../val2017/000000042563.jpg,1789050482526,200,,206.21,yolo26n_int8,true,15.41,14.19,0.01,1
../../val2017/000000030828.jpg,1789050482527,200,,409.87,yolo26m_fp16,true,14.57,26.86,0.01,5
../../val2017/000000044652.jpg,1789050482535,200,,202.91,yolo26n_int8,true,15.32,18.52,0.01,1
../../val2017/000000045070.jpg,1789050482546,200,,198.44,yolo26n_int8,true,7.37,15.35,0.01,1
../../val2017/000000027982.jpg,1789050482557,200,,464.36,yolo26m_fp16,true,18.02,87.28,0.01,2
../../val2017/000000046497.jpg,1789050482559,200,,198.58,yolo26n_int8,true,19.50,14.51,0.00,3
../../val2017/000000047585.jpg,1789050482573,200,,198.21,yolo26n_int8,true,19.57,12.46,0.01,7
../../val2017/000000050828.jpg,1789050482582,200,,186.08,yolo26n_int8,true,10.37,12.70,0.01,3
../../val2017/000000025181.jpg,1789050482582,200,,520.64,yolo26m_fp16,true,18.20,134.67,0.01,4
../../val2017/000000050638.jpg,1789050482597,200,,212.26,yolo26n_int8,true,18.12,24.92,0.01,1
../../val2017/000000050844.jpg,1789050482606,200,,194.31,yolo26n_int8,true,13.72,19.42,0.01,4
../../val2017/000000031620.jpg,1789050482610,200,,465.57,yolo26m_fp16,true,14.73,74.51,0.01,9
../../val2017/000000052462.jpg,1789050482618,200,,191.31,yolo26n_int8,true,14.34,15.09,0.01,2
../../val2017/000000053909.jpg,1789050482630,200,,189.32,yolo26n_int8,true,13.73,21.70,0.01,3
../../val2017/000000032817.jpg,1789050482636,200,,458.39,yolo26m_fp16,true,13.07,78.87,0.01,6
../../val2017/000000054967.jpg,1789050482641,200,,187.42,yolo26n_int8,true,15.15,13.01,0.01,12
../../val2017/000000055950.jpg,1789050482654,200,,190.34,yolo26n_int8,true,9.11,21.37,0.01,3
../../val2017/000000057672.jpg,1789050482666,200,,188.33,yolo26n_int8,true,18.09,10.78,0.01,9
../../val2017/000000033104.jpg,1789050482667,200,,456.28,yolo26m_fp16,true,18.25,76.32,0.01,5
../../val2017/000000057760.jpg,1789050482674,200,,182.28,yolo26n_int8,true,14.56,19.50,0.01,11
../../val2017/000000058384.jpg,1789050482688,200,,185.91,yolo26n_int8,true,15.73,12.47,0.01,2
../../val2017/000000035279.jpg,1789050482694,200,,453.86,yolo26m_fp16,true,16.82,77.60,0.01,13
../../val2017/000000060823.jpg,1789050482695,200,,183.63,yolo26n_int8,true,10.28,13.51,0.01,10
../../val2017/000000061108.jpg,1789050482707,200,,180.01,yolo26n_int8,true,13.77,14.61,0.01,2
../../val2017/000000038678.jpg,1789050482719,200,,451.53,yolo26m_fp16,true,14.75,76.65,0.01,9
../../val2017/000000061333.jpg,1789050482722,200,,187.30,yolo26n_int8,true,13.53,24.58,0.01,2
../../val2017/000000061418.jpg,1789050482734,200,,188.06,yolo26n_int8,true,14.10,17.29,0.01,9
../../val2017/000000041888.jpg,1789050482746,200,,444.55,yolo26m_fp16,true,15.48,71.94,0.01,4
../../val2017/000000062025.jpg,1789050482746,200,,187.45,yolo26n_int8,true,14.91,23.38,0.01,3
../../val2017/000000063047.jpg,1789050482756,200,,182.62,yolo26n_int8,true,14.39,11.47,0.01,4
../../val2017/000000063552.jpg,1789050482768,200,,185.89,yolo26n_int8,true,9.73,21.57,0.01,1
../../val2017/000000049269.jpg,1789050482775,200,,390.58,yolo26m_fp16,true,13.45,24.11,0.01,2
../../val2017/000000064499.jpg,1789050482776,200,,178.41,yolo26n_int8,true,15.61,8.92,0.01,1
../../val2017/000000051961.jpg,1789050482796,200,,378.01,yolo26m_fp16,true,14.43,20.65,0.00,1
../../val2017/000000064523.jpg,1789050482796,200,,189.58,yolo26n_int8,true,19.42,12.44,0.01,14
../../val2017/000000065350.jpg,1789050482803,200,,184.88,yolo26n_int8,true,18.91,13.88,0.01,6
../../val2017/000000066523.jpg,1789050482814,200,,172.63,yolo26n_int8,true,8.16,17.34,0.01,1
../../val2017/000000065455.jpg,1789050482830,200,,200.14,yolo26n_int8,true,16.95,28.35,0.01,7
../../val2017/000000042888.jpg,1789050482833,200,,505.50,yolo26m_fp16,true,20.09,126.44,0.01,0
../../val2017/000000066706.jpg,1789050482841,200,,186.48,yolo26n_int8,true,14.98,12.98,0.01,3
../../val2017/000000066841.jpg,1789050482852,200,,186.53,yolo26n_int8,true,16.11,21.86,0.01,0
../../val2017/000000045472.jpg,1789050482858,200,,502.16,yolo26m_fp16,true,14.72,125.81,0.01,15
../../val2017/000000067616.jpg,1789050482864,200,,189.63,yolo26n_int8,true,11.24,20.56,0.01,9
../../val2017/000000068093.jpg,1789050482878,200,,189.35,yolo26n_int8,true,15.64,11.78,0.01,4
../../val2017/000000054605.jpg,1789050482878,200,,437.30,yolo26m_fp16,true,22.09,63.84,0.01,16
../../val2017/000000068286.jpg,1789050482886,200,,191.95,yolo26n_int8,true,17.63,15.00,0.01,1
../../val2017/000000069138.jpg,1789050482897,200,,189.67,yolo26n_int8,true,13.91,19.10,0.01,2
../../val2017/000000070774.jpg,1789050482910,200,,186.77,yolo26n_int8,true,15.07,11.91,0.01,1
../../val2017/000000057150.jpg,1789050482910,200,,439.54,yolo26m_fp16,true,23.50,80.85,0.01,21
../../val2017/000000071451.jpg,1789050482926,200,,191.34,yolo26n_int8,true,19.92,13.36,0.01,1
../../val2017/000000058655.jpg,1789050482933,200,,430.18,yolo26m_fp16,true,20.31,59.89,0.01,6
../../val2017/000000074646.jpg,1789050482936,200,,189.14,yolo26n_int8,true,15.87,21.60,0.01,6
../../val2017/000000076416.jpg,1789050482950,200,,193.51,yolo26n_int8,true,14.07,16.14,0.01,2
../../val2017/000000060835.jpg,1789050482960,200,,432.36,yolo26m_fp16,true,15.17,69.82,0.02,3
../../val2017/000000076547.jpg,1789050482964,200,,196.08,yolo26n_int8,true,11.05,29.00,0.02,5
../../val2017/000000076625.jpg,1789050482976,200,,200.46,yolo26n_int8,true,17.85,12.88,0.01,7
../../val2017/000000061747.jpg,1789050482989,200,,431.19,yolo26m_fp16,true,18.77,66.08,0.01,2
../../val2017/000000077460.jpg,1789050482990,200,,193.19,yolo26n_int8,true,15.24,26.25,0.02,8
../../val2017/000000078426.jpg,1789050483005,200,,200.86,yolo26n_int8,true,21.08,25.17,0.01,1
../../val2017/000000064462.jpg,1789050483009,200,,426.54,yolo26m_fp16,true,16.45,70.56,0.01,2
../../val2017/000000078823.jpg,1789050483013,200,,198.82,yolo26n_int8,true,8.19,27.11,0.01,4
../../val2017/000000078959.jpg,1789050483027,200,,195.86,yolo26n_int8,true,13.65,24.43,0.01,0
../../val2017/000000064718.jpg,1789050483035,200,,424.09,yolo26m_fp16,true,17.36,66.92,0.01,3
../../val2017/000000079565.jpg,1789050483039,200,,197.89,yolo26n_int8,true,15.64,23.92,0.01,2
../../val2017/000000079588.jpg,1789050483051,200,,198.40,yolo26n_int8,true,14.46,13.47,0.01,5
../../val2017/000000080274.jpg,1789050483060,200,,196.06,yolo26n_int8,true,10.63,18.61,0.00,2
../../val2017/000000066038.jpg,1789050483068,200,,432.04,yolo26m_fp16,true,15.45,64.41,0.01,19
../../val2017/000000080949.jpg,1789050483076,200,,197.70,yolo26n_int8,true,14.74,21.53,0.01,2
../../val2017/000000081738.jpg,1789050483088,200,,201.96,yolo26n_int8,true,16.47,15.08,0.01,1
../../val2017/000000067310.jpg,1789050483089,200,,421.82,yolo26m_fp16,true,14.79,70.40,0.01,5
../../val2017/000000082807.jpg,1789050483101,200,,203.41,yolo26n_int8,true,15.44,19.64,0.01,2
../../val2017/000000082812.jpg,1789050483110,200,,200.36,yolo26n_int8,true,15.81,19.30,0.01,10
../../val2017/000000068833.jpg,1789050483118,200,,422.63,yolo26m_fp16,true,15.84,74.48,0.01,7
../../val2017/000000084664.jpg,1789050483123,200,,197.64,yolo26n_int8,true,16.85,12.18,0.01,4
../../val2017/000000085329.jpg,1789050483135,200,,198.77,yolo26n_int8,true,14.37,18.74,0.01,2
../../val2017/000000070048.jpg,1789050483145,200,,425.32,yolo26m_fp16,true,22.07,69.40,0.01,5
../../val2017/000000085823.jpg,1789050483146,200,,195.32,yolo26n_int8,true,12.66,10.70,0.01,3
../../val2017/000000087476.jpg,1789050483155,200,,190.34,yolo26n_int8,true,10.16,18.96,0.01,11
../../val2017/000000073153.jpg,1789050483170,200,,423.46,yolo26m_fp16,true,14.78,81.39,0.01,1
../../val2017/000000087742.jpg,1789050483170,200,,194.48,yolo26n_int8,true,16.44,18.24,0.01,1
../../val2017/000000088250.jpg,1789050483183,200,,192.61,yolo26n_int8,true,15.74,14.36,0.01,2
../../val2017/000000089045.jpg,1789050483195,200,,181.66,yolo26n_int8,true,11.48,11.35,0.01,2
../../val2017/000000076731.jpg,1789050483197,200,,420.80,yolo26m_fp16,true,13.94,80.12,0.01,0
../../val2017/000000088265.jpg,1789050483205,200,,199.97,yolo26n_int8,true,17.15,22.70,0.01,1
../../val2017/000000089880.jpg,1789050483217,200,,190.00,yolo26n_int8,true,14.58,21.06,0.01,3
../../val2017/000000078420.jpg,1789050483224,200,,427.09,yolo26m_fp16,true,15.52,75.54,0.01,3
../../val2017/000000090631.jpg,1789050483228,200,,187.61,yolo26n_int8,true,14.78,19.75,0.01,1
../../val2017/000000090956.jpg,1789050483240,200,,188.70,yolo26n_int8,true,12.48,18.94,0.01,1
../../val2017/000000079031.jpg,1789050483251,200,,417.40,yolo26m_fp16,true,14.47,73.78,0.01,2
../../val2017/000000091495.jpg,1789050483253,200,,192.43,yolo26n_int8,true,16.00,15.25,0.01,3
../../val2017/000000092660.jpg,1789050483259,200,,182.57,yolo26n_int8,true,9.13,17.26,0.01,1
../../val2017/000000094185.jpg,1789050483272,200,,182.07,yolo26n_int8,true,14.32,12.73,0.01,3
../../val2017/000000079837.jpg,1789050483279,200,,420.76,yolo26m_fp16,true,14.33,79.30,0.01,8
../../val2017/000000094336.jpg,1789050483282,200,,180.67,yolo26n_int8,true,16.02,17.31,0.01,3
../../val2017/000000094614.jpg,1789050483295,200,,184.56,yolo26n_int8,true,15.35,15.46,0.01,1
../../val2017/000000080932.jpg,1789050483305,200,,426.77,yolo26m_fp16,true,13.73,77.94,0.01,8
../../val2017/000000095899.jpg,1789050483306,200,,181.97,yolo26n_int8,true,16.10,14.47,0.01,1
../../val2017/000000096001.jpg,1789050483316,200,,180.86,yolo26n_int8,true,8.73,21.66,0.01,0
../../val2017/000000096549.jpg,1789050483330,200,,185.70,yolo26n_int8,true,12.52,25.82,0.01,1
../../val2017/000000083540.jpg,1789050483334,200,,423.65,yolo26m_fp16,true,18.91,74.66,0.01,2
../../val2017/000000097230.jpg,1789050483339,200,,184.47,yolo26n_int8,true,14.30,12.53,0.01,2
../../val2017/000000097585.jpg,1789050483352,200,,181.35,yolo26n_int8,true,13.73,12.43,0.01,3
../../val2017/000000085089.jpg,1789050483359,200,,425.05,yolo26m_fp16,true,14.72,76.74,0.01,8
../../val2017/000000097994.jpg,1789050483363,200,,179.97,yolo26n_int8,true,16.91,15.74,0.01,8
../../val2017/000000098287.jpg,1789050483373,200,,178.29,yolo26n_int8,true,9.26,17.26,0.01,8
../../val2017/000000087244.jpg,1789050483385,200,,423.68,yolo26m_fp16,true,14.65,80.93,0.01,2
../../val2017/000000098520.jpg,1789050483389,200,,184.40,yolo26n_int8,true,16.88,17.28,0.01,2
../../val2017/000000099182.jpg,1789050483400,200,,183.29,yolo26n_int8,true,16.37,20.30,0.01,2
../../val2017/000000087875.jpg,1789050483414,200,,423.09,yolo26m_fp16,true,12.62,73.62,0.01,1
../../val2017/000000100510.jpg,1789050483415,200,,186.71,yolo26n_int8,true,14.44,22.99,0.01,4
../../val2017/000000101068.jpg,1789050483425,200,,184.47,yolo26n_int8,true,14.29,18.70,0.01,2
../../val2017/000000103585.jpg,1789050483438,200,,182.99,yolo26n_int8,true,16.12,17.24,0.01,5
../../val2017/000000088432.jpg,1789050483438,200,,429.08,yolo26m_fp16,true,14.54,70.55,0.01,4
../../val2017/000000104424.jpg,1789050483451,200,,191.19,yolo26n_int8,true,8.64,24.73,0.01,2
../../val2017/000000105455.jpg,1789050483462,200,,188.94,yolo26n_int8,true,14.54,16.65,0.01,3
../../val2017/000000090155.jpg,1789050483467,200,,432.35,yolo26m_fp16,true,19.33,66.07,0.01,1
../../val2017/000000108440.jpg,1789050483477,200,,194.53,yolo26n_int8,true,13.51,27.46,0.01,1
../../val2017/000000092177.jpg,1789050483483,200,,414.45,yolo26m_fp16,true,16.11,66.41,0.01,2
../../val2017/000000108864.jpg,1789050483488,200,,193.11,yolo26n_int8,true,13.05,23.70,0.01,2
../../val2017/000000109798.jpg,1789050483506,200,,200.43,yolo26n_int8,true,16.55,22.80,0.01,3
../../val2017/000000093261.jpg,1789050483509,200,,420.48,yolo26m_fp16,true,15.25,71.92,0.01,4
../../val2017/000000110211.jpg,1789050483514,200,,197.95,yolo26n_int8,true,9.20,25.34,0.01,3
../../val2017/000000110784.jpg,1789050483528,200,,197.66,yolo26n_int8,true,17.33,14.26,0.01,3
../../val2017/000000094852.jpg,1789050483535,200,,416.86,yolo26m_fp16,true,13.91,62.19,0.01,2
../../val2017/000000112997.jpg,1789050483539,200,,198.88,yolo26n_int8,true,21.16,15.20,0.01,2
../../val2017/000000113235.jpg,1789050483554,200,,201.85,yolo26n_int8,true,14.49,12.72,0.01,4
../../val2017/000000096825.jpg,1789050483563,200,,416.85,yolo26m_fp16,true,16.65,54.60,0.01,3
../../val2017/000000113867.jpg,1789050483564,200,,200.97,yolo26n_int8,true,9.06,22.63,0.01,0
../../val2017/000000097278.jpg,1789050483581,200,,410.76,yolo26m_fp16,true,18.40,64.93,0.01,2
../../val2017/000000114770.jpg,1789050483582,200,,207.42,yolo26n_int8,true,14.62,18.07,0.01,1
../../val2017/000000117914.jpg,1789050483590,200,,200.01,yolo26n_int8,true,15.65,24.57,0.01,1
../../val2017/000000118209.jpg,1789050483606,200,,204.84,yolo26n_int8,true,13.99,16.05,0.01,2
../../val2017/000000098497.jpg,1789050483607,200,,409.92,yolo26m_fp16,true,20.87,56.02,0.01,0
../../val2017/000000118594.jpg,1789050483616,200,,201.40,yolo26n_int8,true,18.49,15.03,0.01,2
../../val2017/000000119233.jpg,1789050483627,200,,201.73,yolo26n_int8,true,12.76,19.00,0.01,3
../../val2017/000000099428.jpg,1789050483635,200,,411.17,yolo26m_fp16,true,23.03,55.11,0.01,3
../../val2017/000000119516.jpg,1789050483636,200,,197.74,yolo26n_int8,true,15.17,17.70,0.01,3
../../val2017/000000119677.jpg,1789050483649,200,,197.99,yolo26n_int8,true,14.17,12.93,0.01,3
../../val2017/000000119911.jpg,1789050483660,200,,197.72,yolo26n_int8,true,16.57,12.58,0.01,6
../../val2017/000000102331.jpg,1789050483663,200,,412.41,yolo26m_fp16,true,16.76,74.33,0.01,2
../../val2017/000000123213.jpg,1789050483672,200,,194.43,yolo26n_int8,true,15.73,16.25,0.01,9
../../val2017/000000123585.jpg,1789050483684,200,,195.37,yolo26n_int8,true,13.72,13.71,0.01,4
../../val2017/000000108253.jpg,1789050483692,200,,412.41,yolo26m_fp16,true,15.55,72.79,0.02,15
../../val2017/000000125062.jpg,1789050483701,200,,186.63,yolo26n_int8,true,14.78,11.52,0.01,7
../../val2017/000000124636.jpg,1789050483712,200,,205.93,yolo26n_int8,true,18.13,21.03,0.01,2
../../val2017/000000109916.jpg,1789050483713,200,,406.54,yolo26m_fp16,true,18.16,69.96,0.01,4
../../val2017/000000125257.jpg,1789050483723,200,,194.45,yolo26n_int8,true,15.42,18.13,0.01,2
../../val2017/000000125936.jpg,1789050483735,200,,200.08,yolo26n_int8,true,13.69,25.06,0.01,9
../../val2017/000000111951.jpg,1789050483740,200,,405.50,yolo26m_fp16,true,19.77,66.13,0.01,5
../../val2017/000000128699.jpg,1789050483750,200,,185.19,yolo26n_int8,true,16.13,10.53,0.01,5
../../val2017/000000127135.jpg,1789050483763,200,,206.49,yolo26n_int8,true,17.23,21.63,0.01,1
../../val2017/000000113589.jpg,1789050483769,200,,410.36,yolo26m_fp16,true,17.43,72.05,0.01,7
../../val2017/000000129135.jpg,1789050483773,200,,191.03,yolo26n_int8,true,20.62,10.52,0.01,2
../../val2017/000000130579.jpg,1789050483786,200,,195.80,yolo26n_int8,true,15.16,21.93,0.01,2
../../val2017/000000130826.jpg,1789050483794,200,,188.38,yolo26n_int8,true,13.79,17.65,0.01,6
../../val2017/000000116206.jpg,1789050483795,200,,409.91,yolo26m_fp16,true,15.02,71.82,0.01,2
../../val2017/000000131938.jpg,1789050483808,200,,191.40,yolo26n_int8,true,13.37,10.73,0.01,2
../../val2017/000000132622.jpg,1789050483822,200,,194.49,yolo26n_int8,true,15.14,14.30,0.01,1
../../val2017/000000118405.jpg,1789050483827,200,,412.77,yolo26m_fp16,true,15.29,78.55,0.01,1
../../val2017/000000133000.jpg,1789050483829,200,,192.86,yolo26n_int8,true,14.17,16.74,0.01,2
../../val2017/000000133233.jpg,1789050483841,200,,191.80,yolo26n_int8,true,13.38,19.61,0.01,0
../../val2017/000000119641.jpg,1789050483851,200,,413.08,yolo26m_fp16,true,13.35,81.58,0.01,20
../../val2017/000000133343.jpg,1789050483853,200,,193.20,yolo26n_int8,true,17.51,14.76,0.01,2
../../val2017/000000133969.jpg,1789050483865,200,,193.38,yolo26n_int8,true,14.13,13.74,0.01,11
../../val2017/000000120584.jpg,1789050483877,200,,409.39,yolo26m_fp16,true,13.50,79.14,0.01,1
../../val2017/000000134096.jpg,1789050483880,200,,195.90,yolo26n_int8,true,17.02,17.74,0.01,1
../../val2017/000000134856.jpg,1789050483892,200,,190.55,yolo26n_int8,true,17.15,21.80,0.01,2
../../val2017/000000134886.jpg,1789050483902,200,,189.81,yolo26n_int8,true,13.18,21.15,0.01,4
../../val2017/000000123480.jpg,1789050483905,200,,421.89,yolo26m_fp16,true,16.89,75.90,0.01,5
../../val2017/000000137106.jpg,1789050483917,200,,193.94,yolo26n_int8,true,14.42,28.56,0.01,1
../../val2017/000000137294.jpg,1789050483928,200,,191.76,yolo26n_int8,true,16.09,16.13,0.01,1
../../val2017/000000124798.jpg,1789050483930,200,,420.23,yolo26m_fp16,true,15.74,66.37,0.01,17
../../val2017/000000139077.jpg,1789050483938,200,,174.66,yolo26n_int8,true,13.42,10.57,0.01,2
../../val2017/000000138856.jpg,1789050483951,200,,200.90,yolo26n_int8,true,14.41,24.48,0.01,2
../../val2017/000000126107.jpg,1789050483957,200,,418.55,yolo26m_fp16,true,15.68,74.48,0.01,8
../../val2017/000000140203.jpg,1789050483962,200,,188.24,yolo26n_int8,true,13.44,17.55,0.01,3
../../val2017/000000140270.jpg,1789050483974,200,,187.94,yolo26n_int8,true,15.92,13.32,0.01,2
../../val2017/000000140556.jpg,1789050483983,200,,188.87,yolo26n_int8,true,15.73,12.43,0.01,4
../../val2017/000000128051.jpg,1789050483984,200,,420.58,yolo26m_fp16,true,12.32,78.35,0.01,5
../../val2017/000000143068.jpg,1789050483996,200,,169.05,yolo26n_int8,true,12.33,13.71,0.01,5
../../val2017/000000141328.jpg,1789050484008,200,,200.07,yolo26n_int8,true,14.34,25.06,0.01,4
../../val2017/000000132931.jpg,1789050484012,200,,375.24,yolo26m_fp16,true,12.08,25.44,0.01,3
../../val2017/000000143961.jpg,1789050484021,200,,192.34,yolo26n_int8,true,14.34,15.32,0.01,10
../../val2017/000000144003.jpg,1789050484031,200,,189.99,yolo26n_int8,true,15.22,21.25,0.01,7
../../val2017/000000131379.jpg,1789050484037,200,,429.82,yolo26m_fp16,true,13.90,78.51,0.01,2
../../val2017/000000144798.jpg,1789050484042,200,,188.57,yolo26n_int8,true,15.45,14.23,0.01,1
../../val2017/000000145620.jpg,1789050484054,200,,188.05,yolo26n_int8,true,15.03,12.35,0.01,4
../../val2017/000000130386.jpg,1789050484064,200,,482.61,yolo26m_fp16,true,14.30,134.24,0.01,12
../../val2017/000000146457.jpg,1789050484069,200,,188.21,yolo26n_int8,true,14.55,18.43,0.01,11
../../val2017/000000146489.jpg,1789050484079,200,,186.25,yolo26n_int8,true,13.90,17.64,0.01,4
../../val2017/000000133645.jpg,1789050484092,200,,428.57,yolo26m_fp16,true,13.74,76.51,0.01,5
../../val2017/000000146498.jpg,1789050484094,200,,191.28,yolo26n_int8,true,14.44,16.76,0.01,0
../../val2017/000000147415.jpg,1789050484105,200,,187.37,yolo26n_int8,true,13.61,26.43,0.01,3
../../val2017/000000134112.jpg,1789050484115,200,,423.34,yolo26m_fp16,true,20.43,70.61,0.01,3
../../val2017/000000148730.jpg,1789050484118,200,,188.29,yolo26n_int8,true,15.37,21.12,0.01,0
../../val2017/000000150224.jpg,1789050484129,200,,190.92,yolo26n_int8,true,16.21,24.13,0.01,8
../../val2017/000000135561.jpg,1789050484137,200,,424.48,yolo26m_fp16,true,15.48,68.95,0.01,7
../../val2017/000000150417.jpg,1789050484143,200,,192.38,yolo26n_int8,true,15.81,15.21,0.01,8
../../val2017/000000151480.jpg,1789050484160,200,,197.94,yolo26n_int8,true,15.58,18.65,0.01,7
../../val2017/000000138492.jpg,1789050484162,200,,422.14,yolo26m_fp16,true,17.54,61.18,0.01,2
../../val2017/000000151657.jpg,1789050484166,200,,190.52,yolo26n_int8,true,14.75,14.74,0.01,3
../../val2017/000000151662.jpg,1789050484178,200,,194.68,yolo26n_int8,true,14.94,15.13,0.01,1
../../val2017/000000151962.jpg,1789050484194,200,,197.44,yolo26n_int8,true,13.91,14.08,0.01,2
../../val2017/000000140076.jpg,1789050484194,200,,424.07,yolo26m_fp16,true,19.79,66.43,0.01,17
../../val2017/000000140840.jpg,1789050484208,200,,412.49,yolo26m_fp16,true,14.97,64.67,0.01,13
../../val2017/000000152740.jpg,1789050484209,200,,187.31,yolo26n_int8,true,14.46,11.91,0.01,14
../../val2017/000000152214.jpg,1789050484218,200,,209.86,yolo26n_int8,true,22.59,19.51,0.01,2
../../val2017/000000152870.jpg,1789050484232,200,,200.06,yolo26n_int8,true,15.12,18.57,0.01,2
../../val2017/000000142092.jpg,1789050484241,200,,415.71,yolo26m_fp16,true,17.80,63.39,0.01,3
../../val2017/000000153632.jpg,1789050484241,200,,199.07,yolo26n_int8,true,13.54,24.17,0.01,3
../../val2017/000000154087.jpg,1789050484254,200,,199.50,yolo26n_int8,true,13.61,18.42,0.01,4
../../val2017/000000144784.jpg,1789050484265,200,,413.43,yolo26m_fp16,true,25.73,63.75,0.01,1
../../val2017/000000154705.jpg,1789050484269,200,,199.80,yolo26n_int8,true,13.58,24.26,0.01,5
../../val2017/000000155145.jpg,1789050484281,200,,202.31,yolo26n_int8,true,14.63,18.68,0.01,5
../../val2017/000000146358.jpg,1789050484291,200,,414.19,yolo26m_fp16,true,17.11,68.92,0.01,17
../../val2017/000000155443.jpg,1789050484292,200,,198.58,yolo26n_int8,true,16.30,18.71,0.01,2
../../val2017/000000156071.jpg,1789050484302,200,,196.97,yolo26n_int8,true,13.54,13.03,0.01,8
../../val2017/000000146667.jpg,1789050484318,200,,412.03,yolo26m_fp16,true,14.08,78.75,0.01,21
../../val2017/000000157365.jpg,1789050484318,200,,199.52,yolo26n_int8,true,15.52,19.47,0.01,5
../../val2017/000000158744.jpg,1789050484332,200,,188.65,yolo26n_int8,true,13.86,11.12,0.01,3
../../val2017/000000147498.jpg,1789050484342,200,,413.95,yolo26m_fp16,true,16.76,68.34,0.01,6
../../val2017/000000157756.jpg,1789050484342,200,,213.19,yolo26n_int8,true,9.77,38.53,0.01,7
../../val2017/000000159977.jpg,1789050484357,200,,194.47,yolo26n_int8,true,14.86,18.94,0.01,2
../../val2017/000000161799.jpg,1789050484368,200,,200.18,yolo26n_int8,true,17.65,16.14,0.01,3
../../val2017/000000151051.jpg,1789050484369,200,,411.10,yolo26m_fp16,true,20.49,66.16,0.01,2
../../val2017/000000161820.jpg,1789050484379,200,,200.76,yolo26n_int8,true,15.38,17.02,0.01,1
../../val2017/000000162366.jpg,1789050484392,200,,197.90,yolo26n_int8,true,15.48,20.45,0.01,0
../../val2017/000000151820.jpg,1789050484396,200,,411.57,yolo26m_fp16,true,15.26,68.49,0.01,27
../../val2017/000000163562.jpg,1789050484403,200,,193.25,yolo26n_int8,true,15.15,19.53,0.01,2
../../val2017/000000163611.jpg,1789050484415,200,,196.12,yolo26n_int8,true,10.56,16.66,0.01,3
../../val2017/000000152465.jpg,1789050484419,200,,406.88,yolo26m_fp16,true,15.57,64.17,0.01,1
../../val2017/000000163682.jpg,1789050484431,200,,197.06,yolo26n_int8,true,15.23,16.60,0.01,3
../../val2017/000000164115.jpg,1789050484447,200,,205.36,yolo26n_int8,true,18.42,8.66,0.01,1
../../val2017/000000153299.jpg,1789050484448,200,,410.03,yolo26m_fp16,true,18.94,61.48,0.01,2
../../val2017/000000166426.jpg,1789050484457,200,,202.46,yolo26n_int8,true,17.28,18.91,0.01,9
../../val2017/000000154358.jpg,1789050484468,200,,403.49,yolo26m_fp16,true,14.50,67.08,0.01,14
../../val2017/000000166918.jpg,1789050484471,200,,201.04,yolo26n_int8,true,15.71,16.08,0.01,14
../../val2017/000000169169.jpg,1789050484483,200,,201.99,yolo26n_int8,true,17.16,15.21,0.01,14
../../val2017/000000170099.jpg,1789050484493,200,,200.56,yolo26n_int8,true,19.61,13.74,0.01,4
../../val2017/000000155154.jpg,1789050484496,200,,403.36,yolo26m_fp16,true,19.11,69.50,0.01,1
../../val2017/000000170595.jpg,1789050484502,200,,199.68,yolo26n_int8,true,12.31,21.99,0.01,1
../../val2017/000000156292.jpg,1789050484520,200,,404.44,yolo26m_fp16,true,21.84,57.01,0.01,8
../../val2017/000000171740.jpg,1789050484526,200,,207.97,yolo26n_int8,true,17.68,12.16,0.01,3
../../val2017/000000172877.jpg,1789050484532,200,,199.54,yolo26n_int8,true,18.90,20.32,0.01,4
../../val2017/000000173371.jpg,1789050484544,200,,201.70,yolo26n_int8,true,15.45,12.55,0.01,10
../../val2017/000000158548.jpg,1789050484549,200,,411.06,yolo26m_fp16,true,17.35,58.13,0.01,4
../../val2017/000000173799.jpg,1789050484553,200,,195.59,yolo26n_int8,true,15.71,11.50,0.01,14
../../val2017/000000174482.jpg,1789050484565,200,,197.07,yolo26n_int8,true,11.09,12.18,0.01,7
../../val2017/000000159791.jpg,1789050484573,200,,413.47,yolo26m_fp16,true,21.22,66.13,0.01,6
../../val2017/000000175535.jpg,1789050484579,200,,198.93,yolo26n_int8,true,15.09,15.83,0.02,4
../../val2017/000000176901.jpg,1789050484589,200,,185.20,yolo26n_int8,true,14.22,11.31,0.01,3
../../val2017/000000162035.jpg,1789050484598,200,,403.63,yolo26m_fp16,true,17.50,67.28,0.01,5
../../val2017/000000176037.jpg,1789050484602,200,,208.95,yolo26n_int8,true,20.50,13.29,0.01,3
../../val2017/000000177015.jpg,1789050484612,200,,196.99,yolo26n_int8,true,9.37,18.58,0.01,4
../../val2017/000000177213.jpg,1789050484626,200,,195.33,yolo26n_int8,true,14.17,18.66,0.01,6
../../val2017/000000163290.jpg,1789050484627,200,,418.90,yolo26m_fp16,true,15.27,72.45,0.01,3
../../val2017/000000178469.jpg,1789050484638,200,,190.59,yolo26n_int8,true,16.22,12.89,0.01,2
../../val2017/000000179214.jpg,1789050484650,200,,192.78,yolo26n_int8,true,19.58,11.67,0.01,1
../../val2017/000000165351.jpg,1789050484651,200,,409.08,yolo26m_fp16,true,17.48,69.32,0.01,1
../../val2017/000000180798.jpg,1789050484661,200,,188.25,yolo26n_int8,true,15.66,21.06,0.01,1
../../val2017/000000181796.jpg,1789050484671,200,,187.08,yolo26n_int8,true,9.64,20.99,0.01,4
../../val2017/000000166563.jpg,1789050484679,200,,413.55,yolo26m_fp16,true,19.32,69.61,0.01,1
../../val2017/000000181859.jpg,1789050484684,200,,190.27,yolo26n_int8,true,14.59,18.87,0.01,2
../../val2017/000000183127.jpg,1789050484700,200,,197.59,yolo26n_int8,true,16.61,17.53,0.01,2
../../val2017/000000169996.jpg,1789050484701,200,,409.33,yolo26m_fp16,true,14.28,73.46,0.01,11
../../val2017/000000184611.jpg,1789050484710,200,,183.91,yolo26n_int8,true,15.16,18.46,0.01,16
../../val2017/000000184762.jpg,1789050484726,200,,193.17,yolo26n_int8,true,16.47,23.89,0.01,0
../../val2017/000000172083.jpg,1789050484729,200,,410.14,yolo26m_fp16,true,15.14,72.12,0.01,3
../../val2017/000000185473.jpg,1789050484734,200,,189.66,yolo26n_int8,true,7.27,31.07,0.01,7
../../val2017/000000186449.jpg,1789050484750,200,,198.15,yolo26n_int8,true,15.18,15.38,0.01,6
../../val2017/000000172935.jpg,1789050484752,200,,410.24,yolo26m_fp16,true,15.46,75.61,0.01,3
../../val2017/000000187243.jpg,1789050484763,200,,197.36,yolo26n_int8,true,13.36,25.38,0.01,2
../../val2017/000000175251.jpg,1789050484775,200,,405.97,yolo26m_fp16,true,15.39,63.72,0.01,2
../../val2017/000000191614.jpg,1789050484776,200,,196.97,yolo26n_int8,true,20.70,9.64,0.01,3
../../val2017/000000191672.jpg,1789050484788,200,,199.24,yolo26n_int8,true,19.16,20.03,0.01,1
../../val2017/000000176606.jpg,1789050484801,200,,404.89,yolo26m_fp16,true,17.80,58.54,0.01,3
../../val2017/000000191761.jpg,1789050484802,200,,204.23,yolo26n_int8,true,24.74,13.52,0.01,2
../../val2017/000000192904.jpg,1789050484814,200,,201.59,yolo26n_int8,true,11.46,27.93,0.01,4
../../val2017/000000177065.jpg,1789050484828,200,,408.77,yolo26m_fp16,true,18.88,50.79,0.01,12
../../val2017/000000193181.jpg,1789050484829,200,,201.97,yolo26n_int8,true,13.50,20.89,0.01,4
../../val2017/000000194216.jpg,1789050484838,200,,199.31,yolo26n_int8,true,17.15,19.36,0.01,4
../../val2017/000000194471.jpg,1789050484849,200,,199.07,yolo26n_int8,true,14.70,21.78,0.01,2
../../val2017/000000179141.jpg,1789050484856,200,,408.21,yolo26m_fp16,true,16.18,65.57,0.01,8
../../val2017/000000194940.jpg,1789050484860,200,,198.23,yolo26n_int8,true,12.63,21.64,0.01,7
../../val2017/000000195045.jpg,1789050484874,200,,202.73,yolo26n_int8,true,14.11,12.83,0.01,1
../../val2017/000000196843.jpg,1789050484884,200,,200.27,yolo26n_int8,true,15.42,12.06,0.01,4
../../val2017/000000184400.jpg,1789050484887,200,,366.68,yolo26m_fp16,true,13.80,26.68,0.01,3
../../val2017/000000197022.jpg,1789050484898,200,,197.14,yolo26n_int8,true,13.71,13.48,0.01,2
../../val2017/000000182441.jpg,1789050484910,200,,414.49,yolo26m_fp16,true,12.85,77.85,0.01,10
../../val2017/000000198805.jpg,1789050484914,200,,202.71,yolo26n_int8,true,12.64,18.29,0.01,3
../../val2017/000000198928.jpg,1789050484924,200,,197.75,yolo26n_int8,true,15.89,21.93,0.01,2
../../val2017/000000199442.jpg,1789050484935,200,,201.48,yolo26n_int8,true,11.57,23.01,0.01,2
../../val2017/000000180560.jpg,1789050484935,200,,466.24,yolo26m_fp16,true,13.34,131.22,0.01,4
../../val2017/000000201775.jpg,1789050484950,200,,199.51,yolo26n_int8,true,15.82,24.48,0.01,3
../../val2017/000000203389.jpg,1789050484961,200,,198.36,yolo26n_int8,true,16.95,17.27,0.01,9
../../val2017/000000186873.jpg,1789050484965,200,,411.76,yolo26m_fp16,true,17.85,73.87,0.01,10
../../val2017/000000203580.jpg,1789050484974,200,,197.88,yolo26n_int8,true,14.75,16.17,0.01,2
../../val2017/000000204186.jpg,1789050484983,200,,195.04,yolo26n_int8,true,13.78,12.64,0.01,5
../../val2017/000000190637.jpg,1789050484990,200,,416.45,yolo26m_fp16,true,12.80,78.27,0.01,5
../../val2017/000000205776.jpg,1789050484993,200,,191.03,yolo26n_int8,true,11.28,17.85,0.01,1
../../val2017/000000208423.jpg,1789050485006,200,,191.49,yolo26n_int8,true,15.14,16.74,0.01,9
../../val2017/000000209142.jpg,1789050485018,200,,188.51,yolo26n_int8,true,15.25,14.26,0.00,5
../../val2017/000000192191.jpg,1789050485021,200,,419.21,yolo26m_fp16,true,14.99,74.65,0.01,2
../../val2017/000000209753.jpg,1789050485029,200,,190.91,yolo26n_int8,true,14.45,18.14,0.01,1
../../val2017/000000210030.jpg,1789050485042,200,,192.66,yolo26n_int8,true,16.63,18.36,0.01,3
../../val2017/000000192964.jpg,1789050485043,200,,416.31,yolo26m_fp16,true,13.35,80.89,0.01,2
../../val2017/000000210520.jpg,1789050485053,200,,192.19,yolo26n_int8,true,11.05,11.02,0.01,9
../../val2017/000000211069.jpg,1789050485064,200,,190.41,yolo26n_int8,true,12.79,15.61,0.01,2
../../val2017/000000194506.jpg,1789050485074,200,,423.08,yolo26m_fp16,true,14.68,67.13,0.01,2
../../val2017/000000211674.jpg,1789050485074,200,,189.89,yolo26n_int8,true,16.85,12.05,0.01,6
../../val2017/000000213171.jpg,1789050485086,200,,188.21,yolo26n_int8,true,16.81,12.43,0.01,2
../../val2017/000000215072.jpg,1789050485098,200,,184.03,yolo26n_int8,true,16.95,17.27,0.01,5
../../val2017/000000196442.jpg,1789050485100,200,,420.92,yolo26m_fp16,true,14.21,79.80,0.01,11
../../val2017/000000215644.jpg,1789050485108,200,,184.53,yolo26n_int8,true,13.69,15.61,0.01,1
../../val2017/000000215723.jpg,1789050485120,200,,185.26,yolo26n_int8,true,12.10,18.97,0.01,5
../../val2017/000000219485.jpg,1789050485128,200,,178.55,yolo26n_int8,true,14.92,12.89,0.01,1
../../val2017/000000197528.jpg,1789050485132,200,,430.68,yolo26m_fp16,true,14.88,79.23,0.01,1
../../val2017/000000219578.jpg,1789050485142,200,,180.85,yolo26n_int8,true,15.48,10.30,0.01,2
../../val2017/000000221155.jpg,1789050485151,200,,176.67,yolo26n_int8,true,8.45,19.50,0.01,2
../../val2017/000000201426.jpg,1789050485159,200,,424.93,yolo26m_fp16,true,15.23,80.65,0.01,7
../../val2017/000000222455.jpg,1789050485161,200,,175.67,yolo26n_int8,true,14.82,10.30,0.00,0
../../val2017/000000207538.jpg,1789050485182,200,,380.06,yolo26m_fp16,true,15.83,20.39,0.01,1
../../val2017/000000223182.jpg,1789050485183,200,,189.16,yolo26n_int8,true,16.44,12.63,0.01,8
../../val2017/000000223188.jpg,1789050485189,200,,182.88,yolo26n_int8,true,15.71,16.06,0.01,2
../../val2017/000000223789.jpg,1789050485199,200,,181.49,yolo26n_int8,true,14.55,25.46,0.01,1
../../val2017/000000224051.jpg,1789050485212,200,,182.64,yolo26n_int8,true,12.24,24.01,0.01,3
../../val2017/000000203546.jpg,1789050485215,200,,439.32,yolo26m_fp16,true,16.44,77.16,0.01,1
../../val2017/000000224222.jpg,1789050485224,200,,180.70,yolo26n_int8,true,13.51,12.30,0.01,4
../../val2017/000000224807.jpg,1789050485237,200,,184.45,yolo26n_int8,true,12.63,19.50,0.01,14
../../val2017/000000202001.jpg,1789050485239,200,,486.12,yolo26m_fp16,true,15.54,133.34,0.01,4
../../val2017/000000225670.jpg,1789050485248,200,,182.79,yolo26n_int8,true,15.39,20.34,0.01,4
../../val2017/000000226408.jpg,1789050485259,200,,180.27,yolo26n_int8,true,11.14,23.73,0.01,1
../../val2017/000000226417.jpg,1789050485268,200,,180.44,yolo26n_int8,true,14.30,17.18,0.01,15
../../val2017/000000208901.jpg,1789050485270,200,,441.75,yolo26m_fp16,true,13.41,79.37,0.01,1
../../val2017/000000226592.jpg,1789050485281,200,,181.42,yolo26n_int8,true,13.63,14.12,0.01,2
../../val2017/000000227985.jpg,1789050485293,200,,184.05,yolo26n_int8,true,15.07,13.81,0.01,4
../../val2017/000000214720.jpg,1789050485297,200,,385.70,yolo26m_fp16,true,15.34,25.74,0.01,10
../../val2017/000000229216.jpg,1789050485301,200,,180.65,yolo26n_int8,true,13.94,15.82,0.01,3
../../val2017/000000229747.jpg,1789050485313,200,,184.65,yolo26n_int8,true,9.14,21.17,0.01,1
../../val2017/000000230362.jpg,1789050485324,200,,181.86,yolo26n_int8,true,14.64,12.79,0.01,3
../../val2017/000000212166.jpg,1789050485325,200,,437.70,yolo26m_fp16,true,14.44,78.82,0.01,2
../../val2017/000000231169.jpg,1789050485336,200,,184.92,yolo26n_int8,true,13.62,13.17,0.01,1
../../val2017/000000231508.jpg,1789050485348,200,,188.40,yolo26n_int8,true,18.15,15.11,0.01,9
../../val2017/000000210032.jpg,1789050485352,200,,495.67,yolo26m_fp16,true,15.87,140.29,0.01,12
../../val2017/000000231822.jpg,1789050485354,200,,171.70,yolo26n_int8,true,15.21,15.51,0.01,5
../../val2017/000000232244.jpg,1789050485364,200,,174.84,yolo26n_int8,true,10.39,19.66,0.01,2
../../val2017/000000217400.jpg,1789050485380,200,,444.74,yolo26m_fp16,true,16.29,71.70,0.01,1
../../val2017/000000235064.jpg,1789050485391,200,,191.09,yolo26n_int8,true,17.03,9.04,0.01,1
../../val2017/000000235778.jpg,1789050485394,200,,181.40,yolo26n_int8,true,17.83,15.51,0.01,2
../../val2017/000000220310.jpg,1789050485401,200,,435.65,yolo26m_fp16,true,17.41,77.33,0.01,3
../../val2017/000000236690.jpg,1789050485412,200,,188.37,yolo26n_int8,true,15.69,21.41,0.01,1
../../val2017/000000238039.jpg,1789050485419,200,,180.45,yolo26n_int8,true,22.55,13.15,0.01,1
../../val2017/000000223090.jpg,1789050485429,200,,438.36,yolo26m_fp16,true,12.72,73.11,0.01,5
../../val2017/000000238410.jpg,1789050485431,200,,183.08,yolo26n_int8,true,18.66,15.20,0.01,7
../../val2017/000000239041.jpg,1789050485444,200,,184.59,yolo26n_int8,true,15.24,21.52,0.01,5
../../val2017/000000223959.jpg,1789050485452,200,,430.23,yolo26m_fp16,true,25.59,55.02,0.01,2
../../val2017/000000239537.jpg,1789050485455,200,,187.28,yolo26n_int8,true,18.37,11.27,0.01,3
../../val2017/000000224119.jpg,1789050485475,200,,432.83,yolo26m_fp16,true,15.68,63.27,0.01,9
../../val2017/000000240250.jpg,1789050485475,200,,193.88,yolo26n_int8,true,18.04,11.65,0.01,11
../../val2017/000000241297.jpg,1789050485485,200,,192.39,yolo26n_int8,true,17.56,19.26,0.01,1
../../val2017/000000226171.jpg,1789050485502,200,,428.12,yolo26m_fp16,true,17.60,59.36,0.01,5
../../val2017/000000243989.jpg,1789050485502,200,,200.78,yolo26n_int8,true,19.02,19.87,0.02,6
../../val2017/000000244019.jpg,1789050485519,200,,205.04,yolo26n_int8,true,15.93,29.65,0.01,1
../../val2017/000000245026.jpg,1789050485530,200,,205.03,yolo26n_int8,true,16.26,18.51,0.01,4
../../val2017/000000227686.jpg,1789050485530,200,,429.86,yolo26m_fp16,true,20.69,52.16,0.01,2
../../val2017/000000245173.jpg,1789050485538,200,,201.29,yolo26n_int8,true,16.63,20.24,0.01,1
../../val2017/000000229948.jpg,1789050485551,200,,418.47,yolo26m_fp16,true,16.21,64.55,0.01,15
../../val2017/000000245311.jpg,1789050485554,200,,205.82,yolo26n_int8,true,18.38,14.00,0.01,13
../../val2017/000000246522.jpg,1789050485566,200,,212.00,yolo26n_int8,true,16.13,17.43,0.01,1
../../val2017/000000231580.jpg,1789050485576,200,,415.13,yolo26m_fp16,true,15.00,69.35,0.01,11
../../val2017/000000247917.jpg,1789050485577,200,,212.80,yolo26n_int8,true,16.67,13.86,0.01,13
../../val2017/000000248112.jpg,1789050485584,200,,193.39,yolo26n_int8,true,17.19,15.77,0.01,4
../../val2017/000000232088.jpg,1789050485600,200,,417.43,yolo26m_fp16,true,15.51,66.89,0.01,4
../../val2017/000000248334.jpg,1789050485604,200,,209.68,yolo26n_int8,true,14.79,17.93,0.01,5
../../val2017/000000250282.jpg,1789050485612,200,,199.29,yolo26n_int8,true,14.52,22.89,0.01,8
../../val2017/000000250619.jpg,1789050485625,200,,204.98,yolo26n_int8,true,14.83,19.50,0.01,1
../../val2017/000000236426.jpg,1789050485628,200,,412.85,yolo26m_fp16,true,17.60,71.02,0.01,17
../../val2017/000000251119.jpg,1789050485631,200,,200.09,yolo26n_int8,true,15.53,19.12,0.01,0
../../val2017/000000251572.jpg,1789050485650,200,,205.93,yolo26n_int8,true,18.86,12.21,0.01,2
../../val2017/000000237864.jpg,1789050485651,200,,413.17,yolo26m_fp16,true,15.00,71.86,0.01,2
../../val2017/000000253742.jpg,1789050485659,200,,204.06,yolo26n_int8,true,16.29,14.40,0.01,19
../../val2017/000000256868.jpg,1789050485668,200,,192.78,yolo26n_int8,true,12.39,16.15,0.01,6
../../val2017/000000239857.jpg,1789050485679,200,,408.59,yolo26m_fp16,true,18.60,69.76,0.01,18
../../val2017/000000257169.jpg,1789050485682,200,,196.79,yolo26n_int8,true,15.08,21.47,0.01,1
../../val2017/000000259597.jpg,1789050485694,200,,191.59,yolo26n_int8,true,13.70,18.97,0.01,10
../../val2017/000000243344.jpg,1789050485706,200,,408.74,yolo26m_fp16,true,12.99,72.07,0.01,2
../../val2017/000000260657.jpg,1789050485711,200,,191.84,yolo26n_int8,true,15.65,22.80,0.01,0
../../val2017/000000260925.jpg,1789050485721,200,,190.68,yolo26n_int8,true,15.36,21.89,0.01,2
../../val2017/000000244496.jpg,1789050485726,200,,401.65,yolo26m_fp16,true,17.77,67.75,0.01,2
../../val2017/000000261097.jpg,1789050485730,200,,191.81,yolo26n_int8,true,17.66,17.15,0.01,3
../../val2017/000000263463.jpg,1789050485744,200,,189.59,yolo26n_int8,true,21.79,12.54,0.01,0
../../val2017/000000263474.jpg,1789050485755,200,,185.31,yolo26n_int8,true,17.81,14.08,0.01,1
../../val2017/000000248752.jpg,1789050485756,200,,354.47,yolo26m_fp16,true,15.52,26.52,0.01,2
../../val2017/000000264535.jpg,1789050485766,200,,189.23,yolo26n_int8,true,14.75,10.24,0.01,4
../../val2017/000000266206.jpg,1789050485778,200,,193.49,yolo26n_int8,true,18.37,15.99,0.01,0
../../val2017/000000248111.jpg,1789050485783,200,,402.84,yolo26m_fp16,true,15.32,77.11,0.01,6
../../val2017/000000267300.jpg,1789050485789,200,,185.65,yolo26n_int8,true,15.71,14.00,0.01,2
../../val2017/000000267537.jpg,1789050485805,200,,192.47,yolo26n_int8,true,14.41,13.11,0.01,6
../../val2017/000000255912.jpg,1789050485812,200,,350.14,yolo26m_fp16,true,13.80,26.12,0.01,7
../../val2017/000000267670.jpg,1789050485813,200,,188.72,yolo26n_int8,true,15.54,21.54,0.01,1
../../val2017/000000270244.jpg,1789050485824,200,,192.82,yolo26n_int8,true,15.29,13.25,0.01,1
../../val2017/000000250901.jpg,1789050485835,200,,406.15,yolo26m_fp16,true,13.32,77.10,0.01,6
../../val2017/000000271997.jpg,1789050485848,200,,187.53,yolo26n_int8,true,17.56,12.49,0.01,2
../../val2017/000000246308.jpg,1789050485860,200,,507.09,yolo26m_fp16,true,15.10,175.77,0.01,6
../../val2017/000000270677.jpg,1789050485863,200,,211.82,yolo26n_int8,true,16.21,23.64,0.01,2
../../val2017/000000272364.jpg,1789050485874,200,,205.32,yolo26n_int8,true,17.48,24.25,0.01,2
../../val2017/000000273711.jpg,1789050485888,200,,205.41,yolo26n_int8,true,14.18,32.77,0.01,9
../../val2017/000000256518.jpg,1789050485891,200,,415.14,yolo26m_fp16,true,14.36,77.47,0.01,11
../../val2017/000000273715.jpg,1789050485897,200,,201.69,yolo26n_int8,true,16.31,20.60,0.01,5
../../val2017/000000258911.jpg,1789050485913,200,,410.27,yolo26m_fp16,true,21.40,64.70,0.01,9
../../val2017/000000276285.jpg,1789050485913,200,,201.98,yolo26n_int8,true,13.80,20.38,0.01,9
../../val2017/000000276720.jpg,1789050485922,200,,200.76,yolo26n_int8,true,17.90,15.97,0.01,4
../../val2017/000000278006.jpg,1789050485938,200,,207.63,yolo26n_int8,true,12.78,23.80,0.01,0
../../val2017/000000261061.jpg,1789050485941,200,,410.26,yolo26m_fp16,true,15.81,80.12,0.01,2
../../val2017/000000278848.jpg,1789050485948,200,,203.20,yolo26n_int8,true,14.50,21.51,0.01,8
../../val2017/000000280891.jpg,1789050485959,200,,203.75,yolo26n_int8,true,14.63,14.69,0.01,7
../../val2017/000000262487.jpg,1789050485966,200,,414.91,yolo26m_fp16,true,15.97,68.15,0.01,4
../../val2017/000000281754.jpg,1789050485972,200,,205.65,yolo26n_int8,true,15.98,14.70,0.01,3
../../val2017/000000282046.jpg,1789050485983,200,,204.70,yolo26n_int8,true,15.23,19.22,0.01,1
../../val2017/000000283113.jpg,1789050485997,200,,206.69,yolo26n_int8,true,17.59,11.91,0.01,4
../../val2017/000000264968.jpg,1789050485996,200,,419.01,yolo26m_fp16,true,13.85,76.11,0.01,7
../../val2017/000000283412.jpg,1789050486008,200,,202.88,yolo26n_int8,true,16.74,19.19,0.01,3
../../val2017/000000285349.jpg,1789050486020,200,,206.36,yolo26n_int8,true,16.50,18.07,0.01,1
../../val2017/000000266400.jpg,1789050486020,200,,419.37,yolo26m_fp16,true,14.69,77.31,0.01,11
../../val2017/000000286849.jpg,1789050486028,200,,203.56,yolo26n_int8,true,17.53,14.28,0.01,3
../../val2017/000000287527.jpg,1789050486040,200,,191.21,yolo26n_int8,true,13.17,12.42,0.01,3
../../val2017/000000289516.jpg,1789050486048,200,,188.52,yolo26n_int8,true,14.82,10.62,0.01,2
../../val2017/000000269682.jpg,1789050486051,200,,422.82,yolo26m_fp16,true,17.02,77.67,0.01,9
../../val2017/000000270297.jpg,1789050486070,200,,419.81,yolo26m_fp16,true,16.46,65.47,0.01,3
../../val2017/000000290163.jpg,1789050486071,200,,197.12,yolo26n_int8,true,15.47,10.29,0.01,6
../../val2017/000000291619.jpg,1789050486090,200,,201.98,yolo26n_int8,true,20.26,27.52,0.01,3
../../val2017/000000273642.jpg,1789050486091,200,,411.32,yolo26m_fp16,true,24.66,54.26,0.01,3
../../val2017/000000292456.jpg,1789050486100,200,,202.31,yolo26n_int8,true,16.90,24.11,0.01,5
../../val2017/000000292997.jpg,1789050486111,200,,187.65,yolo26n_int8,true,14.28,11.24,0.01,8
../../val2017/000000275791.jpg,1789050486119,200,,412.83,yolo26m_fp16,true,20.45,52.79,0.01,4
../../val2017/000000292908.jpg,1789050486126,200,,213.00,yolo26n_int8,true,17.84,35.49,0.01,2
../../val2017/000000293071.jpg,1789050486137,200,,198.35,yolo26n_int8,true,15.30,17.52,0.01,4
../../val2017/000000277197.jpg,1789050486140,200,,413.76,yolo26m_fp16,true,16.78,55.16,0.01,7
../../val2017/000000293300.jpg,1789050486153,200,,204.77,yolo26n_int8,true,16.23,13.37,0.01,2
../../val2017/000000293794.jpg,1789050486161,200,,202.10,yolo26n_int8,true,14.89,16.09,0.01,8
../../val2017/000000281687.jpg,1789050486168,200,,411.69,yolo26m_fp16,true,17.54,64.68,0.01,15
../../val2017/000000294831.jpg,1789050486175,200,,203.16,yolo26n_int8,true,18.48,12.34,0.01,5
../../val2017/000000295420.jpg,1789050486188,200,,204.72,yolo26n_int8,true,20.06,13.29,0.01,4
../../val2017/000000296224.jpg,1789050486194,200,,197.60,yolo26n_int8,true,17.20,6.75,0.01,1
../../val2017/000000283070.jpg,1789050486195,200,,411.42,yolo26m_fp16,true,15.25,69.75,0.01,5
../../val2017/000000297353.jpg,1789050486205,200,,197.57,yolo26n_int8,true,17.57,12.46,0.01,2
../../val2017/000000299355.jpg,1789050486217,200,,191.11,yolo26n_int8,true,17.35,13.00,0.01,1
../../val2017/000000284991.jpg,1789050486224,200,,411.15,yolo26m_fp16,true,19.97,69.90,0.01,2
../../val2017/000000301376.jpg,1789050486228,200,,199.64,yolo26n_int8,true,15.47,12.33,0.01,11
../../val2017/000000301718.jpg,1789050486240,200,,200.03,yolo26n_int8,true,14.28,12.86,0.01,9
../../val2017/000000286908.jpg,1789050486251,200,,414.74,yolo26m_fp16,true,15.53,71.25,0.01,25
../../val2017/000000303653.jpg,1789050486251,200,,199.29,yolo26n_int8,true,14.20,13.96,0.01,6
../../val2017/000000304396.jpg,1789050486262,200,,190.43,yolo26n_int8,true,13.83,18.50,0.01,2
../../val2017/000000305309.jpg,1789050486278,200,,186.60,yolo26n_int8,true,15.63,16.79,0.01,3
../../val2017/000000292488.jpg,1789050486278,200,,365.00,yolo26m_fp16,true,14.88,27.65,0.01,2
../../val2017/000000305609.jpg,1789050486284,200,,184.05,yolo26n_int8,true,14.26,12.70,0.01,4
../../val2017/000000306582.jpg,1789050486294,200,,182.55,yolo26n_int8,true,13.59,11.73,0.01,0
../../val2017/000000292225.jpg,1789050486305,200,,414.20,yolo26m_fp16,true,15.43,86.66,0.01,4
../../val2017/000000307145.jpg,1789050486309,200,,182.75,yolo26n_int8,true,17.01,16.31,0.01,2
../../val2017/000000308476.jpg,1789050486325,200,,171.67,yolo26n_int8,true,13.44,11.88,0.01,1
../../val2017/000000289594.jpg,1789050486326,200,,462.02,yolo26m_fp16,true,15.39,122.60,0.01,3
../../val2017/000000308328.jpg,1789050486338,200,,196.89,yolo26n_int8,true,18.35,23.46,0.01,6
../../val2017/000000293245.jpg,1789050486352,200,,410.28,yolo26m_fp16,true,16.25,62.33,0.01,2
../../val2017/000000309173.jpg,1789050486356,200,,194.88,yolo26n_int8,true,17.72,27.28,0.01,1
../../val2017/000000309938.jpg,1789050486364,200,,188.52,yolo26n_int8,true,13.24,27.61,0.01,1
../../val2017/000000312278.jpg,1789050486374,200,,178.88,yolo26n_int8,true,15.29,8.13,0.01,0
../../val2017/000000294783.jpg,1789050486377,200,,410.97,yolo26m_fp16,true,21.17,56.20,0.01,5
../../val2017/000000311518.jpg,1789050486389,200,,201.11,yolo26n_int8,true,15.32,29.63,0.01,1
../../val2017/000000296284.jpg,1789050486398,200,,401.31,yolo26m_fp16,true,15.84,62.28,0.01,9
../../val2017/000000312406.jpg,1789050486405,200,,199.29,yolo26n_int8,true,20.19,11.39,0.01,3
../../val2017/000000313130.jpg,1789050486418,200,,200.76,yolo26n_int8,true,13.67,21.33,0.01,2
../../val2017/000000297681.jpg,1789050486420,200,,399.26,yolo26m_fp16,true,16.70,62.23,0.01,2
../../val2017/000000313562.jpg,1789050486429,200,,200.34,yolo26n_int8,true,15.92,18.33,0.01,2
../../val2017/000000314182.jpg,1789050486441,200,,200.46,yolo26n_int8,true,16.48,23.02,0.01,8
../../val2017/000000316054.jpg,1789050486450,200,,199.39,yolo26n_int8,true,17.10,8.71,0.01,2
../../val2017/000000303305.jpg,1789050486454,200,,405.57,yolo26m_fp16,true,18.10,62.67,0.01,2
../../val2017/000000319607.jpg,1789050486468,200,,205.72,yolo26n_int8,true,15.22,11.38,0.01,2
../../val2017/000000322429.jpg,1789050486478,200,,199.54,yolo26n_int8,true,16.17,10.55,0.01,7
../../val2017/000000304291.jpg,1789050486481,200,,410.07,yolo26m_fp16,true,17.47,62.96,0.01,1
../../val2017/000000322959.jpg,1789050486494,200,,209.50,yolo26n_int8,true,9.57,20.05,0.01,4
../../val2017/000000304560.jpg,1789050486501,200,,409.83,yolo26m_fp16,true,16.54,64.36,0.01,1
../../val2017/000000323263.jpg,1789050486506,200,,211.37,yolo26n_int8,true,12.87,25.00,0.01,5
../../val2017/000000327601.jpg,1789050486519,200,,209.81,yolo26n_int8,true,15.40,22.59,0.01,2
../../val2017/000000306733.jpg,1789050486529,200,,409.46,yolo26m_fp16,true,14.72,77.11,0.01,7
../../val2017/000000327617.jpg,1789050486529,200,,203.70,yolo26n_int8,true,18.69,17.18,0.01,2
../../val2017/000000328337.jpg,1789050486543,200,,204.32,yolo26n_int8,true,11.35,28.76,0.01,1
../../val2017/000000330554.jpg,1789050486554,200,,197.25,yolo26n_int8,true,17.84,16.95,0.00,0
../../val2017/000000307598.jpg,1789050486555,200,,417.74,yolo26m_fp16,true,17.85,66.28,0.01,1
../../val2017/000000330790.jpg,1789050486562,200,,197.93,yolo26n_int8,true,13.23,11.30,0.01,5
../../val2017/000000331075.jpg,1789050486576,200,,201.10,yolo26n_int8,true,14.50,11.46,0.01,1
../../val2017/000000331799.jpg,1789050486582,200,,192.38,yolo26n_int8,true,11.70,12.10,0.01,5
../../val2017/000000309678.jpg,1789050486583,200,,413.49,yolo26m_fp16,true,15.14,74.40,0.01,2
../../val2017/000000332570.jpg,1789050486592,200,,187.08,yolo26n_int8,true,17.96,8.50,0.01,2
../../val2017/000000332901.jpg,1789050486609,200,,190.94,yolo26n_int8,true,17.26,12.70,0.01,4
../../val2017/000000311789.jpg,1789050486611,200,,416.12,yolo26m_fp16,true,12.52,81.42,0.01,3
../../val2017/000000333745.jpg,1789050486621,200,,191.86,yolo26n_int8,true,16.34,19.57,0.01,4
../../val2017/000000333956.jpg,1789050486635,200,,194.40,yolo26n_int8,true,12.09,23.46,0.01,1
../../val2017/000000313182.jpg,1789050486638,200,,413.48,yolo26m_fp16,true,14.19,78.97,0.01,11
../../val2017/000000334483.jpg,1789050486646,200,,195.29,yolo26n_int8,true,18.51,15.73,0.01,7
../../val2017/000000335427.jpg,1789050486655,200,,186.88,yolo26n_int8,true,8.54,20.14,0.01,3
../../val2017/000000314914.jpg,1789050486667,200,,416.58,yolo26m_fp16,true,18.03,68.21,0.01,2
../../val2017/000000336209.jpg,1789050486668,200,,190.33,yolo26n_int8,true,20.76,11.59,0.01,1
../../val2017/000000322610.jpg,1789050486687,200,,408.28,yolo26m_fp16,true,14.77,66.63,0.01,24
../../val2017/000000338304.jpg,1789050486687,200,,180.81,yolo26n_int8,true,15.55,11.04,0.01,7
../../val2017/000000338901.jpg,1789050486697,200,,177.89,yolo26n_int8,true,17.49,11.02,0.01,4
../../val2017/000000336658.jpg,1789050486710,200,,216.41,yolo26n_int8,true,25.67,31.75,0.01,3
../../val2017/000000326462.jpg,1789050486714,200,,408.35,yolo26m_fp16,true,21.40,63.52,0.01,2
../../val2017/000000339823.jpg,1789050486719,200,,189.69,yolo26n_int8,true,13.81,20.40,0.01,1
../../val2017/000000342186.jpg,1789050486738,200,,195.35,yolo26n_int8,true,14.04,15.44,0.01,2
../../val2017/000000328030.jpg,1789050486740,200,,414.48,yolo26m_fp16,true,14.63,69.74,0.01,5
../../val2017/000000343315.jpg,1789050486747,200,,192.76,yolo26n_int8,true,15.24,8.16,0.01,1
../../val2017/000000345356.jpg,1789050486757,200,,180.76,yolo26n_int8,true,13.05,13.63,0.01,4
../../val2017/000000343706.jpg,1789050486770,200,,207.24,yolo26n_int8,true,15.06,18.66,0.01,3
../../val2017/000000329614.jpg,1789050486770,200,,418.52,yolo26m_fp16,true,14.61,78.52,0.01,13
../../val2017/000000346703.jpg,1789050486785,200,,201.72,yolo26n_int8,true,18.19,11.13,0.01,14
../../val2017/000000331352.jpg,1789050486795,200,,417.30,yolo26m_fp16,true,15.64,84.16,0.01,1
../../val2017/000000347174.jpg,1789050486798,200,,205.68,yolo26n_int8,true,16.84,16.73,0.01,2
../../val2017/000000347254.jpg,1789050486810,200,,200.81,yolo26n_int8,true,26.30,12.82,0.01,3
../../val2017/000000347456.jpg,1789050486820,200,,184.62,yolo26n_int8,true,13.62,7.24,0.01,2
../../val2017/000000332351.jpg,1789050486822,200,,423.31,yolo26m_fp16,true,14.06,79.70,0.01,19
../../val2017/000000347370.jpg,1789050486828,200,,206.09,yolo26n_int8,true,10.76,33.96,0.01,1
../../val2017/000000348012.jpg,1789050486840,200,,194.11,yolo26n_int8,true,15.06,15.75,0.01,1
../../val2017/000000333697.jpg,1789050486850,200,,429.41,yolo26m_fp16,true,14.36,80.23,0.01,2
../../val2017/000000349184.jpg,1789050486851,200,,194.78,yolo26n_int8,true,14.57,9.96,0.01,7
../../val2017/000000349860.jpg,1789050486863,200,,194.88,yolo26n_int8,true,15.56,13.20,0.01,4
../../val2017/000000351559.jpg,1789050486877,200,,179.41,yolo26n_int8,true,14.85,11.71,0.01,2
../../val2017/000000334555.jpg,1789050486886,200,,431.41,yolo26m_fp16,true,15.24,77.35,0.02,17
../../val2017/000000350148.jpg,1789050486887,200,,199.97,yolo26n_int8,true,16.96,26.36,0.01,8
../../val2017/000000351589.jpg,1789050486899,200,,187.99,yolo26n_int8,true,13.84,17.51,0.01,2
../../val2017/000000336265.jpg,1789050486906,200,,425.02,yolo26m_fp16,true,16.09,76.54,0.01,2
../../val2017/000000352584.jpg,1789050486912,200,,193.47,yolo26n_int8,true,15.20,19.11,0.01,0
../../val2017/000000353180.jpg,1789050486922,200,,180.93,yolo26n_int8,true,16.54,16.85,0.01,10
../../val2017/000000354072.jpg,1789050486932,200,,185.11,yolo26n_int8,true,15.26,16.65,0.01,2
../../val2017/000000338191.jpg,1789050486936,200,,434.69,yolo26m_fp16,true,18.88,64.73,0.01,9
../../val2017/000000355610.jpg,1789050486940,200,,182.92,yolo26n_int8,true,14.96,16.58,0.01,2
../../val2017/000000356248.jpg,1789050486957,200,,186.63,yolo26n_int8,true,16.12,11.94,0.01,10
../../val2017/000000345397.jpg,1789050486960,200,,377.08,yolo26m_fp16,true,14.83,23.47,0.01,3
../../val2017/000000356432.jpg,1789050486969,200,,170.73,yolo26n_int8,true,13.80,10.65,0.01,4
../../val2017/000000356261.jpg,1789050486980,200,,194.95,yolo26n_int8,true,16.24,21.53,0.01,3
../../val2017/000000343524.jpg,1789050486990,200,,435.62,yolo26m_fp16,true,15.34,75.93,0.01,2
../../val2017/000000356498.jpg,1789050486991,200,,180.04,yolo26n_int8,true,15.96,18.36,0.01,0
../../val2017/000000357459.jpg,1789050486999,200,,178.80,yolo26n_int8,true,13.83,10.51,0.01,2
../../val2017/000000339870.jpg,1789050487016,200,,486.25,yolo26m_fp16,true,14.04,132.08,0.01,4
../../val2017/000000359937.jpg,1789050487016,200,,188.20,yolo26n_int8,true,15.31,12.84,0.01,3
../../val2017/000000360097.jpg,1789050487024,200,,183.71,yolo26n_int8,true,16.42,15.71,0.01,1
../../val2017/000000361142.jpg,1789050487036,200,,185.34,yolo26n_int8,true,13.31,20.70,0.01,7
../../val2017/000000347265.jpg,1789050487041,200,,430.05,yolo26m_fp16,true,17.53,69.03,0.01,2
../../val2017/000000361238.jpg,1789050487050,200,,186.85,yolo26n_int8,true,15.66,17.90,0.01,6
../../val2017/000000361506.jpg,1789050487061,200,,179.51,yolo26n_int8,true,17.56,12.18,0.01,1
../../val2017/000000347664.jpg,1789050487068,200,,429.98,yolo26m_fp16,true,13.69,76.75,0.01,14
../../val2017/000000361919.jpg,1789050487070,200,,182.20,yolo26n_int8,true,14.68,10.14,0.01,10
../../val2017/000000364126.jpg,1789050487081,200,,181.91,yolo26n_int8,true,8.78,21.26,0.01,2
../../val2017/000000365098.jpg,1789050487094,200,,181.75,yolo26n_int8,true,13.74,15.62,0.01,0
../../val2017/000000349302.jpg,1789050487099,200,,431.53,yolo26m_fp16,true,14.16,73.14,0.01,2
../../val2017/000000365207.jpg,1789050487108,200,,186.10,yolo26n_int8,true,17.87,10.84,0.01,3
../../val2017/000000365766.jpg,1789050487121,200,,188.92,yolo26n_int8,true,14.14,20.59,0.01,3
../../val2017/000000350054.jpg,1789050487129,200,,441.59,yolo26m_fp16,true,16.20,81.14,0.01,2
../../val2017/000000366178.jpg,1789050487133,200,,190.54,yolo26n_int8,true,14.82,26.42,0.01,3
../../val2017/000000366225.jpg,1789050487144,200,,186.06,yolo26n_int8,true,8.93,27.18,0.01,4
../../val2017/000000351810.jpg,1789050487154,200,,439.61,yolo26m_fp16,true,15.30,80.53,0.01,12
../../val2017/000000366884.jpg,1789050487155,200,,185.86,yolo26n_int8,true,15.62,20.23,0.01,3
../../val2017/000000367228.jpg,1789050487168,200,,187.96,yolo26n_int8,true,15.00,15.22,0.01,2
../../val2017/000000353027.jpg,1789050487177,200,,438.63,yolo26m_fp16,true,18.60,75.58,0.01,3
../../val2017/000000369541.jpg,1789050487181,200,,190.34,yolo26n_int8,true,17.91,16.28,0.01,4
../../val2017/000000370478.jpg,1789050487195,200,,195.19,yolo26n_int8,true,15.22,15.32,0.01,3
../../val2017/000000370999.jpg,1789050487206,200,,189.47,yolo26n_int8,true,9.49,25.55,0.01,2
../../val2017/000000355817.jpg,1789050487208,200,,438.42,yolo26m_fp16,true,15.84,72.18,0.01,2
../../val2017/000000371552.jpg,1789050487221,200,,196.34,yolo26n_int8,true,18.11,11.35,0.01,6
../../val2017/000000374551.jpg,1789050487230,200,,179.19,yolo26n_int8,true,15.44,12.06,0.01,1
../../val2017/000000356387.jpg,1789050487238,200,,442.61,yolo26m_fp16,true,17.19,76.31,0.01,17
../../val2017/000000372349.jpg,1789050487244,200,,207.52,yolo26n_int8,true,17.54,26.01,0.01,2
../../val2017/000000376307.jpg,1789050487253,200,,192.02,yolo26n_int8,true,15.13,12.95,0.01,4
../../val2017/000000377000.jpg,1789050487263,200,,182.11,yolo26n_int8,true,15.50,11.55,0.01,1
../../val2017/000000357742.jpg,1789050487263,200,,440.70,yolo26m_fp16,true,18.97,75.14,0.01,2
../../val2017/000000377635.jpg,1789050487278,200,,182.93,yolo26n_int8,true,11.05,9.04,0.01,3
../../val2017/000000360325.jpg,1789050487286,200,,435.67,yolo26m_fp16,true,23.85,59.60,0.01,13
../../val2017/000000377670.jpg,1789050487297,200,,197.28,yolo26n_int8,true,23.32,10.48,0.01,3
../../val2017/000000377723.jpg,1789050487309,200,,200.73,yolo26n_int8,true,23.40,13.52,0.01,12
../../val2017/000000361621.jpg,1789050487313,200,,426.89,yolo26m_fp16,true,13.42,71.05,2.18,2
../../val2017/000000379453.jpg,1789050487320,200,,186.98,yolo26n_int8,true,27.66,10.56,0.01,1
../../val2017/000000377882.jpg,1789050487333,200,,211.21,yolo26n_int8,true,16.21,23.94,0.01,0
../../val2017/000000364884.jpg,1789050487337,200,,430.44,yolo26m_fp16,true,29.46,56.42,0.01,4
../../val2017/000000380913.jpg,1789050487342,200,,197.32,yolo26n_int8,true,9.98,20.31,0.01,8
../../val2017/000000382122.jpg,1789050487353,200,,196.91,yolo26n_int8,true,12.51,15.71,0.01,2
../../val2017/000000382734.jpg,1789050487365,200,,196.75,yolo26n_int8,true,16.56,10.18,0.01,0
../../val2017/000000367680.jpg,1789050487367,200,,376.21,yolo26m_fp16,true,16.76,26.21,0.01,10
../../val2017/000000383606.jpg,1789050487384,200,,202.15,yolo26n_int8,true,21.85,12.38,0.01,2
../../val2017/000000366711.jpg,1789050487389,200,,428.79,yolo26m_fp16,true,17.64,62.68,0.01,4
../../val2017/000000383921.jpg,1789050487394,200,,199.28,yolo26n_int8,true,21.53,11.93,0.01,11
../../val2017/000000384527.jpg,1789050487409,200,,201.82,yolo26n_int8,true,13.87,21.70,0.01,7
../../val2017/000000386134.jpg,1789050487418,200,,196.76,yolo26n_int8,true,20.60,8.97,0.01,0
../../val2017/000000366141.jpg,1789050487419,200,,483.41,yolo26m_fp16,true,15.63,114.75,0.01,6
../../val2017/000000387916.jpg,1789050487425,200,,194.73,yolo26n_int8,true,10.61,16.49,0.01,11
../../val2017/000000389451.jpg,1789050487438,200,,193.71,yolo26n_int8,true,14.51,13.69,0.01,9
../../val2017/000000370818.jpg,1789050487445,200,,428.69,yolo26m_fp16,true,19.51,71.75,0.01,3
../../val2017/000000389532.jpg,1789050487453,200,,199.38,yolo26n_int8,true,14.80,16.42,0.01,4
../../val2017/000000393014.jpg,1789050487465,200,,186.90,yolo26n_int8,true,12.36,11.65,0.00,1
../../val2017/000000373705.jpg,1789050487468,200,,426.31,yolo26m_fp16,true,18.06,69.85,0.01,8
../../val2017/000000389812.jpg,1789050487474,200,,210.66,yolo26n_int8,true,15.15,17.39,0.01,2
../../val2017/000000393093.jpg,1789050487487,200,,189.34,yolo26n_int8,true,14.42,17.04,0.01,4
../../val2017/000000393226.jpg,1789050487497,200,,187.66,yolo26n_int8,true,14.94,12.64,0.01,7
../../val2017/000000376900.jpg,1789050487501,200,,430.73,yolo26m_fp16,true,15.97,73.84,0.01,15
../../val2017/000000396518.jpg,1789050487506,200,,185.71,yolo26n_int8,true,12.84,10.80,0.01,2
../../val2017/000000396580.jpg,1789050487525,200,,192.01,yolo26n_int8,true,14.69,11.00,0.01,1
../../val2017/000000376856.jpg,1789050487526,200,,457.79,yolo26m_fp16,true,16.13,68.93,0.01,1
../../val2017/000000399296.jpg,1789050487535,200,,193.31,yolo26n_int8,true,14.48,21.15,0.01,5
../../val2017/000000400161.jpg,1789050487549,200,,179.70,yolo26n_int8,true,10.61,14.27,0.01,5
../../val2017/000000378116.jpg,1789050487552,200,,422.55,yolo26m_fp16,true,16.88,70.24,0.01,2
../../val2017/000000399560.jpg,1789050487560,200,,206.89,yolo26n_int8,true,20.70,24.94,0.01,1
../../val2017/000000400573.jpg,1789050487571,200,,187.22,yolo26n_int8,true,15.03,14.86,0.01,2
../../val2017/000000382030.jpg,1789050487580,200,,426.08,yolo26m_fp16,true,20.50,74.33,0.01,1
../../val2017/000000402096.jpg,1789050487582,200,,187.30,yolo26n_int8,true,19.39,15.13,0.01,1
../../val2017/000000402334.jpg,1789050487596,200,,187.40,yolo26n_int8,true,12.10,26.04,0.01,2
../../val2017/000000383386.jpg,1789050487598,200,,420.60,yolo26m_fp16,true,17.02,65.63,0.01,4
../../val2017/000000402615.jpg,1789050487607,200,,188.78,yolo26n_int8,true,9.65,18.43,0.01,4
../../val2017/000000402765.jpg,1789050487620,200,,200.09,yolo26n_int8,true,16.28,23.79,0.01,1
../../val2017/000000384666.jpg,1789050487627,200,,418.51,yolo26m_fp16,true,15.75,71.16,0.02,10
../../val2017/000000403385.jpg,1789050487632,200,,193.80,yolo26n_int8,true,16.17,20.63,0.01,3
../../val2017/000000404128.jpg,1789050487645,200,,192.04,yolo26n_int8,true,14.60,19.14,0.01,1
../../val2017/000000389197.jpg,1789050487657,200,,418.33,yolo26m_fp16,true,14.51,72.38,0.01,12
../../val2017/000000405691.jpg,1789050487657,200,,189.32,yolo26n_int8,true,13.96,19.61,0.01,6
../../val2017/000000405972.jpg,1789050487670,200,,195.96,yolo26n_int8,true,14.74,15.80,0.01,2
../../val2017/000000391140.jpg,1789050487681,200,,416.90,yolo26m_fp16,true,14.10,72.84,0.01,3
../../val2017/000000407524.jpg,1789050487681,200,,193.71,yolo26n_int8,true,18.29,17.25,0.01,3
../../val2017/000000407825.jpg,1789050487692,200,,194.85,yolo26n_int8,true,17.73,14.04,0.01,1
../../val2017/000000410496.jpg,1789050487705,200,,198.71,yolo26n_int8,true,9.21,22.99,0.01,7
../../val2017/000000393056.jpg,1789050487705,200,,417.41,yolo26m_fp16,true,13.96,77.00,0.01,1
../../val2017/000000410510.jpg,1789050487713,200,,187.00,yolo26n_int8,true,14.53,15.17,0.01,2
../../val2017/000000410880.jpg,1789050487722,200,,185.98,yolo26n_int8,true,13.61,15.38,0.01,3
../../val2017/000000395575.jpg,1789050487733,200,,418.92,yolo26m_fp16,true,23.27,66.75,0.01,3
../../val2017/000000411953.jpg,1789050487737,200,,188.11,yolo26n_int8,true,19.28,12.67,0.01,2
../../val2017/000000413247.jpg,1789050487750,200,,189.90,yolo26n_int8,true,14.77,16.10,0.01,3
../../val2017/000000413552.jpg,1789050487761,200,,189.00,yolo26n_int8,true,14.14,19.26,0.01,1
../../val2017/000000397354.jpg,1789050487761,200,,424.38,yolo26m_fp16,true,15.00,73.13,0.01,31
../../val2017/000000415194.jpg,1789050487775,200,,192.92,yolo26n_int8,true,14.14,22.78,0.01,4
../../val2017/000000400082.jpg,1789050487783,200,,417.28,yolo26m_fp16,true,15.75,73.38,0.01,5
../../val2017/000000416256.jpg,1789050487785,200,,188.39,yolo26n_int8,true,15.99,18.13,0.01,2
../../val2017/000000416758.jpg,1789050487798,200,,190.87,yolo26n_int8,true,15.21,16.39,0.01,2
../../val2017/000000401244.jpg,1789050487807,200,,417.88,yolo26m_fp16,true,19.62,65.74,0.01,2
../../val2017/000000416991.jpg,1789050487811,200,,191.22,yolo26n_int8,true,9.62,27.26,0.01,6
../../val2017/000000417465.jpg,1789050487827,200,,194.15,yolo26n_int8,true,13.31,21.27,0.01,3
../../val2017/000000403122.jpg,1789050487829,200,,403.91,yolo26m_fp16,true,16.08,62.35,0.01,28
../../val2017/000000417911.jpg,1789050487844,200,,197.28,yolo26n_int8,true,15.84,24.03,0.01,2
../../val2017/000000403584.jpg,1789050487855,200,,410.50,yolo26m_fp16,true,22.27,48.76,0.01,8
../../val2017/000000419408.jpg,1789050487857,200,,199.60,yolo26n_int8,true,13.42,24.28,0.01,5
../../val2017/000000419653.jpg,1789050487869,200,,198.26,yolo26n_int8,true,15.24,27.59,0.01,7
../../val2017/000000404479.jpg,1789050487881,200,,415.85,yolo26m_fp16,true,20.25,63.04,0.01,2
../../val2017/000000419974.jpg,1789050487882,200,,200.51,yolo26n_int8,true,12.93,24.45,0.01,7
../../val2017/000000420281.jpg,1789050487890,200,,197.56,yolo26n_int8,true,14.72,15.07,0.01,2
../../val2017/000000420840.jpg,1789050487901,200,,196.07,yolo26n_int8,true,13.32,16.72,0.01,3
../../val2017/000000408120.jpg,1789050487911,200,,409.93,yolo26m_fp16,true,20.21,67.07,0.01,5
../../val2017/000000423617.jpg,1789050487912,200,,199.39,yolo26n_int8,true,10.06,17.30,0.01,9
../../val2017/000000423798.jpg,1789050487925,200,,202.93,yolo26n_int8,true,12.82,17.13,0.01,0
../../val2017/000000410612.jpg,1789050487934,200,,407.96,yolo26m_fp16,true,15.01,79.00,0.01,2
../../val2017/000000424349.jpg,1789050487943,200,,205.84,yolo26n_int8,true,18.12,20.81,0.01,3
../../val2017/000000424545.jpg,1789050487958,200,,207.47,yolo26n_int8,true,18.55,24.36,0.01,1
../../val2017/000000412887.jpg,1789050487961,200,,408.25,yolo26m_fp16,true,15.64,70.59,0.01,3
../../val2017/000000425906.jpg,1789050487964,200,,188.25,yolo26n_int8,true,12.02,14.75,0.01,5
../../val2017/000000424642.jpg,1789050487978,200,,215.71,yolo26n_int8,true,25.69,24.48,0.01,4
../../val2017/000000414170.jpg,1789050487988,200,,407.74,yolo26m_fp16,true,15.02,73.92,0.01,7
../../val2017/000000427649.jpg,1789050487990,200,,204.42,yolo26n_int8,true,15.04,17.83,0.01,1
../../val2017/000000428867.jpg,1789050488003,200,,204.71,yolo26n_int8,true,13.26,16.46,0.01,6
../../val2017/000000416745.jpg,1789050488010,200,,410.55,yolo26m_fp16,true,19.74,63.97,0.01,2
../../val2017/000000430871.jpg,1789050488016,200,,204.45,yolo26n_int8,true,13.82,26.76,0.01,1
../../val2017/000000430961.jpg,1789050488027,200,,200.49,yolo26n_int8,true,14.96,27.45,0.01,4
../../val2017/000000432898.jpg,1789050488041,200,,196.35,yolo26n_int8,true,12.66,24.61,0.01,7
../../val2017/000000417043.jpg,1789050488042,200,,414.12,yolo26m_fp16,true,20.11,65.49,0.01,1
../../val2017/000000433374.jpg,1789050488052,200,,194.91,yolo26n_int8,true,13.41,20.01,0.01,4
../../val2017/000000434247.jpg,1789050488067,200,,197.78,yolo26n_int8,true,13.56,21.02,0.01,6
../../val2017/000000419379.jpg,1789050488067,200,,410.01,yolo26m_fp16,true,15.79,72.10,0.01,7
../../val2017/000000434548.jpg,1789050488081,200,,198.75,yolo26n_int8,true,13.27,24.80,0.01,3
../../val2017/000000437110.jpg,1789050488098,200,,208.06,yolo26n_int8,true,14.25,21.05,0.01,1
../../val2017/000000419882.jpg,1789050488099,200,,417.64,yolo26m_fp16,true,16.33,73.70,0.01,6
../../val2017/000000437898.jpg,1789050488103,200,,202.16,yolo26n_int8,true,14.14,22.63,0.01,4
../../val2017/000000439994.jpg,1789050488114,200,,200.81,yolo26n_int8,true,8.77,22.99,0.01,3
../../val2017/000000422886.jpg,1789050488121,200,,415.64,yolo26m_fp16,true,14.24,76.39,0.01,2
../../val2017/000000441247.jpg,1789050488126,200,,200.86,yolo26n_int8,true,15.85,15.90,0.01,7
../../val2017/000000441586.jpg,1789050488139,200,,195.50,yolo26n_int8,true,13.01,14.89,0.01,6
../../val2017/000000442463.jpg,1789050488153,200,,194.96,yolo26n_int8,true,14.68,17.83,0.01,2
../../val2017/000000424162.jpg,1789050488153,200,,419.89,yolo26m_fp16,true,16.28,75.06,0.01,14
../../val2017/000000442836.jpg,1789050488158,200,,193.53,yolo26n_int8,true,14.84,7.97,0.01,3
../../val2017/000000445602.jpg,1789050488169,200,,190.89,yolo26n_int8,true,13.26,17.30,0.01,4
../../val2017/000000445722.jpg,1789050488181,200,,192.73,yolo26n_int8,true,18.20,11.91,0.01,3
../../val2017/000000424551.jpg,1789050488184,200,,422.74,yolo26m_fp16,true,13.93,84.48,0.01,3
../../val2017/000000445999.jpg,1789050488191,200,,187.90,yolo26n_int8,true,12.03,16.22,0.01,1
../../val2017/000000426241.jpg,1789050488210,200,,426.41,yolo26m_fp16,true,16.23,81.20,0.01,8
../../val2017/000000446522.jpg,1789050488210,200,,193.84,yolo26n_int8,true,15.00,19.13,0.01,4
../../val2017/000000446574.jpg,1789050488216,200,,187.87,yolo26n_int8,true,14.91,19.47,0.01,1
../../val2017/000000429598.jpg,1789050488230,200,,423.20,yolo26m_fp16,true,14.01,76.93,0.01,4
../../val2017/000000447313.jpg,1789050488239,200,,197.61,yolo26n_int8,true,19.12,9.70,0.04,2
../../val2017/000000448448.jpg,1789050488250,200,,196.78,yolo26n_int8,true,20.05,19.25,0.01,1
../../val2017/000000431876.jpg,1789050488255,200,,424.03,yolo26m_fp16,true,16.11,67.27,0.01,15
../../val2017/000000450100.jpg,1789050488260,200,,179.30,yolo26n_int8,true,16.47,9.73,0.01,2
../../val2017/000000449996.jpg,1789050488270,200,,201.67,yolo26n_int8,true,19.83,22.22,0.01,4
../../val2017/000000433243.jpg,1789050488284,200,,428.45,yolo26m_fp16,true,21.45,61.48,0.01,3
../../val2017/000000451043.jpg,1789050488286,200,,187.70,yolo26n_int8,true,14.49,15.81,0.01,1
../../val2017/000000451155.jpg,1789050488297,200,,193.69,yolo26n_int8,true,18.94,16.49,0.01,2
../../val2017/000000434479.jpg,1789050488312,200,,430.34,yolo26m_fp16,true,19.07,65.24,0.01,2
../../val2017/000000452084.jpg,1789050488312,200,,197.44,yolo26n_int8,true,16.19,13.89,0.01,0
../../val2017/000000452891.jpg,1789050488324,200,,197.95,yolo26n_int8,true,15.39,19.69,0.01,2
../../val2017/000000453040.jpg,1789050488334,200,,195.01,yolo26n_int8,true,15.05,14.96,0.00,0
../../val2017/000000439180.jpg,1789050488335,200,,423.24,yolo26m_fp16,true,20.26,64.86,0.01,31
../../val2017/000000453981.jpg,1789050488346,200,,192.50,yolo26n_int8,true,15.81,14.42,0.01,1
../../val2017/000000454661.jpg,1789050488358,200,,199.92,yolo26n_int8,true,13.68,20.79,0.01,8
../../val2017/000000441553.jpg,1789050488360,200,,425.49,yolo26m_fp16,true,17.67,70.98,0.01,13
../../val2017/000000454798.jpg,1789050488366,200,,196.68,yolo26n_int8,true,15.83,9.41,0.01,3
../../val2017/000000456292.jpg,1789050488378,200,,194.41,yolo26n_int8,true,14.42,11.96,0.01,0
../../val2017/000000446207.jpg,1789050488389,200,,377.73,yolo26m_fp16,true,12.86,28.21,0.01,1
../../val2017/000000457262.jpg,1789050488394,200,,202.43,yolo26n_int8,true,17.41,10.81,0.01,2
../../val2017/000000457884.jpg,1789050488400,200,,190.48,yolo26n_int8,true,14.13,11.38,0.01,5
../../val2017/000000458410.jpg,1789050488413,200,,196.23,yolo26n_int8,true,14.99,12.74,0.01,2
../../val2017/000000445846.jpg,1789050488417,200,,427.08,yolo26m_fp16,true,14.98,79.78,0.01,2
../../val2017/000000459757.jpg,1789050488423,200,,183.60,yolo26n_int8,true,10.04,19.16,0.01,1
../../val2017/000000460682.jpg,1789050488435,200,,174.67,yolo26n_int8,true,12.30,13.64,0.01,1
../../val2017/000000442661.jpg,1789050488442,200,,480.72,yolo26m_fp16,true,17.81,125.83,0.01,1
../../val2017/000000460333.jpg,1789050488446,200,,195.58,yolo26n_int8,true,14.83,20.23,0.01,4
../../val2017/000000460683.jpg,1789050488458,200,,188.19,yolo26n_int8,true,13.68,16.14,0.01,4
../../val2017/000000461573.jpg,1789050488471,200,,184.27,yolo26n_int8,true,13.74,16.19,0.01,1
../../val2017/000000447314.jpg,1789050488472,200,,429.86,yolo26m_fp16,true,15.33,79.00,0.01,8
../../val2017/000000461751.jpg,1789050488484,200,,186.26,yolo26n_int8,true,13.25,16.64,0.01,2
../../val2017/000000449579.jpg,1789050488497,200,,429.69,yolo26m_fp16,true,13.97,81.96,0.01,2
../../val2017/000000462614.jpg,1789050488497,200,,185.18,yolo26n_int8,true,14.07,16.53,0.01,4
../../val2017/000000462728.jpg,1789050488509,200,,184.54,yolo26n_int8,true,13.97,25.60,0.01,2
../../val2017/000000451144.jpg,1789050488529,200,,430.23,yolo26m_fp16,true,13.49,75.97,0.01,5
../../val2017/000000463522.jpg,1789050488530,200,,195.27,yolo26n_int8,true,16.20,17.83,0.01,7
../../val2017/000000463618.jpg,1789050488532,200,,185.91,yolo26n_int8,true,10.09,22.14,0.01,4
../../val2017/000000463802.jpg,1789050488543,200,,184.69,yolo26n_int8,true,12.40,20.45,0.01,1
../../val2017/000000452784.jpg,1789050488548,200,,425.90,yolo26m_fp16,true,13.63,79.99,0.01,4
../../val2017/000000465430.jpg,1789050488555,200,,189.07,yolo26n_int8,true,15.53,14.98,0.01,3
../../val2017/000000465585.jpg,1789050488566,200,,187.57,yolo26n_int8,true,16.31,13.77,0.01,2
../../val2017/000000453860.jpg,1789050488577,200,,424.10,yolo26m_fp16,true,14.54,79.81,0.01,2
../../val2017/000000469192.jpg,1789050488577,200,,183.10,yolo26n_int8,true,9.77,20.67,0.01,8
../../val2017/000000470924.jpg,1789050488591,200,,189.88,yolo26n_int8,true,13.86,14.77,0.01,16
../../val2017/000000471991.jpg,1789050488603,200,,189.86,yolo26n_int8,true,13.64,16.76,0.01,1
../../val2017/000000455219.jpg,1789050488605,200,,423.30,yolo26m_fp16,true,14.08,71.68,0.01,4
../../val2017/000000473015.jpg,1789050488614,200,,190.92,yolo26n_int8,true,14.29,16.06,0.01,1
../../val2017/000000473121.jpg,1789050488626,200,,190.75,yolo26n_int8,true,15.45,21.36,0.01,1
../../val2017/000000458255.jpg,1789050488631,200,,420.68,yolo26m_fp16,true,16.08,71.55,0.01,4
../../val2017/000000473974.jpg,1789050488633,200,,187.09,yolo26n_int8,true,14.85,7.29,0.01,5
../../val2017/000000474164.jpg,1789050488648,200,,189.35,yolo26n_int8,true,8.01,19.78,0.01,3
../../val2017/000000458702.jpg,1789050488656,200,,425.16,yolo26m_fp16,true,13.90,76.75,0.01,4
../../val2017/000000474293.jpg,1789050488662,200,,190.75,yolo26n_int8,true,14.30,16.48,0.01,1
../../val2017/000000474786.jpg,1789050488674,200,,190.23,yolo26n_int8,true,16.95,23.07,0.01,4
../../val2017/000000460494.jpg,1789050488681,200,,425.50,yolo26m_fp16,true,12.89,73.39,0.01,8
../../val2017/000000475572.jpg,1789050488685,200,,186.36,yolo26n_int8,true,17.55,19.84,0.01,4
../../val2017/000000476491.jpg,1789050488696,200,,187.06,yolo26n_int8,true,14.84,23.69,0.01,1
../../val2017/000000460927.jpg,1789050488708,200,,423.74,yolo26m_fp16,true,14.00,78.06,0.01,1
../../val2017/000000476787.jpg,1789050488709,200,,178.54,yolo26n_int8,true,7.33,25.95,0.01,3
../../val2017/000000476514.jpg,1789050488726,200,,195.93,yolo26n_int8,true,13.31,15.84,0.01,3
../../val2017/000000462629.jpg,1789050488732,200,,420.53,yolo26m_fp16,true,18.47,65.76,0.01,9
../../val2017/000000477288.jpg,1789050488733,200,,190.47,yolo26n_int8,true,14.77,17.21,0.01,12
../../val2017/000000479448.jpg,1789050488744,200,,188.37,yolo26n_int8,true,16.42,18.18,0.01,6
../../val2017/000000479596.jpg,1789050488754,200,,187.85,yolo26n_int8,true,13.57,19.28,0.01,3
../../val2017/000000469067.jpg,1789050488762,200,,373.01,yolo26m_fp16,true,13.28,26.82,0.01,4
../../val2017/000000480122.jpg,1789050488765,200,,186.48,yolo26n_int8,true,9.42,11.05,0.01,12
../../val2017/000000480212.jpg,1789050488779,200,,188.46,yolo26n_int8,true,12.62,14.00,0.01,3
../../val2017/000000472623.jpg,1789050488787,200,,369.66,yolo26m_fp16,true,15.61,23.78,0.01,4
../../val2017/000000481413.jpg,1789050488791,200,,187.81,yolo26n_int8,true,15.37,19.60,0.01,2
../../val2017/000000482719.jpg,1789050488802,200,,187.61,yolo26n_int8,true,15.62,12.40,0.01,1
../../val2017/000000484296.jpg,1789050488813,200,,181.61,yolo26n_int8,true,8.20,19.31,0.01,2
../../val2017/000000463037.jpg,1789050488814,200,,479.82,yolo26m_fp16,true,13.29,127.90,0.01,2
../../val2017/000000484351.jpg,1789050488827,200,,193.20,yolo26n_int8,true,13.86,17.04,0.01,17
../../val2017/000000484404.jpg,1789050488839,200,,190.44,yolo26n_int8,true,18.90,13.14,0.01,4
../../val2017/000000464358.jpg,1789050488839,200,,478.47,yolo26m_fp16,true,12.72,132.81,0.01,3
../../val2017/000000485130.jpg,1789050488850,200,,175.48,yolo26n_int8,true,13.84,12.05,0.01,1
../../val2017/000000473821.jpg,1789050488863,200,,421.15,yolo26m_fp16,true,14.72,72.76,0.01,6
../../val2017/000000485027.jpg,1789050488866,200,,203.35,yolo26n_int8,true,15.15,34.03,0.01,3
../../val2017/000000485802.jpg,1789050488874,200,,189.09,yolo26n_int8,true,11.23,27.54,0.01,1
../../val2017/000000486112.jpg,1789050488888,200,,191.62,yolo26n_int8,true,13.13,19.89,0.01,2
../../val2017/000000474452.jpg,1789050488892,200,,420.18,yolo26m_fp16,true,15.28,74.62,0.01,10
../../val2017/000000488736.jpg,1789050488897,200,,187.80,yolo26n_int8,true,13.88,13.28,0.01,3
../../val2017/000000489764.jpg,1789050488913,200,,180.42,yolo26n_int8,true,15.31,11.14,0.01,2
../../val2017/000000474881.jpg,1789050488917,200,,419.93,yolo26m_fp16,true,14.39,71.87,0.01,4
../../val2017/000000489611.jpg,1789050488920,200,,194.29,yolo26n_int8,true,16.97,15.76,0.01,4
../../val2017/000000490125.jpg,1789050488935,200,,180.35,yolo26n_int8,true,12.83,12.95,0.01,15
../../val2017/000000489924.jpg,1789050488943,200,,198.93,yolo26n_int8,true,10.48,25.29,0.01,4
../../val2017/000000477118.jpg,1789050488943,200,,411.52,yolo26m_fp16,true,14.82,75.89,0.01,0
../../val2017/000000491464.jpg,1789050488961,200,,181.66,yolo26n_int8,true,14.29,11.65,0.01,1
../../val2017/000000477955.jpg,1789050488969,200,,421.14,yolo26m_fp16,true,13.13,74.59,0.01,5
../../val2017/000000490936.jpg,1789050488971,200,,208.20,yolo26n_int8,true,17.26,19.63,0.01,9
../../val2017/000000492284.jpg,1789050488982,200,,190.95,yolo26n_int8,true,14.38,16.35,0.01,3
../../val2017/000000492968.jpg,1789050488995,200,,192.61,yolo26n_int8,true,12.65,25.18,0.01,2
../../val2017/000000479953.jpg,1789050488996,200,,418.69,yolo26m_fp16,true,14.19,70.65,0.01,2
../../val2017/000000494913.jpg,1789050489009,200,,182.31,yolo26n_int8,true,9.82,12.03,0.01,3
../../val2017/000000482477.jpg,1789050489022,200,,417.55,yolo26m_fp16,true,13.90,74.55,0.01,1
../../val2017/000000493799.jpg,1789050489023,200,,209.97,yolo26n_int8,true,16.13,24.93,0.01,4
../../val2017/000000495054.jpg,1789050489035,200,,195.96,yolo26n_int8,true,16.16,22.32,0.01,2
../../val2017/000000483999.jpg,1789050489046,200,,419.69,yolo26m_fp16,true,13.52,73.84,0.01,42
../../val2017/000000496571.jpg,1789050489046,200,,195.55,yolo26n_int8,true,14.24,19.25,0.01,8
../../val2017/000000499768.jpg,1789050489058,200,,191.55,yolo26n_int8,true,14.40,17.63,0.01,4
../../val2017/000000500464.jpg,1789050489071,200,,196.51,yolo26n_int8,true,15.03,17.89,0.01,1
../../val2017/000000484893.jpg,1789050489074,200,,418.02,yolo26m_fp16,true,22.29,60.06,0.01,7
../../val2017/000000500663.jpg,1789050489079,200,,190.12,yolo26n_int8,true,15.70,15.75,0.01,2
../../val2017/000000502168.jpg,1789050489093,200,,196.84,yolo26n_int8,true,13.55,13.68,0.01,9
../../val2017/000000485480.jpg,1789050489102,200,,420.77,yolo26m_fp16,true,18.78,72.30,0.01,5
../../val2017/000000502737.jpg,1789050489106,200,,192.33,yolo26n_int8,true,14.98,21.85,0.01,2
../../val2017/000000488592.jpg,1789050489118,200,,409.55,yolo26m_fp16,true,13.18,64.65,0.01,9
../../val2017/000000503855.jpg,1789050489126,200,,205.10,yolo26n_int8,true,18.44,10.72,0.01,17
../../val2017/000000505565.jpg,1789050489136,200,,201.27,yolo26n_int8,true,15.65,21.76,0.01,2
../../val2017/000000489842.jpg,1789050489146,200,,412.10,yolo26m_fp16,true,15.08,65.95,0.01,26
../../val2017/000000505573.jpg,1789050489147,200,,203.80,yolo26n_int8,true,15.01,26.19,0.01,1
../../val2017/000000507015.jpg,1789050489156,200,,194.40,yolo26n_int8,true,16.59,19.73,0.01,10
../../val2017/000000508101.jpg,1789050489168,200,,196.48,yolo26n_int8,true,18.28,11.16,0.01,2
../../val2017/000000491213.jpg,1789050489175,200,,409.53,yolo26m_fp16,true,18.02,65.29,0.01,7
../../val2017/000000508586.jpg,1789050489179,200,,195.98,yolo26n_int8,true,15.09,14.86,0.01,5
../../val2017/000000508639.jpg,1789050489189,200,,193.56,yolo26n_int8,true,13.43,15.15,0.01,0
../../val2017/000000509699.jpg,1789050489206,200,,196.06,yolo26n_int8,true,14.77,15.40,0.01,2
../../val2017/000000495448.jpg,1789050489208,200,,369.48,yolo26m_fp16,true,12.97,26.37,0.01,1
../../val2017/000000511398.jpg,1789050489212,200,,188.40,yolo26n_int8,true,14.92,8.10,0.01,1
../../val2017/000000511999.jpg,1789050489224,200,,189.06,yolo26n_int8,true,17.83,12.62,0.01,6
../../val2017/000000493864.jpg,1789050489229,200,,414.87,yolo26m_fp16,true,14.50,80.93,0.01,4
../../val2017/000000512929.jpg,1789050489235,200,,188.59,yolo26n_int8,true,15.54,14.33,0.01,3
../../val2017/000000513484.jpg,1789050489247,200,,189.12,yolo26n_int8,true,15.04,11.93,0.01,1
../../val2017/000000513580.jpg,1789050489258,200,,183.08,yolo26n_int8,true,14.01,19.45,0.01,3
../../val2017/000000491867.jpg,1789050489258,200,,470.26,yolo26m_fp16,true,17.37,118.03,0.01,7
../../val2017/000000514586.jpg,1789050489274,200,,195.56,yolo26n_int8,true,14.78,14.76,0.01,4
../../val2017/000000499181.jpg,1789050489282,200,,418.82,yolo26m_fp16,true,17.49,72.91,0.01,12
../../val2017/000000514797.jpg,1789050489282,200,,189.40,yolo26n_int8,true,15.82,19.54,0.01,4
../../val2017/000000518770.jpg,1789050489295,200,,168.45,yolo26n_int8,true,13.46,11.35,0.01,10
../../val2017/000000516871.jpg,1789050489309,200,,202.27,yolo26n_int8,true,14.83,29.33,0.01,1
../../val2017/000000502732.jpg,1789050489313,200,,415.55,yolo26m_fp16,true,13.98,74.91,0.01,1
../../val2017/000000520264.jpg,1789050489322,200,,183.33,yolo26n_int8,true,16.76,12.55,0.01,6
../../val2017/000000503841.jpg,1789050489334,200,,416.03,yolo26m_fp16,true,20.32,64.97,0.01,2
../../val2017/000000520832.jpg,1789050489338,200,,191.81,yolo26n_int8,true,16.97,25.45,0.01,2
../../val2017/000000522713.jpg,1789050489359,200,,202.82,yolo26n_int8,true,13.80,30.92,0.01,3
../../val2017/000000506178.jpg,1789050489360,200,,413.44,yolo26m_fp16,true,15.97,67.43,0.01,3
../../val2017/000000522751.jpg,1789050489366,200,,197.63,yolo26n_int8,true,18.93,24.55,0.01,4
../../val2017/000000523811.jpg,1789050489375,200,,195.58,yolo26n_int8,true,14.57,21.42,0.01,1
../../val2017/000000525083.jpg,1789050489398,200,,208.61,yolo26n_int8,true,15.86,12.18,0.01,4
../../val2017/000000507797.jpg,1789050489399,200,,429.00,yolo26m_fp16,true,13.24,74.41,0.01,16
../../val2017/000000526751.jpg,1789050489403,200,,194.76,yolo26n_int8,true,14.16,11.19,0.01,2
../../val2017/000000509131.jpg,1789050489416,200,,419.25,yolo26m_fp16,true,16.08,72.65,0.01,7
../../val2017/000000527215.jpg,1789050489416,200,,204.21,yolo26n_int8,true,22.52,8.00,0.01,7
../../val2017/000000530052.jpg,1789050489430,200,,205.23,yolo26n_int8,true,20.54,15.09,0.01,0
../../val2017/000000510329.jpg,1789050489440,200,,417.35,yolo26m_fp16,true,16.94,64.54,0.02,5
../../val2017/000000530466.jpg,1789050489456,200,,220.59,yolo26n_int8,true,27.80,11.19,0.01,1
../../val2017/000000513283.jpg,1789050489458,200,,411.28,yolo26m_fp16,true,19.84,58.40,0.01,4
../../val2017/000000530470.jpg,1789050489470,200,,222.35,yolo26n_int8,true,22.32,22.03,0.01,3
../../val2017/000000531134.jpg,1789050489482,200,,223.94,yolo26n_int8,true,17.12,30.86,0.01,8
../../val2017/000000513567.jpg,1789050489483,200,,411.26,yolo26m_fp16,true,20.82,50.27,0.01,16
../../val2017/000000531495.jpg,1789050489497,200,,222.72,yolo26n_int8,true,19.09,25.05,0.01,0
../../val2017/000000516601.jpg,1789050489503,200,,400.83,yolo26m_fp16,true,19.02,53.34,0.01,13
../../val2017/000000533536.jpg,1789050489508,200,,224.24,yolo26n_int8,true,14.28,22.71,0.01,2
../../val2017/000000533816.jpg,1789050489520,200,,224.70,yolo26n_int8,true,15.24,24.06,0.01,13
../../val2017/000000517069.jpg,1789050489530,200,,411.82,yolo26m_fp16,true,15.65,57.71,0.01,9
../../val2017/000000535306.jpg,1789050489534,200,,224.79,yolo26n_int8,true,16.90,19.92,0.01,2
../../val2017/000000537812.jpg,1789050489548,200,,225.13,yolo26n_int8,true,14.66,18.51,0.01,1
../../val2017/000000521956.jpg,1789050489552,200,,404.41,yolo26m_fp16,true,14.89,68.41,0.01,3
../../val2017/000000540466.jpg,1789050489557,200,,218.49,yolo26n_int8,true,14.33,17.10,0.01,1
../../val2017/000000540932.jpg,1789050489570,200,,209.40,yolo26n_int8,true,14.60,16.76,0.01,7
../../val2017/000000523782.jpg,1789050489581,200,,406.44,yolo26m_fp16,true,21.43,64.34,0.01,3
../../val2017/000000541055.jpg,1789050489581,200,,215.36,yolo26n_int8,true,14.63,20.09,0.01,6
../../val2017/000000541123.jpg,1789050489596,200,,221.49,yolo26n_int8,true,17.03,12.52,0.01,7
../../val2017/000000544811.jpg,1789050489607,200,,203.38,yolo26n_int8,true,13.47,11.75,0.01,2
../../val2017/000000526728.jpg,1789050489610,200,,404.00,yolo26m_fp16,true,15.12,75.32,0.01,12
../../val2017/000000544605.jpg,1789050489618,200,,217.90,yolo26n_int8,true,14.68,35.99,0.01,0
../../val2017/000000545594.jpg,1789050489632,200,,216.24,yolo26n_int8,true,17.89,11.30,0.01,4
../../val2017/000000530099.jpg,1789050489634,200,,403.87,yolo26m_fp16,true,14.82,78.55,0.01,2
../../val2017/000000546659.jpg,1789050489643,200,,213.19,yolo26n_int8,true,15.10,12.20,0.01,1
../../val2017/000000546826.jpg,1789050489655,200,,199.37,yolo26n_int8,true,13.81,19.08,0.01,0
../../val2017/000000531135.jpg,1789050489660,200,,400.91,yolo26m_fp16,true,13.90,81.02,0.01,12
../../val2017/000000547502.jpg,1789050489666,200,,195.75,yolo26n_int8,true,13.98,10.17,0.01,9
../../val2017/000000548339.jpg,1789050489679,200,,195.90,yolo26n_int8,true,13.16,12.32,0.01,2
../../val2017/000000540280.jpg,1789050489686,200,,352.32,yolo26m_fp16,true,12.59,24.60,0.01,2
../../val2017/000000548524.jpg,1789050489692,200,,193.71,yolo26n_int8,true,14.64,19.94,0.01,2
../../val2017/000000549930.jpg,1789050489704,200,,195.31,yolo26n_int8,true,14.43,13.11,0.01,4
../../val2017/000000536073.jpg,1789050489710,200,,396.81,yolo26m_fp16,true,16.46,68.17,0.01,4
../../val2017/000000550471.jpg,1789050489715,200,,194.38,yolo26n_int8,true,16.40,19.24,0.01,1
../../val2017/000000551304.jpg,1789050489726,200,,192.39,yolo26n_int8,true,12.79,17.24,0.01,1
../../val2017/000000554266.jpg,1789050489737,200,,188.80,yolo26n_int8,true,17.03,18.83,0.01,1
../../val2017/000000532761.jpg,1789050489738,200,,455.13,yolo26m_fp16,true,17.08,121.90,0.01,8
../../val2017/000000554328.jpg,1789050489749,200,,193.00,yolo26n_int8,true,13.10,17.70,0.01,4
../../val2017/000000555009.jpg,1789050489764,200,,193.86,yolo26n_int8,true,16.07,20.71,0.01,6
../../val2017/000000540502.jpg,1789050489770,200,,410.02,yolo26m_fp16,true,18.07,68.11,0.01,11
../../val2017/000000557501.jpg,1789050489771,200,,189.07,yolo26n_int8,true,14.77,14.64,0.01,2
../../val2017/000000558114.jpg,1789050489783,200,,186.15,yolo26n_int8,true,13.41,12.64,0.01,5
../../val2017/000000559547.jpg,1789050489796,200,,188.25,yolo26n_int8,true,14.52,13.39,0.01,5
../../val2017/000000546717.jpg,1789050489796,200,,356.02,yolo26m_fp16,true,12.84,27.27,0.01,6
../../val2017/000000560474.jpg,1789050489807,200,,189.13,yolo26n_int8,true,14.49,10.87,0.01,6
../../val2017/000000546325.jpg,1789050489826,200,,408.96,yolo26m_fp16,true,13.42,82.97,0.01,4
../../val2017/000000561958.jpg,1789050489826,200,,191.76,yolo26n_int8,true,15.53,12.37,0.01,10
../../val2017/000000562243.jpg,1789050489830,200,,186.31,yolo26n_int8,true,13.32,17.58,0.01,2
../../val2017/000000562443.jpg,1789050489842,200,,186.06,yolo26n_int8,true,15.03,11.67,0.01,1
../../val2017/000000541634.jpg,1789050489846,200,,448.35,yolo26m_fp16,true,17.91,124.60,0.01,5
../../val2017/000000562843.jpg,1789050489852,200,,186.50,yolo26n_int8,true,15.56,18.15,0.01,3
../../val2017/000000563267.jpg,1789050489866,200,,186.20,yolo26n_int8,true,16.38,12.31,0.01,8
../../val2017/000000564091.jpg,1789050489879,200,,186.83,yolo26n_int8,true,14.75,17.10,0.01,3
../../val2017/000000547144.jpg,1789050489879,200,,420.83,yolo26m_fp16,true,18.87,71.83,0.01,10
../../val2017/000000564127.jpg,1789050489886,200,,182.46,yolo26n_int8,true,14.75,18.63,0.01,1
../../val2017/000000565012.jpg,1789050489900,200,,184.61,yolo26n_int8,true,13.00,16.54,0.01,2
../../val2017/000000548246.jpg,1789050489904,200,,422.19,yolo26m_fp16,true,16.82,71.98,0.01,16
../../val2017/000000568147.jpg,1789050489914,200,,187.39,yolo26n_int8,true,13.39,21.69,0.01,3
../../val2017/000000568584.jpg,1789050489925,200,,187.98,yolo26n_int8,true,14.34,18.87,0.01,3
../../val2017/000000549738.jpg,1789050489926,200,,423.40,yolo26m_fp16,true,13.50,77.07,0.01,11
../../val2017/000000569059.jpg,1789050489937,200,,187.27,yolo26n_int8,true,15.12,22.88,0.01,5
../../val2017/000000550797.jpg,1789050489949,200,,418.90,yolo26m_fp16,true,17.52,71.04,0.01,1
../../val2017/000000570664.jpg,1789050489954,200,,183.78,yolo26n_int8,true,14.76,22.32,0.01,5
../../val2017/000000569273.jpg,1789050489959,200,,188.00,yolo26n_int8,true,15.53,9.70,0.01,6
../../val2017/000000554735.jpg,1789050489971,200,,413.16,yolo26m_fp16,true,15.90,59.45,0.01,2
../../val2017/000000573391.jpg,1789050489974,200,,190.12,yolo26n_int8,true,15.87,7.21,0.01,1
../../val2017/000000575243.jpg,1789050489983,200,,185.84,yolo26n_int8,true,18.44,13.14,0.01,6
../../val2017/000000555412.jpg,1789050489998,200,,416.07,yolo26m_fp16,true,17.32,59.23,0.01,1
../../val2017/000000577584.jpg,1789050490002,200,,176.22,yolo26n_int8,true,20.04,10.82,0.01,2
../../val2017/000000575372.jpg,1789050490013,200,,206.10,yolo26n_int8,true,25.19,18.06,0.01,3
../../val2017/000000560178.jpg,1789050490024,200,,414.33,yolo26m_fp16,true,17.96,67.21,0.01,2
../../val2017/000000577735.jpg,1789050490025,200,,194.78,yolo26n_int8,true,13.30,17.39,0.01,2
../../val2017/000000560880.jpg,1789050490043,200,,410.66,yolo26m_fp16,true,15.36,61.57,0.01,3
../../val2017/000000577862.jpg,1789050490043,200,,200.51,yolo26n_int8,true,15.10,21.36,0.01,2
../../val2017/000000577932.jpg,1789050490056,200,,203.68,yolo26n_int8,true,19.71,11.53,0.01,15
../../val2017/000000577976.jpg,1789050490071,200,,205.42,yolo26n_int8,true,15.40,24.25,0.01,4
../../val2017/000000562561.jpg,1789050490074,200,,413.67,yolo26m_fp16,true,14.56,67.66,0.01,2
../../val2017/000000578489.jpg,1789050490091,200,,211.57,yolo26n_int8,true,17.42,32.54,0.01,7
../../val2017/000000563604.jpg,1789050490091,200,,404.60,yolo26m_fp16,true,16.85,58.57,0.01,11
../../val2017/000000578500.jpg,1789050490099,200,,212.60,yolo26n_int8,true,12.08,32.92,0.01,4
../../val2017/000000578922.jpg,1789050490112,200,,211.70,yolo26n_int8,true,17.59,20.33,0.01,4
../../val2017/000000564133.jpg,1789050490118,200,,408.33,yolo26m_fp16,true,16.75,59.72,0.01,5
../../val2017/000000579070.jpg,1789050490123,200,,208.72,yolo26n_int8,true,13.92,20.30,0.01,24
../../val2017/000000579900.jpg,1789050490135,200,,210.13,yolo26n_int8,true,15.85,14.69,0.01,2
../../val2017/000000568690.jpg,1789050490146,200,,407.71,yolo26m_fp16,true,19.63,64.89,0.01,2
../../val2017/000000581206.jpg,1789050490146,200,,208.85,yolo26n_int8,true,16.04,13.57,0.01,2
../../val2017/000000581615.jpg,1789050490158,200,,198.49,yolo26n_int8,true,14.49,13.99,0.01,1
../../val2017/000000571804.jpg,1789050490172,200,,399.72,yolo26m_fp16,true,18.89,64.59,0.01,9
../../val2017/000000001818.jpg,1789050490174,200,,202.35,yolo26n_int8,true,16.97,16.06,0.01,3
../../val2017/000000002157.jpg,1789050490181,200,,206.38,yolo26n_int8,true,14.05,16.21,0.01,7
../../val2017/000000002299.jpg,1789050490194,200,,211.27,yolo26n_int8,true,14.99,21.49,0.01,9
../../val2017/000000575081.jpg,1789050490198,200,,401.61,yolo26m_fp16,true,15.82,77.61,0.01,3
../../val2017/000000003501.jpg,1789050490206,200,,203.24,yolo26n_int8,true,17.70,12.38,0.01,4
../../val2017/000000004795.jpg,1789050490218,200,,204.65,yolo26n_int8,true,14.30,15.00,0.01,2
../../val2017/000000576566.jpg,1789050490226,200,,399.81,yolo26m_fp16,true,14.68,72.99,0.01,3
../../val2017/000000005193.jpg,1789050490232,200,,206.82,yolo26n_int8,true,14.28,21.87,0.01,8
../../val2017/000000006471.jpg,1789050490243,200,,196.92,yolo26n_int8,true,18.93,13.17,0.01,9
../../val2017/000000577864.jpg,1789050490249,200,,402.38,yolo26m_fp16,true,14.35,73.72,0.01,5
../../val2017/000000006771.jpg,1789050490253,200,,196.16,yolo26n_int8,true,14.57,19.05,0.01,7
../../val2017/000000007991.jpg,1789050490265,200,,193.38,yolo26n_int8,true,14.49,16.77,0.01,1
../../val2017/000000578093.jpg,1789050490279,200,,399.91,yolo26m_fp16,true,15.69,70.25,0.01,7
../../val2017/000000008690.jpg,1789050490280,200,,189.24,yolo26n_int8,true,14.37,16.65,0.01,4
../../val2017/000000009891.jpg,1789050490292,200,,192.22,yolo26n_int8,true,16.25,16.43,0.01,4
../../val2017/000000578967.jpg,1789050490298,200,,393.77,yolo26m_fp16,true,13.66,68.23,0.01,1
../../val2017/000000009914.jpg,1789050490306,200,,194.47,yolo26n_int8,true,14.00,23.44,0.01,3
../../val2017/000000010583.jpg,1789050490319,200,,196.13,yolo26n_int8,true,16.30,19.71,0.01,2
../../val2017/000000581062.jpg,1789050490320,200,,393.51,yolo26m_fp16,true,13.98,70.54,0.01,2
../../val2017/000000010764.jpg,1789050490331,200,,195.23,yolo26n_int8,true,15.89,20.23,0.01,2
../../val2017/000000010995.jpg,1789050490344,200,,198.27,yolo26n_int8,true,14.86,24.30,0.01,1
../../val2017/000000581482.jpg,1789050490349,200,,394.80,yolo26m_fp16,true,14.35,69.50,0.01,2
../../val2017/000000011511.jpg,1789050490354,200,,195.37,yolo26n_int8,true,15.70,12.59,0.01,6
../../val2017/000000012280.jpg,1789050490366,200,,191.89,yolo26n_int8,true,12.50,17.25,0.01,2
../../val2017/000000581317.jpg,1789050490377,200,,427.49,yolo26m_fp16,true,17.99,69.41,0.01,4
../../val2017/000000013004.jpg,1789050490378,200,,196.95,yolo26n_int8,true,15.67,17.40,0.01,1
../../val2017/000000013201.jpg,1789050490385,200,,190.88,yolo26n_int8,true,15.85,10.70,0.01,2
../../val2017/000000013546.jpg,1789050490397,200,,190.74,yolo26n_int8,true,13.22,15.06,0.01,4
../../val2017/000000002587.jpg,1789050490409,200,,411.09,yolo26m_fp16,true,14.61,81.02,0.01,2
../../val2017/000000013597.jpg,1789050490411,200,,192.15,yolo26n_int8,true,15.14,14.08,0.01,1
../../val2017/000000014888.jpg,1789050490424,200,,192.70,yolo26n_int8,true,14.59,12.16,0.01,0
../../val2017/000000005477.jpg,1789050490433,200,,408.03,yolo26m_fp16,true,13.53,78.75,0.01,2
../../val2017/000000015079.jpg,1789050490442,200,,198.77,yolo26n_int8,true,14.98,21.93,0.01,2
../../val2017/000000015746.jpg,1789050490448,200,,194.41,yolo26n_int8,true,16.34,12.88,0.01,1
../../val2017/000000015956.jpg,1789050490458,200,,193.22,yolo26n_int8,true,15.02,14.88,0.01,4
../../val2017/000000005992.jpg,1789050490468,200,,423.90,yolo26m_fp16,true,13.59,81.49,0.01,5
../../val2017/000000017182.jpg,1789050490468,200,,186.92,yolo26n_int8,true,15.01,12.40,0.01,2
../../val2017/000000008629.jpg,1789050490482,200,,407.69,yolo26m_fp16,true,15.83,67.50,0.01,8
../../val2017/000000017714.jpg,1789050490486,200,,193.35,yolo26n_int8,true,15.52,12.14,0.01,3
../../val2017/000000017959.jpg,1789050490499,200,,191.71,yolo26n_int8,true,17.52,21.50,0.01,4
../../val2017/000000008844.jpg,1789050490505,200,,413.58,yolo26m_fp16,true,23.83,58.76,0.01,4
../../val2017/000000020333.jpg,1789050490510,200,,179.37,yolo26n_int8,true,14.50,15.90,0.01,2
../../val2017/000000019432.jpg,1789050490523,200,,203.20,yolo26n_int8,true,18.04,24.22,0.01,10
../../val2017/000000010092.jpg,1789050490531,200,,412.46,yolo26m_fp16,true,18.07,62.61,0.02,4
../../val2017/000000020571.jpg,1789050490535,200,,190.35,yolo26n_int8,true,15.33,14.76,0.01,4
../../val2017/000000022705.jpg,1789050490545,200,,191.10,yolo26n_int8,true,14.81,18.37,0.01,5
../../val2017/000000010977.jpg,1789050490551,200,,404.88,yolo26m_fp16,true,19.35,58.74,0.01,4
../../val2017/000000023230.jpg,1789050490563,200,,197.12,yolo26n_int8,true,17.45,10.57,0.01,2
../../val2017/000000025096.jpg,1789050490576,200,,198.21,yolo26n_int8,true,18.82,20.59,0.01,2
../../val2017/000000011615.jpg,1789050490581,200,,408.71,yolo26m_fp16,true,13.97,70.79,0.01,0
../../val2017/000000025139.jpg,1789050490586,200,,200.62,yolo26n_int8,true,15.99,20.75,0.01,1
../../val2017/000000025181.jpg,1789050490599,200,,202.02,yolo26n_int8,true,15.17,23.71,0.01,4
../../val2017/000000013291.jpg,1789050490603,200,,404.94,yolo26m_fp16,true,14.91,68.59,0.01,8
../../val2017/000000027696.jpg,1789050490613,200,,202.38,yolo26n_int8,true,14.52,20.60,0.01,4
../../val2017/000000027982.jpg,1789050490624,200,,199.69,yolo26n_int8,true,17.87,19.84,0.01,2
../../val2017/000000014226.jpg,1789050490632,200,,406.08,yolo26m_fp16,true,16.82,71.48,0.01,5
../../val2017/000000031050.jpg,1789050490632,200,,184.48,yolo26n_int8,true,15.48,15.54,0.01,3
../../val2017/000000031322.jpg,1789050490650,200,,190.87,yolo26n_int8,true,15.09,12.96,0.01,7
../../val2017/000000031620.jpg,1789050490659,200,,191.39,yolo26n_int8,true,13.09,18.60,0.01,4
../../val2017/000000015597.jpg,1789050490660,200,,410.81,yolo26m_fp16,true,15.52,79.69,0.01,2
../../val2017/000000032285.jpg,1789050490668,200,,182.42,yolo26n_int8,true,16.08,7.98,0.01,1
../../val2017/000000031817.jpg,1789050490682,200,,213.72,yolo26n_int8,true,17.67,20.12,0.01,3
../../val2017/000000016958.jpg,1789050490688,200,,408.62,yolo26m_fp16,true,14.04,77.49,0.01,8
../../val2017/000000032811.jpg,1789050490696,200,,196.71,yolo26n_int8,true,14.91,21.28,0.01,1
../../val2017/000000032861.jpg,1789050490707,200,,196.67,yolo26n_int8,true,13.00,19.74,0.01,2
../../val2017/000000017905.jpg,1789050490713,200,,414.61,yolo26m_fp16,true,14.62,78.74,0.01,2
../../val2017/000000033005.jpg,1789050490719,200,,195.03,yolo26n_int8,true,19.29,15.51,0.01,2
../../val2017/000000034071.jpg,1789050490733,200,,187.11,yolo26n_int8,true,14.63,13.21,0.01,0
../../val2017/000000020059.jpg,1789050490738,200,,417.02,yolo26m_fp16,true,18.41,69.66,0.01,2
../../val2017/000000033854.jpg,1789050490746,200,,210.02,yolo26n_int8,true,14.48,31.44,0.01,14
../../val2017/000000035770.jpg,1789050490758,200,,181.09,yolo26n_int8,true,15.08,8.59,0.01,0
../../val2017/000000022192.jpg,1789050490765,200,,415.57,yolo26m_fp16,true,16.43,70.16,0.01,2
../../val2017/000000035682.jpg,1789050490768,200,,204.41,yolo26n_int8,true,13.37,27.90,0.01,9
../../val2017/000000038678.jpg,1789050490783,200,,196.43,yolo26n_int8,true,12.91,19.12,0.01,6
../../val2017/000000023781.jpg,1789050490794,200,,416.24,yolo26m_fp16,true,14.49,69.01,0.01,8
../../val2017/000000039477.jpg,1789050490796,200,,195.05,yolo26n_int8,true,14.84,18.79,0.01,6
../../val2017/000000041888.jpg,1789050490808,200,,192.55,yolo26n_int8,true,18.79,12.48,0.01,3
../../val2017/000000025593.jpg,1789050490814,200,,403.71,yolo26m_fp16,true,15.41,63.47,0.01,1
../../val2017/000000042296.jpg,1789050490822,200,,197.13,yolo26n_int8,true,18.64,19.78,0.01,5
../../val2017/000000044652.jpg,1789050490832,200,,181.76,yolo26n_int8,true,13.11,14.13,0.01,1
../../val2017/000000042888.jpg,1789050490846,200,,213.81,yolo26n_int8,true,18.49,20.32,0.01,0
../../val2017/000000030828.jpg,1789050490846,200,,404.40,yolo26m_fp16,true,23.58,61.38,0.01,5
../../val2017/000000045472.jpg,1789050490858,200,,192.13,yolo26n_int8,true,13.24,13.01,0.01,10
../../val2017/000000046497.jpg,1789050490865,200,,196.22,yolo26n_int8,true,14.93,11.37,0.01,3
../../val2017/000000029640.jpg,1789050490869,200,,432.86,yolo26m_fp16,true,19.28,66.69,0.01,31
../../val2017/000000047585.jpg,1789050490877,200,,194.46,yolo26n_int8,true,17.31,8.90,0.01,7
../../val2017/000000050638.jpg,1789050490888,200,,192.49,yolo26n_int8,true,15.73,11.86,0.01,1
../../val2017/000000032081.jpg,1789050490893,200,,410.33,yolo26m_fp16,true,30.66,56.61,0.01,2
../../val2017/000000050828.jpg,1789050490900,200,,192.84,yolo26n_int8,true,18.74,9.98,0.01,3
../../val2017/000000051961.jpg,1789050490916,200,,197.20,yolo26n_int8,true,13.90,19.46,0.01,1
../../val2017/000000052462.jpg,1789050490926,200,,193.09,yolo26n_int8,true,18.99,12.51,0.01,2
../../val2017/000000032817.jpg,1789050490927,200,,421.24,yolo26m_fp16,true,20.44,71.57,0.01,6
../../val2017/000000054605.jpg,1789050490941,200,,195.07,yolo26n_int8,true,17.89,13.02,0.01,9
../../val2017/000000033104.jpg,1789050490943,200,,411.18,yolo26m_fp16,true,15.10,69.62,0.01,5
../../val2017/000000054967.jpg,1789050490953,200,,195.11,yolo26n_int8,true,14.65,20.48,0.01,12
../../val2017/000000057150.jpg,1789050490964,200,,195.33,yolo26n_int8,true,18.83,18.39,0.01,10
../../val2017/000000057672.jpg,1789050490972,200,,189.07,yolo26n_int8,true,16.01,13.00,0.01,9
../../val2017/000000035279.jpg,1789050490978,200,,427.25,yolo26m_fp16,true,17.24,69.15,0.02,13
../../val2017/000000058384.jpg,1789050490991,200,,195.77,yolo26n_int8,true,13.92,12.91,0.01,2
../../val2017/000000037740.jpg,1789050490993,200,,412.31,yolo26m_fp16,true,16.01,69.68,0.01,10
../../val2017/000000058655.jpg,1789050491002,200,,194.30,yolo26n_int8,true,15.22,14.66,0.01,1
../../val2017/000000060835.jpg,1789050491012,200,,189.30,yolo26n_int8,true,13.81,17.26,0.01,1
../../val2017/000000039551.jpg,1789050491022,200,,418.80,yolo26m_fp16,true,15.76,65.26,0.01,3
../../val2017/000000061108.jpg,1789050491028,200,,196.39,yolo26n_int8,true,15.19,18.19,0.01,2
../../val2017/000000061418.jpg,1789050491038,200,,191.78,yolo26n_int8,true,15.42,18.50,0.01,9
../../val2017/000000042563.jpg,1789050491045,200,,412.85,yolo26m_fp16,true,23.24,51.19,0.01,1
../../val2017/000000061747.jpg,1789050491049,200,,191.18,yolo26n_int8,true,15.09,13.45,0.01,2
../../val2017/000000062025.jpg,1789050491068,200,,203.27,yolo26n_int8,true,16.72,23.65,0.01,3
../../val2017/000000045070.jpg,1789050491071,200,,410.31,yolo26m_fp16,true,14.04,52.03,0.02,3
../../val2017/000000063552.jpg,1789050491081,200,,204.44,yolo26n_int8,true,14.23,23.40,0.01,1
../../val2017/000000049269.jpg,1789050491093,200,,404.44,yolo26m_fp16,true,17.69,65.45,0.01,2
../../val2017/000000064499.jpg,1789050491096,200,,203.33,yolo26n_int8,true,14.66,24.00,0.01,1
../../val2017/000000064523.jpg,1789050491109,200,,205.45,yolo26n_int8,true,15.81,25.06,0.01,14
../../val2017/000000050844.jpg,1789050491115,200,,401.75,yolo26m_fp16,true,21.75,53.70,0.01,3
../../val2017/000000064718.jpg,1789050491120,200,,203.61,yolo26n_int8,true,15.30,19.46,0.01,3
../../val2017/000000065455.jpg,1789050491133,200,,204.75,yolo26n_int8,true,15.28,22.03,0.01,7
../../val2017/000000053909.jpg,1789050491142,200,,404.38,yolo26m_fp16,true,14.81,61.27,0.01,3
../../val2017/000000066038.jpg,1789050491143,200,,201.81,yolo26n_int8,true,13.67,14.50,0.01,12
../../val2017/000000066706.jpg,1789050491160,200,,206.43,yolo26n_int8,true,15.65,15.89,0.01,3
../../val2017/000000066841.jpg,1789050491169,200,,205.43,yolo26n_int8,true,20.46,17.37,0.01,0
../../val2017/000000055950.jpg,1789050491168,200,,403.41,yolo26m_fp16,true,16.24,62.22,0.01,3
../../val2017/000000067310.jpg,1789050491181,200,,207.93,yolo26n_int8,true,14.61,17.18,0.01,4
../../val2017/000000057760.jpg,1789050491194,200,,400.18,yolo26m_fp16,true,14.12,71.97,0.01,19
../../val2017/000000068286.jpg,1789050491196,200,,202.23,yolo26n_int8,true,17.31,21.42,0.01,1
../../val2017/000000069138.jpg,1789050491204,200,,191.82,yolo26n_int8,true,14.11,10.78,0.01,2
../../val2017/000000068833.jpg,1789050491217,200,,213.53,yolo26n_int8,true,13.41,24.48,0.01,6
../../val2017/000000060823.jpg,1789050491220,200,,405.66,yolo26m_fp16,true,16.32,62.58,0.01,29
../../val2017/000000070774.jpg,1789050491227,200,,197.91,yolo26n_int8,true,13.73,14.52,0.01,1
../../val2017/000000071451.jpg,1789050491238,200,,199.36,yolo26n_int8,true,14.82,15.17,0.01,1
../../val2017/000000061333.jpg,1789050491244,200,,397.64,yolo26m_fp16,true,15.10,70.26,0.01,3
../../val2017/000000074646.jpg,1789050491252,200,,201.92,yolo26n_int8,true,14.00,19.93,0.01,6
../../val2017/000000076416.jpg,1789050491264,200,,195.41,yolo26n_int8,true,18.14,10.71,0.01,2
../../val2017/000000063047.jpg,1789050491270,200,,400.46,yolo26m_fp16,true,14.20,69.65,0.01,7
../../val2017/000000076625.jpg,1789050491276,200,,194.33,yolo26n_int8,true,14.73,17.80,0.01,7
../../val2017/000000077460.jpg,1789050491289,200,,192.32,yolo26n_int8,true,12.07,19.63,0.01,8
../../val2017/000000064462.jpg,1789050491295,200,,406.15,yolo26m_fp16,true,16.27,67.67,0.01,2
../../val2017/000000078420.jpg,1789050491299,200,,189.87,yolo26n_int8,true,15.12,13.83,0.01,3
../../val2017/000000078823.jpg,1789050491315,200,,194.47,yolo26n_int8,true,16.03,14.69,0.01,4
../../val2017/000000065350.jpg,1789050491322,200,,395.30,yolo26m_fp16,true,15.95,64.29,0.01,8
../../val2017/000000078959.jpg,1789050491322,200,,189.66,yolo26n_int8,true,9.97,22.41,0.01,0
../../val2017/000000079565.jpg,1789050491338,200,,194.72,yolo26n_int8,true,17.59,20.73,0.01,2
../../val2017/000000066523.jpg,1789050491344,200,,401.19,yolo26m_fp16,true,20.25,59.41,0.01,1
../../val2017/000000079588.jpg,1789050491350,200,,190.07,yolo26n_int8,true,15.08,16.12,0.01,5
../../val2017/000000079837.jpg,1789050491363,200,,193.77,yolo26n_int8,true,14.41,15.03,0.01,4
../../val2017/000000067616.jpg,1789050491371,200,,391.86,yolo26m_fp16,true,14.96,65.14,0.05,19
../../val2017/000000080932.jpg,1789050491375,200,,193.89,yolo26n_int8,true,19.46,15.86,0.01,7
../../val2017/000000081738.jpg,1789050491385,200,,189.29,yolo26n_int8,true,15.47,16.70,0.01,1
../../val2017/000000082807.jpg,1789050491399,200,,194.95,yolo26n_int8,true,14.04,18.50,0.01,2
../../val2017/000000068093.jpg,1789050491399,200,,407.62,yolo26m_fp16,true,14.11,68.82,0.01,6
../../val2017/000000084664.jpg,1789050491410,200,,182.89,yolo26n_int8,true,9.73,12.44,0.01,4
../../val2017/000000070048.jpg,1789050491425,200,,402.62,yolo26m_fp16,true,16.03,65.89,0.01,5
../../val2017/000000082812.jpg,1789050491425,200,,207.88,yolo26n_int8,true,14.37,30.94,0.01,10
../../val2017/000000085089.jpg,1789050491434,200,,195.45,yolo26n_int8,true,15.16,17.61,0.01,4
../../val2017/000000085823.jpg,1789050491448,200,,196.39,yolo26n_int8,true,13.45,13.91,0.01,3
../../val2017/000000076731.jpg,1789050491450,200,,354.25,yolo26m_fp16,true,12.66,27.62,0.01,0
../../val2017/000000087244.jpg,1789050491454,200,,190.13,yolo26n_int8,true,13.57,21.55,0.01,2
../../val2017/000000078426.jpg,1789050491474,200,,357.89,yolo26m_fp16,true,15.73,22.17,0.01,1
../../val2017/000000087742.jpg,1789050491476,200,,199.73,yolo26n_int8,true,20.00,12.00,0.01,1
../../val2017/000000087875.jpg,1789050491483,200,,194.31,yolo26n_int8,true,17.67,12.92,0.01,1
../../val2017/000000088265.jpg,1789050491495,200,,195.04,yolo26n_int8,true,15.84,13.28,0.01,1
../../val2017/000000073153.jpg,1789050491502,200,,456.12,yolo26m_fp16,true,13.68,129.37,0.01,1
../../val2017/000000088432.jpg,1789050491504,200,,188.21,yolo26n_int8,true,14.02,18.70,0.01,3
../../val2017/000000089045.jpg,1789050491519,200,,196.66,yolo26n_int8,true,12.05,15.26,0.01,2
../../val2017/000000076547.jpg,1789050491530,200,,459.01,yolo26m_fp16,true,17.29,117.49,0.01,6
../../val2017/000000090155.jpg,1789050491533,200,,194.47,yolo26n_int8,true,19.26,10.52,0.01,1
../../val2017/000000090956.jpg,1789050491543,200,,192.74,yolo26n_int8,true,14.55,15.42,0.01,1
../../val2017/000000091495.jpg,1789050491556,200,,192.13,yolo26n_int8,true,14.28,20.46,0.01,3
../../val2017/000000079031.jpg,1789050491555,200,,412.98,yolo26m_fp16,true,15.58,62.90,0.01,2
../../val2017/000000092660.jpg,1789050491560,200,,185.13,yolo26n_int8,true,13.76,11.07,0.01,1
../../val2017/000000093261.jpg,1789050491574,200,,188.84,yolo26n_int8,true,15.15,18.05,0.01,3
../../val2017/000000080274.jpg,1789050491581,200,,410.39,yolo26m_fp16,true,16.74,66.79,0.01,2
../../val2017/000000094336.jpg,1789050491586,200,,186.35,yolo26n_int8,true,17.70,14.39,0.01,3
../../val2017/000000094614.jpg,1789050491597,200,,187.16,yolo26n_int8,true,13.43,17.01,0.01,1
../../val2017/000000094852.jpg,1789050491610,200,,184.21,yolo26n_int8,true,13.89,12.75,0.01,1
../../val2017/000000080949.jpg,1789050491610,200,,415.44,yolo26m_fp16,true,17.29,77.19,0.01,5
../../val2017/000000096001.jpg,1789050491623,200,,189.44,yolo26n_int8,true,15.44,17.04,0.01,0
../../val2017/000000096549.jpg,1789050491633,200,,184.04,yolo26n_int8,true,8.82,28.94,0.01,1
../../val2017/000000083540.jpg,1789050491638,200,,418.05,yolo26m_fp16,true,14.76,78.02,0.01,2
../../val2017/000000097230.jpg,1789050491648,200,,193.68,yolo26n_int8,true,14.63,16.48,0.01,2
../../val2017/000000097585.jpg,1789050491657,200,,180.54,yolo26n_int8,true,14.73,12.60,0.01,3
../../val2017/000000088250.jpg,1789050491666,200,,370.53,yolo26m_fp16,true,13.33,26.70,0.01,2
../../val2017/000000097994.jpg,1789050491667,200,,183.55,yolo26n_int8,true,15.70,12.60,0.01,8
../../val2017/000000098287.jpg,1789050491682,200,,187.36,yolo26n_int8,true,8.66,24.41,0.01,8
../../val2017/000000087476.jpg,1789050491687,200,,417.14,yolo26m_fp16,true,14.41,74.62,0.02,14
../../val2017/000000098520.jpg,1789050491693,200,,189.22,yolo26n_int8,true,17.64,13.72,0.01,2
../../val2017/000000099182.jpg,1789050491708,200,,188.97,yolo26n_int8,true,19.36,20.46,0.01,2
../../val2017/000000085329.jpg,1789050491719,200,,474.79,yolo26m_fp16,true,18.92,122.80,0.01,2
../../val2017/000000099428.jpg,1789050491721,200,,190.39,yolo26n_int8,true,14.92,17.48,0.01,1
../../val2017/000000101068.jpg,1789050491729,200,,185.66,yolo26n_int8,true,12.26,17.07,0.01,2
../../val2017/000000089880.jpg,1789050491740,200,,417.56,yolo26m_fp16,true,14.60,73.21,0.01,2
../../val2017/000000104424.jpg,1789050491741,200,,180.37,yolo26n_int8,true,14.91,16.11,0.01,2
../../val2017/000000103585.jpg,1789050491753,200,,192.55,yolo26n_int8,true,14.78,14.94,0.01,5
../../val2017/000000105455.jpg,1789050491765,200,,189.99,yolo26n_int8,true,15.13,15.49,0.01,3
../../val2017/000000090631.jpg,1789050491766,200,,421.51,yolo26m_fp16,true,16.35,67.08,0.01,1
../../val2017/000000108440.jpg,1789050491776,200,,189.25,yolo26n_int8,true,9.35,26.05,0.01,1
../../val2017/000000108864.jpg,1789050491789,200,,191.54,yolo26n_int8,true,16.72,16.17,0.01,2
../../val2017/000000092177.jpg,1789050491794,200,,423.24,yolo26m_fp16,true,14.86,74.84,0.01,2
../../val2017/000000109798.jpg,1789050491799,200,,189.50,yolo26n_int8,true,19.43,14.70,0.01,3
../../val2017/000000094185.jpg,1789050491816,200,,414.78,yolo26m_fp16,true,12.94,74.69,0.01,11
../../val2017/000000110211.jpg,1789050491816,200,,192.47,yolo26n_int8,true,22.61,11.80,0.01,3
../../val2017/000000110784.jpg,1789050491826,200,,192.65,yolo26n_int8,true,16.10,12.24,0.01,3
../../val2017/000000112997.jpg,1789050491837,200,,188.94,yolo26n_int8,true,9.47,23.46,0.01,2
../../val2017/000000095899.jpg,1789050491844,200,,418.34,yolo26m_fp16,true,13.05,73.78,0.03,1
../../val2017/000000113235.jpg,1789050491849,200,,191.90,yolo26n_int8,true,14.63,17.45,0.01,4
../../val2017/000000113867.jpg,1789050491865,200,,197.41,yolo26n_int8,true,17.24,10.22,0.00,0
../../val2017/000000096825.jpg,1789050491868,200,,417.44,yolo26m_fp16,true,15.81,63.17,0.01,3
../../val2017/000000114770.jpg,1789050491876,200,,192.88,yolo26n_int8,true,15.80,13.61,0.01,1
../../val2017/000000118209.jpg,1789050491890,200,,181.28,yolo26n_int8,true,10.46,11.93,0.01,2
../../val2017/000000097278.jpg,1789050491894,200,,420.27,yolo26m_fp16,true,16.06,62.58,0.01,2
../../val2017/000000117914.jpg,1789050491900,200,,206.05,yolo26n_int8,true,17.02,35.25,0.01,1
../../val2017/000000118594.jpg,1789050491911,200,,190.20,yolo26n_int8,true,14.88,13.97,0.01,2
../../val2017/000000098497.jpg,1789050491922,200,,419.70,yolo26m_fp16,true,14.48,70.50,0.01,0
../../val2017/000000119233.jpg,1789050491922,200,,192.53,yolo26n_int8,true,19.10,15.99,0.01,3
../../val2017/000000119641.jpg,1789050491933,200,,192.38,yolo26n_int8,true,13.16,17.06,0.01,17
../../val2017/000000100510.jpg,1789050491944,200,,411.05,yolo26m_fp16,true,17.56,64.29,0.01,4
../../val2017/000000119677.jpg,1789050491948,200,,194.85,yolo26n_int8,true,15.38,13.50,0.01,3
../../val2017/000000120584.jpg,1789050491954,200,,188.49,yolo26n_int8,true,9.58,21.44,0.01,1
../../val2017/000000123213.jpg,1789050491970,200,,193.60,yolo26n_int8,true,17.12,18.53,0.01,9
../../val2017/000000102331.jpg,1789050491973,200,,417.01,yolo26m_fp16,true,15.87,77.39,0.01,2
../../val2017/000000123480.jpg,1789050491981,200,,192.22,yolo26n_int8,true,16.53,14.25,0.01,1
../../val2017/000000108253.jpg,1789050491995,200,,413.57,yolo26m_fp16,true,14.83,67.04,0.01,15
../../val2017/000000125062.jpg,1789050492001,200,,184.53,yolo26n_int8,true,19.84,11.98,0.01,7
../../val2017/000000124636.jpg,1789050492014,200,,214.03,yolo26n_int8,true,17.25,24.52,0.01,2
../../val2017/000000109916.jpg,1789050492020,200,,409.18,yolo26m_fp16,true,19.33,60.50,0.01,4
../../val2017/000000125257.jpg,1789050492025,200,,198.68,yolo26n_int8,true,7.19,25.72,0.01,2
../../val2017/000000125936.jpg,1789050492042,200,,203.89,yolo26n_int8,true,21.06,25.90,0.01,9
../../val2017/000000111951.jpg,1789050492044,200,,406.01,yolo26m_fp16,true,21.59,53.53,0.01,5
../../val2017/000000128699.jpg,1789050492055,200,,186.24,yolo26n_int8,true,16.46,12.41,0.01,5
../../val2017/000000127135.jpg,1789050492067,200,,216.98,yolo26n_int8,true,19.26,24.44,0.01,1
../../val2017/000000113589.jpg,1789050492068,200,,401.88,yolo26m_fp16,true,15.30,64.53,0.01,7
../../val2017/000000129135.jpg,1789050492073,200,,197.15,yolo26n_int8,true,10.85,12.91,0.01,2
../../val2017/000000130386.jpg,1789050492088,200,,198.03,yolo26n_int8,true,14.83,17.36,0.02,5
../../val2017/000000116206.jpg,1789050492097,200,,409.12,yolo26m_fp16,true,16.37,68.76,0.01,2
../../val2017/000000130826.jpg,1789050492098,200,,197.99,yolo26n_int8,true,15.41,12.43,0.01,6
../../val2017/000000131379.jpg,1789050492114,200,,202.45,yolo26n_int8,true,15.90,13.55,0.01,1
../../val2017/000000132622.jpg,1789050492123,200,,201.07,yolo26n_int8,true,12.19,23.53,0.01,1
../../val2017/000000119911.jpg,1789050492124,200,,359.57,yolo26m_fp16,true,14.85,24.99,0.01,7
../../val2017/000000133233.jpg,1789050492137,200,,189.32,yolo26n_int8,true,13.04,13.97,0.01,0
../../val2017/000000132931.jpg,1789050492150,200,,215.97,yolo26n_int8,true,16.65,22.20,0.01,3
../../val2017/000000119516.jpg,1789050492157,200,,416.19,yolo26m_fp16,true,15.50,75.81,0.01,6
../../val2017/000000133343.jpg,1789050492157,200,,202.68,yolo26n_int8,true,15.73,16.18,0.01,2
../../val2017/000000133645.jpg,1789050492169,200,,198.92,yolo26n_int8,true,14.76,13.07,0.01,2
../../val2017/000000134096.jpg,1789050492178,200,,196.27,yolo26n_int8,true,9.18,20.22,0.01,1
../../val2017/000000118405.jpg,1789050492179,200,,459.22,yolo26m_fp16,true,15.96,119.70,0.01,1
../../val2017/000000134856.jpg,1789050492190,200,,188.75,yolo26n_int8,true,14.38,11.30,0.01,2
../../val2017/000000134886.jpg,1789050492202,200,,188.30,yolo26n_int8,true,14.97,14.55,0.01,4
../../val2017/000000123585.jpg,1789050492207,200,,412.18,yolo26m_fp16,true,13.91,74.44,0.01,6
../../val2017/000000137106.jpg,1789050492213,200,,187.61,yolo26n_int8,true,17.93,13.56,0.01,1
../../val2017/000000137294.jpg,1789050492232,200,,189.89,yolo26n_int8,true,15.19,12.22,0.01,1
../../val2017/000000124798.jpg,1789050492233,200,,416.39,yolo26m_fp16,true,20.48,68.70,0.01,17
../../val2017/000000138856.jpg,1789050492239,200,,183.99,yolo26n_int8,true,15.16,12.88,0.01,2
../../val2017/000000140076.jpg,1789050492250,200,,182.16,yolo26n_int8,true,10.03,25.26,0.01,8
../../val2017/000000126107.jpg,1789050492258,200,,413.37,yolo26m_fp16,true,18.46,69.71,0.01,8
../../val2017/000000140203.jpg,1789050492262,200,,189.05,yolo26n_int8,true,17.67,16.98,0.01,3
../../val2017/000000140270.jpg,1789050492276,200,,188.11,yolo26n_int8,true,16.70,19.47,0.01,2
../../val2017/000000128051.jpg,1789050492280,200,,413.00,yolo26m_fp16,true,12.29,75.33,0.01,5
../../val2017/000000140840.jpg,1789050492287,200,,188.72,yolo26n_int8,true,15.42,21.24,0.01,9
../../val2017/000000141328.jpg,1789050492299,200,,185.10,yolo26n_int8,true,8.37,21.01,0.01,4
../../val2017/000000130579.jpg,1789050492309,200,,414.93,yolo26m_fp16,true,21.30,66.76,0.01,2
../../val2017/000000142092.jpg,1789050492311,200,,187.24,yolo26n_int8,true,17.06,12.46,0.01,1
../../val2017/000000143961.jpg,1789050492325,200,,185.73,yolo26n_int8,true,14.89,15.47,0.01,10
../../val2017/000000131938.jpg,1789050492334,200,,412.51,yolo26m_fp16,true,14.03,71.12,0.01,1
../../val2017/000000144003.jpg,1789050492336,200,,186.52,yolo26n_int8,true,16.35,19.74,0.01,7
../../val2017/000000144798.jpg,1789050492342,200,,184.03,yolo26n_int8,true,9.72,19.28,0.01,1
../../val2017/000000145620.jpg,1789050492355,200,,185.72,yolo26n_int8,true,13.58,15.97,0.01,4
../../val2017/000000146457.jpg,1789050492364,200,,185.42,yolo26n_int8,true,15.02,11.88,0.01,11
../../val2017/000000133000.jpg,1789050492365,200,,420.91,yolo26m_fp16,true,14.29,76.94,0.01,5
../../val2017/000000146498.jpg,1789050492371,200,,168.41,yolo26n_int8,true,8.19,7.86,0.01,0
../../val2017/000000146489.jpg,1789050492386,200,,195.25,yolo26n_int8,true,14.40,17.89,0.01,4
../../val2017/000000147415.jpg,1789050492395,200,,182.38,yolo26n_int8,true,17.32,10.47,0.01,3
../../val2017/000000133969.jpg,1789050492395,200,,420.41,yolo26m_fp16,true,16.49,81.80,0.01,19
../../val2017/000000150224.jpg,1789050492407,200,,168.28,yolo26n_int8,true,11.03,16.41,0.01,8
../../val2017/000000148730.jpg,1789050492420,200,,186.61,yolo26n_int8,true,13.49,26.03,0.01,0
../../val2017/000000134112.jpg,1789050492423,200,,428.25,yolo26m_fp16,true,14.51,84.88,0.01,3
../../val2017/000000150417.jpg,1789050492434,200,,183.85,yolo26n_int8,true,15.93,13.22,0.01,8
../../val2017/000000151480.jpg,1789050492445,200,,182.71,yolo26n_int8,true,14.60,17.85,0.01,7
../../val2017/000000139077.jpg,1789050492446,200,,378.46,yolo26m_fp16,true,15.17,24.25,0.01,3
../../val2017/000000151657.jpg,1789050492456,200,,179.77,yolo26n_int8,true,15.46,15.42,0.05,3
../../val2017/000000151820.jpg,1789050492464,200,,176.48,yolo26n_int8,true,9.42,18.99,0.01,15
../../val2017/000000151962.jpg,1789050492483,200,,183.46,yolo26n_int8,true,15.47,10.37,0.01,2
../../val2017/000000138492.jpg,1789050492485,200,,439.99,yolo26m_fp16,true,13.99,78.41,0.01,2
../../val2017/000000135561.jpg,1789050492493,200,,473.40,yolo26m_fp16,true,17.44,125.45,0.01,7
../../val2017/000000152465.jpg,1789050492498,200,,187.28,yolo26n_int8,true,17.63,11.05,0.01,1
../../val2017/000000152740.jpg,1789050492515,200,,190.18,yolo26n_int8,true,18.70,19.54,0.01,14
../../val2017/000000140556.jpg,1789050492517,200,,419.94,yolo26m_fp16,true,15.12,57.85,0.01,7
../../val2017/000000152870.jpg,1789050492526,200,,190.00,yolo26n_int8,true,15.08,28.38,0.01,2
../../val2017/000000153632.jpg,1789050492538,200,,196.22,yolo26n_int8,true,15.49,25.39,0.01,3
../../val2017/000000144784.jpg,1789050492546,200,,389.56,yolo26m_fp16,true,17.66,27.83,0.01,1
../../val2017/000000154087.jpg,1789050492549,200,,193.74,yolo26n_int8,true,12.04,22.46,0.01,4
../../val2017/000000154705.jpg,1789050492563,200,,196.65,yolo26n_int8,true,13.60,21.12,0.01,5
../../val2017/000000143068.jpg,1789050492568,200,,443.37,yolo26m_fp16,true,32.84,77.61,0.06,9
../../val2017/000000155145.jpg,1789050492574,200,,202.42,yolo26n_int8,true,18.90,15.47,0.01,5
../../val2017/000000155154.jpg,1789050492585,200,,199.09,yolo26n_int8,true,16.36,19.45,0.01,0
../../val2017/000000155443.jpg,1789050492596,200,,199.73,yolo26n_int8,true,15.86,17.58,0.01,2
../../val2017/000000146358.jpg,1789050492596,200,,417.24,yolo26m_fp16,true,16.26,68.42,0.01,17
../../val2017/000000156292.jpg,1789050492611,200,,202.93,yolo26n_int8,true,13.15,13.09,0.01,5
../../val2017/000000157365.jpg,1789050492622,200,,201.12,yolo26n_int8,true,8.77,24.92,0.01,5
../../val2017/000000146667.jpg,1789050492622,200,,414.49,yolo26m_fp16,true,21.71,64.00,0.01,21
../../val2017/000000158548.jpg,1789050492631,200,,196.51,yolo26n_int8,true,15.69,8.04,0.01,3
../../val2017/000000159791.jpg,1789050492645,200,,199.09,yolo26n_int8,true,19.70,16.33,0.01,4
../../val2017/000000147498.jpg,1789050492652,200,,419.62,yolo26m_fp16,true,18.91,67.43,0.01,6
../../val2017/000000159977.jpg,1789050492655,200,,198.82,yolo26n_int8,true,13.61,14.49,0.01,2
../../val2017/000000161799.jpg,1789050492671,200,,206.92,yolo26n_int8,true,13.44,16.76,0.01,3
../../val2017/000000151051.jpg,1789050492675,200,,416.34,yolo26m_fp16,true,14.12,80.78,0.01,2
../../val2017/000000161820.jpg,1789050492683,200,,199.56,yolo26n_int8,true,18.39,16.91,0.01,1
../../val2017/000000163290.jpg,1789050492694,200,,194.69,yolo26n_int8,true,10.92,19.77,0.01,1
../../val2017/000000151662.jpg,1789050492701,200,,420.69,yolo26m_fp16,true,14.27,75.90,0.01,1
../../val2017/000000163562.jpg,1789050492710,200,,194.96,yolo26n_int8,true,20.56,18.47,0.01,2
../../val2017/000000163682.jpg,1789050492718,200,,191.93,yolo26n_int8,true,15.33,12.87,0.01,3
../../val2017/000000152214.jpg,1789050492728,200,,417.67,yolo26m_fp16,true,16.74,70.78,0.01,2
../../val2017/000000164115.jpg,1789050492733,200,,194.44,yolo26n_int8,true,17.78,11.91,0.01,1
../../val2017/000000166426.jpg,1789050492745,200,,195.66,yolo26n_int8,true,14.79,20.66,0.01,9
../../val2017/000000153299.jpg,1789050492752,200,,415.03,yolo26m_fp16,true,16.45,62.75,0.01,2
../../val2017/000000166563.jpg,1789050492753,200,,190.47,yolo26n_int8,true,15.58,16.27,0.01,0
../../val2017/000000169169.jpg,1789050492763,200,,188.73,yolo26n_int8,true,9.31,19.48,0.01,14
../../val2017/000000169996.jpg,1789050492775,200,,190.16,yolo26n_int8,true,12.97,14.61,0.01,11
../../val2017/000000154358.jpg,1789050492779,200,,412.86,yolo26m_fp16,true,20.41,65.59,0.01,14
../../val2017/000000170595.jpg,1789050492788,200,,192.47,yolo26n_int8,true,19.10,10.85,0.01,1
../../val2017/000000171740.jpg,1789050492800,200,,188.70,yolo26n_int8,true,16.65,11.56,0.01,3
../../val2017/000000156071.jpg,1789050492807,200,,411.39,yolo26m_fp16,true,15.12,68.17,0.01,11
../../val2017/000000172877.jpg,1789050492810,200,,187.42,yolo26n_int8,true,17.40,14.53,0.01,4
../../val2017/000000172935.jpg,1789050492821,200,,189.26,yolo26n_int8,true,14.68,20.17,0.01,1
../../val2017/000000173371.jpg,1789050492832,200,,185.78,yolo26n_int8,true,15.05,13.74,0.01,10
../../val2017/000000157756.jpg,1789050492836,200,,412.69,yolo26m_fp16,true,21.91,68.04,0.01,17
../../val2017/000000174482.jpg,1789050492844,200,,188.44,yolo26n_int8,true,15.54,9.35,0.01,7
../../val2017/000000175251.jpg,1789050492857,200,,185.49,yolo26n_int8,true,15.27,18.25,0.01,1
../../val2017/000000158744.jpg,1789050492871,200,,424.78,yolo26m_fp16,true,13.96,74.11,0.01,6
../../val2017/000000176037.jpg,1789050492871,200,,186.81,yolo26n_int8,true,14.54,13.00,0.01,3
../../val2017/000000176606.jpg,1789050492885,200,,191.42,yolo26n_int8,true,15.28,11.07,0.01,2
../../val2017/000000162035.jpg,1789050492888,200,,403.18,yolo26m_fp16,true,15.95,73.62,0.01,5
../../val2017/000000177015.jpg,1789050492890,200,,179.77,yolo26n_int8,true,13.49,14.90,0.01,4
../../val2017/000000162366.jpg,1789050492906,200,,412.01,yolo26m_fp16,true,15.56,71.92,0.01,1
../../val2017/000000177065.jpg,1789050492911,200,,192.21,yolo26n_int8,true,14.38,10.13,0.01,9
../../val2017/000000178469.jpg,1789050492925,200,,191.55,yolo26n_int8,true,18.76,19.13,0.01,2
../../val2017/000000163611.jpg,1789050492932,200,,414.17,yolo26m_fp16,true,22.00,51.90,0.01,9
../../val2017/000000179141.jpg,1789050492937,200,,191.47,yolo26n_int8,true,18.01,15.39,0.01,6
../../val2017/000000179214.jpg,1789050492953,200,,201.54,yolo26n_int8,true,19.95,25.02,0.01,1
../../val2017/000000166918.jpg,1789050492955,200,,381.62,yolo26m_fp16,true,17.98,22.40,0.01,33
../../val2017/000000180798.jpg,1789050492963,200,,198.81,yolo26n_int8,true,17.57,22.06,0.01,1
../../val2017/000000181796.jpg,1789050492973,200,,197.60,yolo26n_int8,true,9.80,24.82,0.01,4
../../val2017/000000182441.jpg,1789050492988,200,,199.70,yolo26n_int8,true,13.25,21.34,0.01,1
../../val2017/000000165351.jpg,1789050492989,200,,442.23,yolo26m_fp16,true,34.61,62.05,0.01,1
../../val2017/000000183127.jpg,1789050492999,200,,199.44,yolo26n_int8,true,14.86,16.93,0.01,2
../../val2017/000000170099.jpg,1789050493012,200,,416.73,yolo26m_fp16,true,27.02,56.83,0.01,3
../../val2017/000000184611.jpg,1789050493014,200,,204.43,yolo26n_int8,true,14.92,18.25,0.01,16
../../val2017/000000184762.jpg,1789050493023,200,,201.70,yolo26n_int8,true,18.57,11.48,0.01,0
../../val2017/000000185473.jpg,1789050493033,200,,200.94,yolo26n_int8,true,12.42,22.15,0.01,7
../../val2017/000000172083.jpg,1789050493035,200,,412.87,yolo26m_fp16,true,13.91,72.76,0.01,3
../../val2017/000000186873.jpg,1789050493044,200,,199.09,yolo26n_int8,true,12.12,14.57,0.01,8
../../val2017/000000187243.jpg,1789050493060,200,,202.32,yolo26n_int8,true,18.13,11.50,0.01,2
../../val2017/000000173799.jpg,1789050493061,200,,408.89,yolo26m_fp16,true,18.74,62.85,0.01,22
../../val2017/000000191614.jpg,1789050493067,200,,196.71,yolo26n_int8,true,16.17,9.81,0.01,3
../../val2017/000000191761.jpg,1789050493078,200,,189.22,yolo26n_int8,true,18.99,11.35,0.01,2
../../val2017/000000175535.jpg,1789050493087,200,,411.10,yolo26m_fp16,true,13.65,69.28,0.01,12
../../val2017/000000192964.jpg,1789050493090,200,,178.30,yolo26n_int8,true,9.18,11.91,0.01,2
../../val2017/000000192191.jpg,1789050493105,200,,214.03,yolo26n_int8,true,19.83,23.06,0.01,4
../../val2017/000000176901.jpg,1789050493110,200,,408.52,yolo26m_fp16,true,15.98,72.88,0.01,5
../../val2017/000000193181.jpg,1789050493116,200,,190.65,yolo26n_int8,true,16.74,12.97,0.01,4
../../val2017/000000194471.jpg,1789050493129,200,,192.22,yolo26n_int8,true,16.39,24.48,0.01,2
../../val2017/000000177213.jpg,1789050493135,200,,406.65,yolo26m_fp16,true,23.37,63.44,0.01,7
../../val2017/000000194506.jpg,1789050493140,200,,186.47,yolo26n_int8,true,18.18,11.29,0.01,2
../../val2017/000000195045.jpg,1789050493152,200,,188.79,yolo26n_int8,true,13.62,15.23,0.01,1
../../val2017/000000180560.jpg,1789050493161,200,,407.95,yolo26m_fp16,true,15.07,68.70,0.01,4
../../val2017/000000196442.jpg,1789050493165,200,,190.71,yolo26n_int8,true,13.24,26.46,0.01,6
../../val2017/000000197528.jpg,1789050493176,200,,175.08,yolo26n_int8,true,8.91,12.34,0.01,1
../../val2017/000000196843.jpg,1789050493189,200,,199.97,yolo26n_int8,true,14.31,24.05,0.01,4
../../val2017/000000186449.jpg,1789050493190,200,,352.00,yolo26m_fp16,true,14.82,26.71,0.01,13
../../val2017/000000198928.jpg,1789050493199,200,,184.60,yolo26n_int8,true,14.56,20.58,0.01,2
../../val2017/000000199442.jpg,1789050493212,200,,188.84,yolo26n_int8,true,13.46,20.69,0.01,2
../../val2017/000000184400.jpg,1789050493218,200,,410.65,yolo26m_fp16,true,13.18,78.74,0.01,3
../../val2017/000000201775.jpg,1789050493223,200,,187.30,yolo26n_int8,true,11.84,24.98,0.01,3
../../val2017/000000202001.jpg,1789050493240,200,,195.94,yolo26n_int8,true,20.58,11.49,0.01,3
../../val2017/000000181859.jpg,1789050493242,200,,462.69,yolo26m_fp16,true,13.20,126.61,0.01,3
../../val2017/000000203389.jpg,1789050493250,200,,190.41,yolo26n_int8,true,16.27,19.18,0.01,9
../../val2017/000000190637.jpg,1789050493267,200,,396.03,yolo26m_fp16,true,16.14,76.37,0.01,5
../../val2017/000000203580.jpg,1789050493270,200,,201.67,yolo26n_int8,true,13.19,21.08,0.01,2
../../val2017/000000204186.jpg,1789050493274,200,,195.52,yolo26n_int8,true,13.24,12.50,0.01,5
../../val2017/000000205776.jpg,1789050493291,200,,204.43,yolo26n_int8,true,14.82,18.60,0.01,1
../../val2017/000000191672.jpg,1789050493294,200,,407.97,yolo26m_fp16,true,17.09,69.59,0.01,2
../../val2017/000000208423.jpg,1789050493296,200,,190.83,yolo26n_int8,true,17.00,14.53,0.01,9
../../val2017/000000209753.jpg,1789050493311,200,,181.33,yolo26n_int8,true,14.17,12.13,0.01,1
../../val2017/000000192904.jpg,1789050493317,200,,411.46,yolo26m_fp16,true,13.33,71.52,0.01,9
../../val2017/000000209142.jpg,1789050493324,200,,207.22,yolo26n_int8,true,16.81,20.90,0.01,5
../../val2017/000000210032.jpg,1789050493332,200,,191.71,yolo26n_int8,true,8.11,19.09,0.01,6
../../val2017/000000194216.jpg,1789050493344,200,,411.76,yolo26m_fp16,true,14.49,73.99,0.01,3
../../val2017/000000210520.jpg,1789050493349,200,,197.34,yolo26n_int8,true,15.65,13.71,0.01,9
../../val2017/000000211674.jpg,1789050493360,200,,195.29,yolo26n_int8,true,14.37,16.80,0.01,6
../../val2017/000000212166.jpg,1789050493369,200,,192.96,yolo26n_int8,true,18.47,10.96,0.01,2
../../val2017/000000194940.jpg,1789050493374,200,,417.99,yolo26m_fp16,true,15.23,75.08,0.01,7
../../val2017/000000213171.jpg,1789050493385,200,,196.15,yolo26n_int8,true,18.32,18.08,0.01,2
../../val2017/000000215072.jpg,1789050493394,200,,194.35,yolo26n_int8,true,9.61,20.83,0.01,5
../../val2017/000000197022.jpg,1789050493396,200,,406.48,yolo26m_fp16,true,14.44,67.69,0.01,2
../../val2017/000000215644.jpg,1789050493410,200,,198.01,yolo26n_int8,true,15.76,20.38,0.01,1
../../val2017/000000198805.jpg,1789050493423,200,,409.86,yolo26m_fp16,true,16.02,68.86,0.01,4
../../val2017/000000217400.jpg,1789050493424,200,,201.51,yolo26n_int8,true,17.69,17.14,0.01,1
../../val2017/000000219485.jpg,1789050493436,200,,195.70,yolo26n_int8,true,12.67,21.49,0.01,1
../../val2017/000000220310.jpg,1789050493448,200,,196.84,yolo26n_int8,true,16.64,22.75,0.01,1
../../val2017/000000201426.jpg,1789050493449,200,,416.29,yolo26m_fp16,true,17.36,71.20,0.01,7
../../val2017/000000222455.jpg,1789050493460,200,,190.58,yolo26n_int8,true,12.43,18.06,0.01,0
../../val2017/000000223090.jpg,1789050493474,200,,200.41,yolo26n_int8,true,13.98,21.60,0.01,1
../../val2017/000000203546.jpg,1789050493475,200,,413.93,yolo26m_fp16,true,16.90,68.85,0.01,1
../../val2017/000000223182.jpg,1789050493484,200,,192.75,yolo26n_int8,true,15.70,10.50,0.01,8
../../val2017/000000207538.jpg,1789050493499,200,,408.43,yolo26m_fp16,true,17.96,73.17,0.01,1
../../val2017/000000223789.jpg,1789050493500,200,,203.49,yolo26n_int8,true,20.88,18.02,0.01,1
../../val2017/000000223959.jpg,1789050493507,200,,195.77,yolo26n_int8,true,16.31,17.39,0.01,2
../../val2017/000000224051.jpg,1789050493517,200,,199.70,yolo26n_int8,true,9.75,18.20,0.01,3
../../val2017/000000208901.jpg,1789050493530,200,,419.28,yolo26m_fp16,true,14.23,78.54,0.01,1
../../val2017/000000224222.jpg,1789050493537,200,,204.32,yolo26n_int8,true,13.87,16.06,0.01,4
../../val2017/000000225670.jpg,1789050493544,200,,194.68,yolo26n_int8,true,14.16,17.04,0.01,4
../../val2017/000000226171.jpg,1789050493554,200,,192.98,yolo26n_int8,true,15.28,14.24,0.01,5
../../val2017/000000210030.jpg,1789050493554,200,,418.73,yolo26m_fp16,true,17.34,72.66,0.01,3
../../val2017/000000226408.jpg,1789050493566,200,,196.52,yolo26n_int8,true,15.10,21.59,0.01,1
../../val2017/000000226592.jpg,1789050493576,200,,191.10,yolo26n_int8,true,10.65,16.48,0.01,2
../../val2017/000000211069.jpg,1789050493582,200,,420.68,yolo26m_fp16,true,14.15,67.95,0.01,3
../../val2017/000000227985.jpg,1789050493586,200,,189.97,yolo26n_int8,true,13.75,9.22,0.01,4
../../val2017/000000229216.jpg,1789050493598,200,,188.04,yolo26n_int8,true,13.67,14.60,0.01,3
../../val2017/000000229948.jpg,1789050493607,200,,182.73,yolo26n_int8,true,15.37,12.95,0.01,2
../../val2017/000000214720.jpg,1789050493608,200,,417.16,yolo26m_fp16,true,21.92,66.82,0.01,10
../../val2017/000000230362.jpg,1789050493625,200,,188.47,yolo26n_int8,true,18.87,12.81,0.01,3
../../val2017/000000231508.jpg,1789050493637,200,,187.07,yolo26n_int8,true,15.30,23.93,0.01,9
../../val2017/000000215723.jpg,1789050493638,200,,419.45,yolo26m_fp16,true,15.40,80.93,0.01,5
../../val2017/000000231580.jpg,1789050493644,200,,183.12,yolo26n_int8,true,9.95,20.37,0.01,8
../../val2017/000000231822.jpg,1789050493660,200,,184.74,yolo26n_int8,true,14.62,20.71,0.01,5
../../val2017/000000219578.jpg,1789050493665,200,,422.57,yolo26m_fp16,true,14.73,76.76,0.01,2
../../val2017/000000232244.jpg,1789050493670,200,,182.00,yolo26n_int8,true,17.92,13.58,0.01,2
../../val2017/000000236426.jpg,1789050493684,200,,176.71,yolo26n_int8,true,14.95,12.23,0.01,13
../../val2017/000000221155.jpg,1789050493691,200,,423.54,yolo26m_fp16,true,15.13,73.59,0.01,3
../../val2017/000000235778.jpg,1789050493696,200,,195.86,yolo26n_int8,true,13.19,33.48,0.01,2
../../val2017/000000236690.jpg,1789050493705,200,,187.35,yolo26n_int8,true,13.77,16.91,0.01,1
../../val2017/000000238039.jpg,1789050493718,200,,180.76,yolo26n_int8,true,13.87,15.16,0.01,1
../../val2017/000000223188.jpg,1789050493719,200,,424.82,yolo26m_fp16,true,17.14,73.10,0.01,1
../../val2017/000000238410.jpg,1789050493730,200,,185.06,yolo26n_int8,true,14.88,15.77,0.01,7
../../val2017/000000239537.jpg,1789050493739,200,,184.32,yolo26n_int8,true,9.54,19.78,0.01,3
../../val2017/000000224119.jpg,1789050493741,200,,417.07,yolo26m_fp16,true,14.21,74.51,0.01,9
../../val2017/000000239857.jpg,1789050493754,200,,187.59,yolo26n_int8,true,19.71,10.71,0.01,9
../../val2017/000000241297.jpg,1789050493764,200,,178.94,yolo26n_int8,true,14.51,11.93,0.01,1
../../val2017/000000224807.jpg,1789050493770,200,,422.78,yolo26m_fp16,true,16.89,69.80,0.01,37
../../val2017/000000243344.jpg,1789050493783,200,,195.99,yolo26n_int8,true,20.23,12.06,0.01,2
../../val2017/000000243989.jpg,1789050493794,200,,195.29,yolo26n_int8,true,19.61,20.43,0.01,6
../../val2017/000000226417.jpg,1789050493796,200,,421.82,yolo26m_fp16,true,18.42,72.52,0.01,22
../../val2017/000000244019.jpg,1789050493800,200,,191.50,yolo26n_int8,true,11.60,19.21,0.01,1
../../val2017/000000245026.jpg,1789050493814,200,,188.22,yolo26n_int8,true,13.71,19.38,0.01,4
../../val2017/000000245173.jpg,1789050493826,200,,189.28,yolo26n_int8,true,14.67,10.20,0.01,1
../../val2017/000000227686.jpg,1789050493828,200,,433.64,yolo26m_fp16,true,16.48,67.34,0.01,2
../../val2017/000000246308.jpg,1789050493841,200,,196.78,yolo26n_int8,true,15.79,13.12,0.01,8
../../val2017/000000229747.jpg,1789050493850,200,,425.54,yolo26m_fp16,true,22.93,69.73,0.01,1
../../val2017/000000246522.jpg,1789050493855,200,,194.88,yolo26n_int8,true,18.76,23.43,0.01,1
../../val2017/000000248111.jpg,1789050493865,200,,195.47,yolo26n_int8,true,15.85,24.90,0.01,3
../../val2017/000000248112.jpg,1789050493875,200,,190.27,yolo26n_int8,true,9.76,29.03,0.01,4
../../val2017/000000231169.jpg,1789050493876,200,,427.74,yolo26m_fp16,true,14.15,77.23,0.01,1
../../val2017/000000248752.jpg,1789050493888,200,,192.39,yolo26n_int8,true,15.58,24.06,0.01,2
../../val2017/000000250282.jpg,1789050493902,200,,196.10,yolo26n_int8,true,14.70,19.85,0.01,8
../../val2017/000000232088.jpg,1789050493904,200,,428.46,yolo26m_fp16,true,15.95,75.11,0.01,4
../../val2017/000000251119.jpg,1789050493910,200,,179.79,yolo26n_int8,true,12.76,12.71,0.01,0
../../val2017/000000239041.jpg,1789050493928,200,,373.83,yolo26m_fp16,true,13.52,24.50,0.01,6
../../val2017/000000250901.jpg,1789050493929,200,,209.60,yolo26n_int8,true,15.74,19.09,0.01,5
../../val2017/000000251572.jpg,1789050493938,200,,199.18,yolo26n_int8,true,14.38,20.38,0.01,2
../../val2017/000000237864.jpg,1789050493954,200,,424.00,yolo26m_fp16,true,20.19,67.53,0.01,2
../../val2017/000000255912.jpg,1789050493955,200,,200.09,yolo26n_int8,true,17.66,14.53,0.01,2
../../val2017/000000256518.jpg,1789050493964,200,,199.27,yolo26n_int8,true,18.07,21.26,0.01,5
../../val2017/000000257169.jpg,1789050493976,200,,192.63,yolo26n_int8,true,15.18,17.29,0.01,1
../../val2017/000000235064.jpg,1789050493982,200,,482.66,yolo26m_fp16,true,15.30,118.56,0.01,1
../../val2017/000000258911.jpg,1789050493987,200,,193.03,yolo26n_int8,true,13.39,23.43,0.01,3
../../val2017/000000260657.jpg,1789050493999,200,,198.95,yolo26n_int8,true,15.30,19.39,0.01,0
../../val2017/000000240250.jpg,1789050494007,200,,429.56,yolo26m_fp16,true,18.76,65.69,0.01,16
../../val2017/000000260925.jpg,1789050494012,200,,197.47,yolo26n_int8,true,15.62,15.93,0.01,2
../../val2017/000000261097.jpg,1789050494023,200,,194.54,yolo26n_int8,true,14.98,19.05,0.01,3
../../val2017/000000244496.jpg,1789050494034,200,,425.53,yolo26m_fp16,true,16.68,76.17,0.01,2
../../val2017/000000262487.jpg,1789050494042,200,,199.92,yolo26n_int8,true,15.18,11.38,0.01,3
../../val2017/000000263474.jpg,1789050494052,200,,197.04,yolo26n_int8,true,29.27,9.11,0.00,1
../../val2017/000000245311.jpg,1789050494055,200,,416.45,yolo26m_fp16,true,16.27,64.43,0.01,22
../../val2017/000000264535.jpg,1789050494063,200,,197.50,yolo26n_int8,true,20.36,11.22,0.01,4
../../val2017/000000266206.jpg,1789050494076,200,,199.25,yolo26n_int8,true,16.25,23.64,0.01,0
../../val2017/000000247917.jpg,1789050494083,200,,417.36,yolo26m_fp16,true,15.37,66.22,0.01,19
../../val2017/000000266400.jpg,1789050494087,200,,198.63,yolo26n_int8,true,15.23,16.89,0.01,4
../../val2017/000000248334.jpg,1789050494102,200,,410.46,yolo26m_fp16,true,16.85,52.17,0.01,8
../../val2017/000000267300.jpg,1789050494105,200,,202.68,yolo26n_int8,true,15.65,18.18,0.01,2
../../val2017/000000267670.jpg,1789050494116,200,,206.20,yolo26n_int8,true,14.45,28.69,0.01,1
../../val2017/000000250619.jpg,1789050494127,200,,408.94,yolo26m_fp16,true,15.45,63.36,0.01,4
../../val2017/000000269682.jpg,1789050494130,200,,201.13,yolo26n_int8,true,14.12,24.24,0.01,5
../../val2017/000000270297.jpg,1789050494147,200,,208.35,yolo26n_int8,true,15.30,21.48,0.01,1
../../val2017/000000272364.jpg,1789050494156,200,,191.48,yolo26n_int8,true,15.02,5.51,0.01,2
../../val2017/000000253742.jpg,1789050494156,200,,414.60,yolo26m_fp16,true,16.69,60.54,0.02,38
../../val2017/000000270677.jpg,1789050494169,200,,214.70,yolo26n_int8,true,17.91,15.75,0.01,2
../../val2017/000000256868.jpg,1789050494181,200,,410.46,yolo26m_fp16,true,14.93,63.25,0.01,10
../../val2017/000000273642.jpg,1789050494182,200,,205.90,yolo26n_int8,true,15.95,21.20,0.01,2
../../val2017/000000273715.jpg,1789050494194,200,,206.24,yolo26n_int8,true,14.39,16.61,0.01,5
../../val2017/000000275791.jpg,1789050494205,200,,205.07,yolo26n_int8,true,15.16,11.50,0.01,4
../../val2017/000000259597.jpg,1789050494206,200,,410.01,yolo26m_fp16,true,18.04,70.77,0.01,18
../../val2017/000000276720.jpg,1789050494221,200,,209.37,yolo26n_int8,true,13.69,22.31,0.01,4
../../val2017/000000261061.jpg,1789050494228,200,,400.94,yolo26m_fp16,true,18.83,69.18,0.01,2
../../val2017/000000277197.jpg,1789050494233,200,,210.55,yolo26n_int8,true,18.69,18.37,0.01,4
../../val2017/000000278848.jpg,1789050494245,200,,202.86,yolo26n_int8,true,12.64,20.61,0.01,8
../../val2017/000000280891.jpg,1789050494254,200,,201.20,yolo26n_int8,true,12.65,21.37,0.01,7
../../val2017/000000263463.jpg,1789050494257,200,,406.92,yolo26m_fp16,true,14.48,71.20,0.01,2
../../val2017/000000281754.jpg,1789050494271,200,,207.73,yolo26n_int8,true,14.67,17.56,0.01,3
../../val2017/000000282046.jpg,1789050494282,200,,205.01,yolo26n_int8,true,15.95,21.86,0.01,1
../../val2017/000000264968.jpg,1789050494282,200,,405.77,yolo26m_fp16,true,15.63,71.30,0.01,7
../../val2017/000000283113.jpg,1789050494293,200,,204.35,yolo26n_int8,true,14.89,16.95,0.01,4
../../val2017/000000267537.jpg,1789050494308,200,,403.52,yolo26m_fp16,true,19.04,63.57,0.01,14
../../val2017/000000284991.jpg,1789050494308,200,,203.57,yolo26n_int8,true,12.64,23.74,0.01,1
../../val2017/000000285349.jpg,1789050494312,200,,195.59,yolo26n_int8,true,12.03,20.25,0.01,1
../../val2017/000000270244.jpg,1789050494328,200,,399.72,yolo26m_fp16,true,16.45,66.45,0.01,1
../../val2017/000000286908.jpg,1789050494336,200,,206.64,yolo26n_int8,true,16.00,11.96,0.01,19
../../val2017/000000287527.jpg,1789050494346,200,,197.38,yolo26n_int8,true,17.93,17.40,0.02,3
../../val2017/000000271997.jpg,1789050494355,200,,400.44,yolo26m_fp16,true,18.11,64.03,0.01,2
../../val2017/000000289594.jpg,1789050494356,200,,199.12,yolo26n_int8,true,14.48,22.26,0.01,1
../../val2017/000000290163.jpg,1789050494367,200,,197.02,yolo26n_int8,true,18.25,17.84,0.01,6
../../val2017/000000291619.jpg,1789050494378,200,,196.89,yolo26n_int8,true,9.02,22.96,0.01,3
../../val2017/000000278006.jpg,1789050494382,200,,348.48,yolo26m_fp16,true,13.19,24.66,0.01,0
../../val2017/000000292456.jpg,1789050494392,200,,197.59,yolo26n_int8,true,15.04,16.34,0.01,5
../../val2017/000000292488.jpg,1789050494403,200,,198.08,yolo26n_int8,true,13.87,24.28,0.01,2
../../val2017/000000276285.jpg,1789050494410,200,,403.20,yolo26m_fp16,true,16.10,65.81,0.01,12
../../val2017/000000292997.jpg,1789050494414,200,,192.11,yolo26n_int8,true,17.07,16.06,0.01,8
../../val2017/000000293245.jpg,1789050494425,200,,191.09,yolo26n_int8,true,9.42,19.65,0.01,1
../../val2017/000000293300.jpg,1789050494437,200,,192.00,yolo26n_int8,true,14.86,12.43,0.01,2
../../val2017/000000273711.jpg,1789050494437,200,,455.22,yolo26m_fp16,true,17.17,123.80,0.01,20
../../val2017/000000293794.jpg,1789050494450,200,,195.71,yolo26n_int8,true,14.77,14.08,0.01,8
../../val2017/000000294831.jpg,1789050494461,200,,189.31,yolo26n_int8,true,14.68,19.69,0.01,5
../../val2017/000000281687.jpg,1789050494464,200,,408.90,yolo26m_fp16,true,17.65,77.19,0.01,15
../../val2017/000000296224.jpg,1789050494469,200,,187.29,yolo26n_int8,true,14.07,13.99,0.01,1
../../val2017/000000296284.jpg,1789050494480,200,,186.16,yolo26n_int8,true,11.44,23.01,0.01,1
../../val2017/000000283070.jpg,1789050494492,200,,408.14,yolo26m_fp16,true,14.10,79.03,0.01,5
../../val2017/000000297353.jpg,1789050494492,200,,184.12,yolo26n_int8,true,13.78,13.98,0.01,2
../../val2017/000000299355.jpg,1789050494502,200,,189.95,yolo26n_int8,true,15.88,13.62,0.01,1
../../val2017/000000297681.jpg,1789050494520,200,,211.16,yolo26n_int8,true,14.22,16.31,0.01,1
../../val2017/000000283412.jpg,1789050494520,200,,418.07,yolo26m_fp16,true,14.53,81.01,0.01,4
../../val2017/000000303305.jpg,1789050494529,200,,182.83,yolo26n_int8,true,15.73,13.12,0.01,1
../../val2017/000000303653.jpg,1789050494544,200,,187.50,yolo26n_int8,true,9.75,22.06,0.01,6
../../val2017/000000292225.jpg,1789050494544,200,,362.25,yolo26m_fp16,true,18.62,25.90,0.01,4
../../val2017/000000304396.jpg,1789050494552,200,,184.73,yolo26n_int8,true,15.88,17.67,0.01,2
../../val2017/000000304560.jpg,1789050494566,200,,186.76,yolo26n_int8,true,14.17,15.65,0.01,1
../../val2017/000000289516.jpg,1789050494572,200,,415.55,yolo26m_fp16,true,13.86,76.52,0.01,3
../../val2017/000000305609.jpg,1789050494579,200,,186.61,yolo26n_int8,true,16.09,14.11,0.02,4
../../val2017/000000307145.jpg,1789050494590,200,,176.06,yolo26n_int8,true,14.89,15.24,0.01,2
../../val2017/000000286849.jpg,1789050494593,200,,465.04,yolo26m_fp16,true,14.04,127.23,0.01,4
../../val2017/000000306582.jpg,1789050494603,200,,199.37,yolo26n_int8,true,17.76,18.35,0.01,0
../../val2017/000000308328.jpg,1789050494612,200,,174.80,yolo26n_int8,true,8.85,11.01,0.01,6
../../val2017/000000292908.jpg,1789050494623,200,,416.83,yolo26m_fp16,true,16.78,74.41,0.01,2
../../val2017/000000307598.jpg,1789050494626,200,,200.87,yolo26n_int8,true,16.03,23.49,0.01,2
../../val2017/000000309173.jpg,1789050494632,200,,180.94,yolo26n_int8,true,13.60,17.55,0.01,1
../../val2017/000000309678.jpg,1789050494645,200,,183.52,yolo26n_int8,true,12.19,13.00,0.01,1
../../val2017/000000293071.jpg,1789050494652,200,,424.06,yolo26m_fp16,true,16.84,75.83,0.01,4
../../val2017/000000311789.jpg,1789050494656,200,,176.54,yolo26n_int8,true,8.45,11.49,0.01,2
../../val2017/000000311518.jpg,1789050494671,200,,201.39,yolo26n_int8,true,16.24,22.89,0.01,1
../../val2017/000000294783.jpg,1789050494676,200,,418.65,yolo26m_fp16,true,17.74,66.35,0.01,5
../../val2017/000000312406.jpg,1789050494682,200,,189.33,yolo26n_int8,true,13.90,20.23,0.01,3
../../val2017/000000313130.jpg,1789050494693,200,,190.41,yolo26n_int8,true,13.52,20.06,0.01,2
../../val2017/000000313182.jpg,1789050494703,200,,183.09,yolo26n_int8,true,9.73,25.23,0.01,4
../../val2017/000000295420.jpg,1789050494707,200,,425.21,yolo26m_fp16,true,15.63,75.47,0.01,6
../../val2017/000000314182.jpg,1789050494718,200,,189.04,yolo26n_int8,true,16.22,20.15,0.01,8
../../val2017/000000316054.jpg,1789050494734,200,,189.31,yolo26n_int8,true,16.27,13.51,0.01,2
../../val2017/000000301376.jpg,1789050494734,200,,405.51,yolo26m_fp16,true,17.07,75.14,0.01,20
../../val2017/000000319607.jpg,1789050494745,200,,190.68,yolo26n_int8,true,12.43,19.98,0.01,2
../../val2017/000000301718.jpg,1789050494757,200,,418.10,yolo26m_fp16,true,15.84,68.58,0.01,9
../../val2017/000000322429.jpg,1789050494761,200,,195.20,yolo26n_int8,true,13.79,19.04,0.01,7
../../val2017/000000322959.jpg,1789050494769,200,,189.64,yolo26n_int8,true,11.29,24.24,0.01,4
../../val2017/000000323263.jpg,1789050494781,200,,190.50,yolo26n_int8,true,15.51,14.21,0.01,5
../../val2017/000000304291.jpg,1789050494781,200,,425.27,yolo26m_fp16,true,14.61,72.04,0.01,1
../../val2017/000000327601.jpg,1789050494793,200,,190.24,yolo26n_int8,true,18.71,19.58,0.01,2
../../val2017/000000327617.jpg,1789050494806,200,,193.24,yolo26n_int8,true,13.95,16.62,0.01,2
../../val2017/000000305309.jpg,1789050494806,200,,423.70,yolo26m_fp16,true,14.62,72.00,0.01,2
../../val2017/000000328337.jpg,1789050494817,200,,190.28,yolo26n_int8,true,14.63,21.24,0.01,1
../../val2017/000000329614.jpg,1789050494826,200,,193.70,yolo26n_int8,true,12.94,23.82,0.01,9
../../val2017/000000306733.jpg,1789050494834,200,,423.75,yolo26m_fp16,true,15.37,71.39,0.01,7
../../val2017/000000330554.jpg,1789050494840,200,,194.40,yolo26n_int8,true,16.82,16.43,0.01,0
../../val2017/000000331075.jpg,1789050494853,200,,196.41,yolo26n_int8,true,17.60,11.40,0.01,1
../../val2017/000000331352.jpg,1789050494860,200,,189.12,yolo26n_int8,true,18.49,14.84,0.01,1
../../val2017/000000308476.jpg,1789050494861,200,,423.19,yolo26m_fp16,true,20.93,61.74,0.01,2
../../val2017/000000332351.jpg,1789050494872,200,,189.70,yolo26n_int8,true,9.81,23.24,0.01,9
../../val2017/000000332570.jpg,1789050494884,200,,191.01,yolo26n_int8,true,14.32,19.72,0.01,2
../../val2017/000000309938.jpg,1789050494886,200,,421.58,yolo26m_fp16,true,20.62,65.70,0.01,8
../../val2017/000000332901.jpg,1789050494892,200,,188.35,yolo26n_int8,true,13.51,9.66,0.01,4
../../val2017/000000333745.jpg,1789050494905,200,,186.89,yolo26n_int8,true,12.19,18.40,0.01,4
../../val2017/000000312278.jpg,1789050494913,200,,421.15,yolo26m_fp16,true,12.50,77.31,0.01,3
../../val2017/000000333956.jpg,1789050494918,200,,183.64,yolo26n_int8,true,10.15,24.59,0.01,1
../../val2017/000000334555.jpg,1789050494930,200,,185.26,yolo26n_int8,true,14.53,13.19,0.01,13
../../val2017/000000336209.jpg,1789050494941,200,,179.49,yolo26n_int8,true,15.13,20.88,0.01,1
../../val2017/000000313562.jpg,1789050494941,200,,420.91,yolo26m_fp16,true,15.11,73.81,0.01,4
../../val2017/000000336265.jpg,1789050494952,200,,183.28,yolo26n_int8,true,14.24,17.11,0.01,2
../../val2017/000000338304.jpg,1789050494963,200,,169.09,yolo26n_int8,true,9.95,12.44,0.01,7
../../val2017/000000314914.jpg,1789050494967,200,,422.91,yolo26m_fp16,true,14.85,72.04,0.01,2
../../val2017/000000338191.jpg,1789050494974,200,,192.33,yolo26n_int8,true,16.50,14.57,0.01,8
../../val2017/000000339823.jpg,1789050494988,200,,178.88,yolo26n_int8,true,14.98,11.69,0.01,1
../../val2017/000000322610.jpg,1789050494991,200,,419.45,yolo26m_fp16,true,14.46,74.04,0.02,24
../../val2017/000000339870.jpg,1789050494997,200,,180.11,yolo26n_int8,true,18.66,9.82,0.01,3
../../val2017/000000342186.jpg,1789050495009,200,,182.81,yolo26n_int8,true,12.38,16.65,0.01,2
../../val2017/000000343524.jpg,1789050495022,200,,181.81,yolo26n_int8,true,14.26,22.77,0.01,2
../../val2017/000000326462.jpg,1789050495026,200,,432.99,yolo26m_fp16,true,18.02,73.19,0.01,2
../../val2017/000000343706.jpg,1789050495035,200,,181.15,yolo26n_int8,true,13.83,14.51,0.01,3
../../val2017/000000328030.jpg,1789050495043,200,,419.46,yolo26m_fp16,true,15.99,71.77,0.01,5
../../val2017/000000345356.jpg,1789050495052,200,,191.60,yolo26n_int8,true,15.41,26.69,0.01,4
../../val2017/000000330790.jpg,1789050495067,200,,414.92,yolo26m_fp16,true,19.24,60.78,0.01,3
../../val2017/000000346703.jpg,1789050495072,200,,199.73,yolo26n_int8,true,13.85,22.31,0.01,14
../../val2017/000000347174.jpg,1789050495074,200,,189.57,yolo26n_int8,true,22.31,13.45,0.01,2
../../val2017/000000347265.jpg,1789050495085,200,,192.64,yolo26n_int8,true,13.72,14.92,0.01,1
../../val2017/000000347370.jpg,1789050495094,200,,188.62,yolo26n_int8,true,18.94,10.14,0.01,1
../../val2017/000000331799.jpg,1789050495100,200,,423.81,yolo26m_fp16,true,21.97,63.43,0.01,6
../../val2017/000000348012.jpg,1789050495112,200,,181.47,yolo26n_int8,true,14.46,12.37,0.01,1
../../val2017/000000347664.jpg,1789050495124,200,,204.95,yolo26n_int8,true,15.36,22.87,0.01,14
../../val2017/000000333697.jpg,1789050495126,200,,418.38,yolo26m_fp16,true,15.85,62.33,0.01,2
../../val2017/000000349860.jpg,1789050495132,200,,179.89,yolo26n_int8,true,12.24,12.55,0.01,4
../../val2017/000000349302.jpg,1789050495146,200,,204.24,yolo26n_int8,true,16.00,22.83,0.01,2
../../val2017/000000334483.jpg,1789050495153,200,,418.42,yolo26m_fp16,true,14.49,73.64,0.01,20
../../val2017/000000350054.jpg,1789050495156,200,,193.52,yolo26n_int8,true,17.34,16.37,0.01,1
../../val2017/000000351559.jpg,1789050495168,200,,194.09,yolo26n_int8,true,13.69,18.99,0.01,2
../../val2017/000000335427.jpg,1789050495180,200,,421.82,yolo26m_fp16,true,20.36,65.74,0.01,8
../../val2017/000000351589.jpg,1789050495182,200,,193.14,yolo26n_int8,true,9.34,27.14,0.01,2
../../val2017/000000352584.jpg,1789050495198,200,,201.18,yolo26n_int8,true,13.68,24.92,0.01,0
../../val2017/000000336658.jpg,1789050495205,200,,423.12,yolo26m_fp16,true,16.32,71.63,0.01,11
../../val2017/000000353027.jpg,1789050495208,200,,199.17,yolo26n_int8,true,17.56,20.62,0.01,3
../../val2017/000000355610.jpg,1789050495221,200,,185.88,yolo26n_int8,true,14.77,13.52,0.01,2
../../val2017/000000338901.jpg,1789050495233,200,,426.99,yolo26m_fp16,true,14.51,75.27,0.01,5
../../val2017/000000353180.jpg,1789050495233,200,,211.59,yolo26n_int8,true,15.35,35.85,0.01,10
../../val2017/000000356248.jpg,1789050495244,200,,191.51,yolo26n_int8,true,8.65,20.66,0.01,10
../../val2017/000000343315.jpg,1789050495257,200,,422.77,yolo26m_fp16,true,14.27,70.32,0.01,1
../../val2017/000000356387.jpg,1789050495260,200,,187.46,yolo26n_int8,true,14.68,18.63,0.01,7
../../val2017/000000356432.jpg,1789050495268,200,,193.84,yolo26n_int8,true,16.55,20.11,0.01,4
../../val2017/000000356498.jpg,1789050495280,200,,194.94,yolo26n_int8,true,15.91,18.23,0.01,0
../../val2017/000000345397.jpg,1789050495285,200,,424.39,yolo26m_fp16,true,14.65,75.36,0.01,3
../../val2017/000000357459.jpg,1789050495287,200,,192.39,yolo26n_int8,true,9.48,18.76,0.01,2
../../val2017/000000347254.jpg,1789050495306,200,,419.76,yolo26m_fp16,true,15.59,72.53,0.01,6
../../val2017/000000359937.jpg,1789050495308,200,,195.88,yolo26n_int8,true,15.60,10.85,0.01,3
../../val2017/000000360097.jpg,1789050495316,200,,192.17,yolo26n_int8,true,19.31,17.14,0.01,1
../../val2017/000000361142.jpg,1789050495331,200,,198.12,yolo26n_int8,true,14.37,20.19,0.01,7
../../val2017/000000347456.jpg,1789050495337,200,,423.98,yolo26m_fp16,true,18.76,67.71,0.01,2
../../val2017/000000361238.jpg,1789050495343,200,,196.54,yolo26n_int8,true,11.22,28.62,0.01,6
../../val2017/000000361621.jpg,1789050495356,200,,199.30,yolo26n_int8,true,12.89,20.95,0.01,1
../../val2017/000000349184.jpg,1789050495361,200,,420.08,yolo26m_fp16,true,15.41,73.13,0.01,7
../../val2017/000000361919.jpg,1789050495366,200,,197.48,yolo26n_int8,true,13.47,22.19,0.01,10
../../val2017/000000364884.jpg,1789050495378,200,,195.72,yolo26n_int8,true,15.28,16.31,0.01,1
../../val2017/000000365098.jpg,1789050495387,200,,188.33,yolo26n_int8,true,16.75,17.39,0.01,0
../../val2017/000000350148.jpg,1789050495392,200,,425.11,yolo26m_fp16,true,14.97,73.19,0.01,17
../../val2017/000000366141.jpg,1789050495403,200,,181.70,yolo26n_int8,true,12.50,12.71,0.01,2
../../val2017/000000365766.jpg,1789050495416,200,,207.05,yolo26n_int8,true,13.22,29.93,0.01,3
../../val2017/000000351810.jpg,1789050495419,200,,427.13,yolo26m_fp16,true,16.93,76.88,0.01,12
../../val2017/000000366225.jpg,1789050495430,200,,195.81,yolo26n_int8,true,15.82,14.68,0.01,4
../../val2017/000000366711.jpg,1789050495436,200,,191.99,yolo26n_int8,true,8.63,21.15,0.01,6
../../val2017/000000354072.jpg,1789050495443,200,,416.29,yolo26m_fp16,true,12.97,81.48,0.01,3
../../val2017/000000367228.jpg,1789050495448,200,,188.62,yolo26n_int8,true,14.33,18.62,0.01,2
../../val2017/000000367680.jpg,1789050495460,200,,191.87,yolo26n_int8,true,14.53,21.00,0.01,10
../../val2017/000000355817.jpg,1789050495472,200,,428.71,yolo26m_fp16,true,14.70,76.70,0.01,2
../../val2017/000000369541.jpg,1789050495474,200,,193.45,yolo26n_int8,true,15.50,17.83,0.01,4
../../val2017/000000370478.jpg,1789050495485,200,,198.97,yolo26n_int8,true,11.76,23.30,0.01,3
../../val2017/000000360325.jpg,1789050495497,200,,369.98,yolo26m_fp16,true,13.42,25.80,0.01,13
../../val2017/000000371552.jpg,1789050495498,200,,189.98,yolo26n_int8,true,14.45,16.81,0.01,6
../../val2017/000000372349.jpg,1789050495508,200,,191.39,yolo26n_int8,true,15.67,20.59,0.01,2
../../val2017/000000373705.jpg,1789050495522,200,,190.75,yolo26n_int8,true,15.22,20.27,0.01,7
../../val2017/000000357742.jpg,1789050495522,200,,421.67,yolo26m_fp16,true,13.56,74.91,0.01,2
../../val2017/000000374551.jpg,1789050495531,200,,193.82,yolo26n_int8,true,12.39,21.77,0.01,1
../../val2017/000000376856.jpg,1789050495543,200,,186.98,yolo26n_int8,true,15.35,10.80,0.01,1
../../val2017/000000377000.jpg,1789050495558,200,,191.08,yolo26n_int8,true,15.67,10.70,0.01,1
../../val2017/000000356261.jpg,1789050495558,200,,490.13,yolo26m_fp16,true,13.21,128.87,0.01,1
../../val2017/000000377635.jpg,1789050495573,200,,195.55,yolo26n_int8,true,17.91,12.12,0.01,3
../../val2017/000000361506.jpg,1789050495581,200,,427.43,yolo26m_fp16,true,14.50,78.64,0.01,4
../../val2017/000000377670.jpg,1789050495585,200,,197.94,yolo26n_int8,true,16.20,15.98,0.01,3
../../val2017/000000378116.jpg,1789050495596,200,,180.07,yolo26n_int8,true,14.32,11.19,0.01,2
../../val2017/000000364126.jpg,1789050495606,200,,425.22,yolo26m_fp16,true,15.30,78.11,0.01,2
../../val2017/000000377882.jpg,1789050495608,200,,204.83,yolo26n_int8,true,16.54,20.13,0.01,0
../../val2017/000000380913.jpg,1789050495624,200,,194.57,yolo26n_int8,true,15.98,17.19,0.01,8
../../val2017/000000382030.jpg,1789050495632,200,,194.94,yolo26n_int8,true,14.99,21.67,0.01,1
../../val2017/000000365207.jpg,1789050495633,200,,427.12,yolo26m_fp16,true,14.62,77.03,0.01,3
../../val2017/000000382734.jpg,1789050495639,200,,190.50,yolo26n_int8,true,14.17,14.14,0.01,0
../../val2017/000000383386.jpg,1789050495651,200,,190.74,yolo26n_int8,true,12.86,17.02,0.01,3
../../val2017/000000383606.jpg,1789050495664,200,,191.34,yolo26n_int8,true,12.90,17.24,0.01,2
../../val2017/000000366178.jpg,1789050495664,200,,430.77,yolo26m_fp16,true,17.50,77.11,0.01,4
../../val2017/000000384527.jpg,1789050495677,200,,192.24,yolo26n_int8,true,15.37,12.83,0.01,7
../../val2017/000000366884.jpg,1789050495690,200,,431.97,yolo26m_fp16,true,15.08,79.10,0.01,7
../../val2017/000000386134.jpg,1789050495690,200,,188.44,yolo26n_int8,true,17.00,15.33,0.01,0
../../val2017/000000387916.jpg,1789050495700,200,,192.14,yolo26n_int8,true,16.64,16.77,0.01,11
../../val2017/000000389197.jpg,1789050495715,200,,193.43,yolo26n_int8,true,16.08,16.50,0.01,5
../../val2017/000000370818.jpg,1789050495716,200,,428.87,yolo26m_fp16,true,16.53,77.01,0.01,3
../../val2017/000000389532.jpg,1789050495723,200,,190.93,yolo26n_int8,true,9.56,22.42,0.01,4
../../val2017/000000389812.jpg,1789050495737,200,,193.50,yolo26n_int8,true,14.30,12.71,0.01,2
../../val2017/000000370999.jpg,1789050495745,200,,438.54,yolo26m_fp16,true,13.91,79.20,0.01,0
../../val2017/000000391140.jpg,1789050495748,200,,189.97,yolo26n_int8,true,14.56,19.80,0.01,1
../../val2017/000000393056.jpg,1789050495761,200,,186.76,yolo26n_int8,true,16.71,12.78,0.01,1
../../val2017/000000376307.jpg,1789050495767,200,,424.16,yolo26m_fp16,true,19.87,66.35,0.01,14
../../val2017/000000393226.jpg,1789050495772,200,,186.27,yolo26n_int8,true,13.08,20.51,0.01,7
../../val2017/000000395575.jpg,1789050495783,200,,186.28,yolo26n_int8,true,14.81,14.39,0.01,1
../../val2017/000000396518.jpg,1789050495795,200,,189.10,yolo26n_int8,true,11.73,23.73,0.01,2
../../val2017/000000376900.jpg,1789050495799,200,,437.25,yolo26m_fp16,true,13.61,72.96,0.01,15
../../val2017/000000397354.jpg,1789050495806,200,,181.17,yolo26n_int8,true,12.81,20.32,0.01,15
../../val2017/000000399560.jpg,1789050495818,200,,185.10,yolo26n_int8,true,13.29,18.20,0.01,1
../../val2017/000000377723.jpg,1789050495822,200,,429.76,yolo26m_fp16,true,15.12,72.82,0.01,15
../../val2017/000000400082.jpg,1789050495826,200,,187.10,yolo26n_int8,true,15.97,17.24,0.01,3
../../val2017/000000400161.jpg,1789050495843,200,,191.11,yolo26n_int8,true,16.32,12.78,0.01,5
../../val2017/000000379453.jpg,1789050495843,200,,424.12,yolo26m_fp16,true,14.16,78.38,0.01,1
../../val2017/000000400573.jpg,1789050495850,200,,185.78,yolo26n_int8,true,10.81,14.58,0.01,2
../../val2017/000000402096.jpg,1789050495864,200,,186.52,yolo26n_int8,true,17.80,13.41,0.01,1
../../val2017/000000382122.jpg,1789050495874,200,,431.50,yolo26m_fp16,true,12.39,80.23,0.01,1
../../val2017/000000402334.jpg,1789050495875,200,,184.85,yolo26n_int8,true,17.06,19.00,0.01,2
../../val2017/000000402765.jpg,1789050495887,200,,186.24,yolo26n_int8,true,16.35,18.70,0.01,1
../../val2017/000000403385.jpg,1789050495898,200,,181.59,yolo26n_int8,true,11.34,24.54,0.01,3
../../val2017/000000383921.jpg,1789050495902,200,,427.71,yolo26m_fp16,true,19.53,65.78,0.01,13
../../val2017/000000404128.jpg,1789050495914,200,,177.04,yolo26n_int8,true,15.16,11.99,0.01,1
../../val2017/000000384666.jpg,1789050495928,200,,431.55,yolo26m_fp16,true,19.60,68.86,0.01,10
../../val2017/000000403584.jpg,1789050495932,200,,208.70,yolo26n_int8,true,16.64,22.38,0.01,3
../../val2017/000000405691.jpg,1789050495937,200,,189.28,yolo26n_int8,true,14.88,17.17,0.01,6
../../val2017/000000405972.jpg,1789050495949,200,,187.62,yolo26n_int8,true,17.38,15.68,0.01,2
../../val2017/000000407825.jpg,1789050495958,200,,184.09,yolo26n_int8,true,18.32,11.13,0.01,1
../../val2017/000000389451.jpg,1789050495958,200,,434.59,yolo26m_fp16,true,14.99,78.85,0.01,16
../../val2017/000000408120.jpg,1789050495970,200,,186.57,yolo26n_int8,true,9.23,17.96,0.01,2
../../val2017/000000393014.jpg,1789050495984,200,,426.07,yolo26m_fp16,true,16.30,76.23,0.01,3
../../val2017/000000410510.jpg,1789050495985,200,,186.54,yolo26n_int8,true,18.43,15.11,0.01,2
../../val2017/000000410612.jpg,1789050495995,200,,188.57,yolo26n_int8,true,17.02,13.07,0.01,1
../../val2017/000000410880.jpg,1789050496006,200,,187.06,yolo26n_int8,true,15.69,20.85,0.01,3
../../val2017/000000393093.jpg,1789050496013,200,,431.31,yolo26m_fp16,true,13.32,79.24,0.01,11
../../val2017/000000412887.jpg,1789050496017,200,,190.27,yolo26n_int8,true,17.62,11.46,0.01,2
../../val2017/000000413552.jpg,1789050496027,200,,183.15,yolo26n_int8,true,8.61,21.76,0.01,1
../../val2017/000000414170.jpg,1789050496044,200,,193.58,yolo26n_int8,true,14.38,16.13,0.01,5
../../val2017/000000396580.jpg,1789050496044,200,,435.68,yolo26m_fp16,true,14.31,71.25,0.01,1
../../val2017/000000415194.jpg,1789050496057,200,,191.02,yolo26n_int8,true,14.38,22.21,0.01,4
../../val2017/000000399296.jpg,1789050496068,200,,436.03,yolo26m_fp16,true,14.12,82.86,0.01,9
../../val2017/000000416745.jpg,1789050496069,200,,193.98,yolo26n_int8,true,15.95,21.53,0.00,1
../../val2017/000000416758.jpg,1789050496079,200,,191.39,yolo26n_int8,true,11.41,26.96,0.01,2
../../val2017/000000416991.jpg,1789050496094,200,,195.37,yolo26n_int8,true,15.28,21.18,0.01,6
../../val2017/000000401244.jpg,1789050496094,200,,429.68,yolo26m_fp16,true,15.08,77.89,0.01,2
../../val2017/000000417465.jpg,1789050496101,200,,186.22,yolo26n_int8,true,14.98,13.11,0.01,3
../../val2017/000000419379.jpg,1789050496118,200,,186.35,yolo26n_int8,true,19.24,11.76,0.01,6
../../val2017/000000404479.jpg,1789050496124,200,,378.59,yolo26m_fp16,true,14.51,24.50,0.01,2
../../val2017/000000419408.jpg,1789050496126,200,,188.67,yolo26n_int8,true,14.96,11.04,0.01,5
../../val2017/000000419653.jpg,1789050496133,200,,184.12,yolo26n_int8,true,9.08,17.61,0.01,7
../../val2017/000000403122.jpg,1789050496145,200,,429.42,yolo26m_fp16,true,14.40,77.10,0.01,28
../../val2017/000000419882.jpg,1789050496151,200,,193.44,yolo26n_int8,true,21.90,10.64,0.01,3
../../val2017/000000420281.jpg,1789050496163,200,,192.67,yolo26n_int8,true,16.55,13.65,0.01,2
../../val2017/000000402615.jpg,1789050496172,200,,481.35,yolo26m_fp16,true,15.09,123.84,0.01,8
../../val2017/000000420840.jpg,1789050496172,200,,188.17,yolo26n_int8,true,13.29,15.33,0.01,3
../../val2017/000000423617.jpg,1789050496181,200,,186.17,yolo26n_int8,true,8.19,23.17,0.01,9
../../val2017/000000423798.jpg,1789050496194,200,,187.81,yolo26n_int8,true,14.43,14.31,0.01,0
../../val2017/000000407524.jpg,1789050496202,200,,434.29,yolo26m_fp16,true,14.10,77.69,0.01,6
../../val2017/000000424349.jpg,1789050496204,200,,186.53,yolo26n_int8,true,16.21,11.42,0.01,3
../../val2017/000000424545.jpg,1789050496215,200,,188.51,yolo26n_int8,true,17.69,12.95,0.01,1
../../val2017/000000424551.jpg,1789050496225,200,,180.68,yolo26n_int8,true,13.18,20.98,0.01,3
../../val2017/000000413247.jpg,1789050496231,200,,387.51,yolo26m_fp16,true,14.48,27.05,0.01,4
../../val2017/000000425906.jpg,1789050496235,200,,178.15,yolo26n_int8,true,9.96,20.77,0.01,5
../../val2017/000000426241.jpg,1789050496249,200,,180.40,yolo26n_int8,true,15.94,16.77,0.01,6
../../val2017/000000416256.jpg,1789050496256,200,,381.30,yolo26m_fp16,true,14.72,28.75,0.01,3
../../val2017/000000428867.jpg,1789050496257,200,,177.24,yolo26n_int8,true,16.42,14.20,0.01,6
../../val2017/000000430961.jpg,1789050496265,200,,163.97,yolo26n_int8,true,10.54,14.29,0.01,4
../../val2017/000000429598.jpg,1789050496281,200,,187.39,yolo26n_int8,true,13.96,24.88,0.01,3
../../val2017/000000410496.jpg,1789050496284,200,,488.52,yolo26m_fp16,true,14.08,127.36,0.01,16
../../val2017/000000431876.jpg,1789050496296,200,,177.47,yolo26n_int8,true,15.51,10.72,0.01,8
../../val2017/000000411953.jpg,1789050496310,200,,486.84,yolo26m_fp16,true,13.79,138.15,0.01,3
../../val2017/000000433374.jpg,1789050496310,200,,176.81,yolo26n_int8,true,15.81,12.79,0.01,4
../../val2017/000000433243.jpg,1789050496327,200,,200.69,yolo26n_int8,true,15.36,36.25,0.01,2
../../val2017/000000419974.jpg,1789050496337,200,,378.79,yolo26m_fp16,true,13.33,24.77,0.01,17
../../val2017/000000434479.jpg,1789050496339,200,,187.00,yolo26n_int8,true,9.99,32.61,0.01,2
../../val2017/000000434548.jpg,1789050496350,200,,187.35,yolo26n_int8,true,14.63,21.75,0.01,3
../../val2017/000000437898.jpg,1789050496364,200,,191.25,yolo26n_int8,true,13.69,23.59,0.01,4
../../val2017/000000417911.jpg,1789050496366,200,,436.98,yolo26m_fp16,true,14.82,76.03,0.01,2
../../val2017/000000439180.jpg,1789050496371,200,,189.56,yolo26n_int8,true,15.59,13.24,0.01,22
../../val2017/000000439994.jpg,1789050496380,200,,186.30,yolo26n_int8,true,9.38,17.60,0.01,3
../../val2017/000000417043.jpg,1789050496396,200,,494.38,yolo26m_fp16,true,17.59,130.66,0.01,1
../../val2017/000000441553.jpg,1789050496397,200,,191.88,yolo26n_int8,true,13.28,18.58,0.01,9
../../val2017/000000441586.jpg,1789050496410,200,,194.41,yolo26n_int8,true,15.17,11.73,0.01,6
../../val2017/000000422886.jpg,1789050496417,200,,431.39,yolo26m_fp16,true,14.87,72.37,0.01,2
../../val2017/000000442463.jpg,1789050496426,200,,200.78,yolo26n_int8,true,14.89,20.38,0.01,2
../../val2017/000000442836.jpg,1789050496434,200,,198.15,yolo26n_int8,true,10.96,20.09,0.01,3
../../val2017/000000424162.jpg,1789050496441,200,,427.82,yolo26m_fp16,true,14.94,70.78,0.01,14
../../val2017/000000445602.jpg,1789050496445,200,,196.52,yolo26n_int8,true,14.73,20.27,0.01,4
../../val2017/000000445722.jpg,1789050496458,200,,201.61,yolo26n_int8,true,15.84,18.23,0.01,3
../../val2017/000000445999.jpg,1789050496472,200,,206.78,yolo26n_int8,true,12.88,22.91,0.01,1
../../val2017/000000424642.jpg,1789050496472,200,,427.71,yolo26m_fp16,true,22.54,63.81,0.01,6
../../val2017/000000446522.jpg,1789050496481,200,,194.56,yolo26n_int8,true,8.85,25.88,0.01,4
../../val2017/000000427649.jpg,1789050496495,200,,425.68,yolo26m_fp16,true,19.23,67.90,0.01,1
../../val2017/000000446574.jpg,1789050496495,200,,198.71,yolo26n_int8,true,17.29,17.57,0.01,1
../../val2017/000000447314.jpg,1789050496504,200,,192.99,yolo26n_int8,true,17.27,17.18,0.01,6
../../val2017/000000448448.jpg,1789050496516,200,,187.91,yolo26n_int8,true,18.59,11.04,0.01,1
../../val2017/000000430871.jpg,1789050496522,200,,427.41,yolo26m_fp16,true,15.48,76.38,0.01,1
../../val2017/000000449996.jpg,1789050496527,200,,187.74,yolo26n_int8,true,11.49,21.02,0.01,4
../../val2017/000000450100.jpg,1789050496540,200,,189.27,yolo26n_int8,true,14.67,16.87,0.01,2
../../val2017/000000432898.jpg,1789050496546,200,,421.51,yolo26m_fp16,true,21.65,69.29,0.01,25
../../val2017/000000451043.jpg,1789050496552,200,,188.05,yolo26n_int8,true,16.12,17.36,0.01,1
../../val2017/000000451155.jpg,1789050496566,200,,194.49,yolo26n_int8,true,12.32,24.17,0.01,2
../../val2017/000000434247.jpg,1789050496575,200,,429.55,yolo26m_fp16,true,16.58,67.96,0.01,13
../../val2017/000000452891.jpg,1789050496575,200,,178.74,yolo26n_int8,true,9.49,10.44,0.01,2
../../val2017/000000452084.jpg,1789050496593,200,,212.31,yolo26n_int8,true,20.71,20.11,0.01,0
../../val2017/000000437110.jpg,1789050496600,200,,428.08,yolo26m_fp16,true,19.70,63.61,0.01,1
../../val2017/000000453040.jpg,1789050496602,200,,191.22,yolo26n_int8,true,15.72,12.55,0.01,0
../../val2017/000000454661.jpg,1789050496614,200,,179.94,yolo26n_int8,true,12.70,12.00,0.01,8
../../val2017/000000453981.jpg,1789050496627,200,,201.37,yolo26n_int8,true,15.44,24.03,0.01,1
../../val2017/000000441247.jpg,1789050496629,200,,427.34,yolo26m_fp16,true,17.01,71.35,0.01,17
../../val2017/000000455219.jpg,1789050496638,200,,192.38,yolo26n_int8,true,15.00,12.12,0.01,5
../../val2017/000000456292.jpg,1789050496649,200,,191.25,yolo26n_int8,true,18.01,12.63,0.01,0
../../val2017/000000446207.jpg,1789050496655,200,,373.58,yolo26m_fp16,true,14.77,26.01,0.01,1
../../val2017/000000457884.jpg,1789050496661,200,,188.26,yolo26n_int8,true,10.31,21.43,0.01,5
../../val2017/000000458255.jpg,1789050496673,200,,191.14,yolo26n_int8,true,12.73,14.41,0.01,3
../../val2017/000000445846.jpg,1789050496685,200,,428.02,yolo26m_fp16,true,14.60,84.10,0.01,2
../../val2017/000000458702.jpg,1789050496685,200,,189.53,yolo26n_int8,true,17.16,11.00,0.01,3
../../val2017/000000459757.jpg,1789050496696,200,,191.91,yolo26n_int8,true,14.36,12.71,0.01,1
../../val2017/000000460333.jpg,1789050496708,200,,191.80,yolo26n_int8,true,13.65,18.44,0.01,4
../../val2017/000000442661.jpg,1789050496708,200,,477.50,yolo26m_fp16,true,13.58,131.08,0.01,1
../../val2017/000000460682.jpg,1789050496722,200,,194.87,yolo26n_int8,true,13.51,25.84,0.01,1
../../val2017/000000460683.jpg,1789050496732,200,,191.87,yolo26n_int8,true,9.74,24.00,0.01,4
../../val2017/000000447313.jpg,1789050496736,200,,425.59,yolo26m_fp16,true,19.85,60.68,0.01,3
../../val2017/000000461573.jpg,1789050496747,200,,194.70,yolo26n_int8,true,16.95,17.70,0.01,1
../../val2017/000000461751.jpg,1789050496759,200,,192.71,yolo26n_int8,true,14.48,17.06,0.01,2
../../val2017/000000449579.jpg,1789050496759,200,,421.65,yolo26m_fp16,true,15.96,75.97,0.01,2
../../val2017/000000462728.jpg,1789050496770,200,,176.58,yolo26n_int8,true,13.79,10.68,0.01,2
../../val2017/000000462614.jpg,1789050496782,200,,206.26,yolo26n_int8,true,15.54,20.01,0.01,4
../../val2017/000000463037.jpg,1789050496787,200,,184.71,yolo26n_int8,true,9.60,19.43,0.01,1
../../val2017/000000453860.jpg,1789050496792,200,,374.72,yolo26m_fp16,true,13.02,27.06,0.01,2
../../val2017/000000463618.jpg,1789050496801,200,,186.69,yolo26n_int8,true,13.38,13.02,0.01,4
../../val2017/000000463802.jpg,1789050496814,200,,186.09,yolo26n_int8,true,14.95,16.66,0.01,1
../../val2017/000000452784.jpg,1789050496816,200,,419.52,yolo26m_fp16,true,14.33,79.87,0.01,4
../../val2017/000000465430.jpg,1789050496824,200,,185.80,yolo26n_int8,true,16.73,10.43,0.01,3
../../val2017/000000465585.jpg,1789050496838,200,,188.65,yolo26n_int8,true,14.01,20.87,0.01,2
../../val2017/000000451144.jpg,1789050496843,200,,477.50,yolo26m_fp16,true,16.29,125.91,0.01,5
../../val2017/000000470924.jpg,1789050496849,200,,175.76,yolo26n_int8,true,14.29,15.49,0.01,16
../../val2017/000000471991.jpg,1789050496862,200,,177.45,yolo26n_int8,true,14.32,11.01,0.01,1
../../val2017/000000454798.jpg,1789050496869,200,,427.26,yolo26m_fp16,true,13.42,79.46,0.01,3
../../val2017/000000472623.jpg,1789050496873,200,,187.73,yolo26n_int8,true,20.52,12.43,0.01,4
../../val2017/000000473121.jpg,1789050496883,200,,174.90,yolo26n_int8,true,14.70,11.69,0.01,1
../../val2017/000000457262.jpg,1789050496894,200,,421.90,yolo26m_fp16,true,18.21,72.93,0.01,3
../../val2017/000000473015.jpg,1789050496897,200,,200.58,yolo26n_int8,true,17.68,19.14,0.01,1
../../val2017/000000473974.jpg,1789050496905,200,,182.37,yolo26n_int8,true,12.94,11.16,0.01,5
../../val2017/000000474452.jpg,1789050496917,200,,169.18,yolo26n_int8,true,14.11,11.71,0.01,5
../../val2017/000000458410.jpg,1789050496925,200,,428.89,yolo26m_fp16,true,14.65,69.04,0.01,11
../../val2017/000000474164.jpg,1789050496929,200,,196.78,yolo26n_int8,true,19.70,15.64,0.01,3
../../val2017/000000474786.jpg,1789050496938,200,,178.98,yolo26n_int8,true,15.64,16.43,0.01,4
../../val2017/000000475572.jpg,1789050496952,200,,181.79,yolo26n_int8,true,17.22,17.16,0.01,4
../../val2017/000000460494.jpg,1789050496952,200,,429.97,yolo26m_fp16,true,19.15,68.74,0.01,8
../../val2017/000000476491.jpg,1789050496964,200,,181.84,yolo26n_int8,true,16.42,19.42,0.01,1
../../val2017/000000460927.jpg,1789050496977,200,,430.91,yolo26m_fp16,true,16.28,76.04,0.01,1
../../val2017/000000476787.jpg,1789050496978,200,,184.84,yolo26n_int8,true,13.91,19.16,0.01,3
../../val2017/000000477118.jpg,1789050496989,200,,187.42,yolo26n_int8,true,12.73,27.40,0.01,0
../../val2017/000000477288.jpg,1789050497000,200,,186.00,yolo26n_int8,true,17.07,13.15,0.01,12
../../val2017/000000462629.jpg,1789050497006,200,,430.53,yolo26m_fp16,true,15.11,76.82,0.01,9
../../val2017/000000479448.jpg,1789050497011,200,,186.85,yolo26n_int8,true,15.59,16.57,0.01,6
../../val2017/000000479596.jpg,1789050497023,200,,184.58,yolo26n_int8,true,13.66,13.95,0.01,3
../../val2017/000000463522.jpg,1789050497029,200,,426.92,yolo26m_fp16,true,14.67,75.22,0.01,10
../../val2017/000000480122.jpg,1789050497033,200,,183.94,yolo26n_int8,true,9.24,17.77,0.01,12
../../val2017/000000480212.jpg,1789050497046,200,,183.64,yolo26n_int8,true,15.46,11.52,0.01,3
../../val2017/000000464358.jpg,1789050497058,200,,428.36,yolo26m_fp16,true,12.42,83.60,0.01,3
../../val2017/000000482477.jpg,1789050497059,200,,186.27,yolo26n_int8,true,14.21,17.39,0.01,1
../../val2017/000000482719.jpg,1789050497075,200,,192.10,yolo26n_int8,true,15.33,12.76,0.01,1
../../val2017/000000484296.jpg,1789050497081,200,,183.99,yolo26n_int8,true,13.95,15.25,0.01,2
../../val2017/000000473821.jpg,1789050497082,200,,373.25,yolo26m_fp16,true,14.37,23.36,0.01,6
../../val2017/000000484351.jpg,1789050497093,200,,186.85,yolo26n_int8,true,15.91,12.02,0.01,17
../../val2017/000000484404.jpg,1789050497103,200,,185.56,yolo26n_int8,true,14.83,16.92,0.01,4
../../val2017/000000469067.jpg,1789050497113,200,,457.54,yolo26m_fp16,true,16.65,76.52,0.01,4
../../val2017/000000485130.jpg,1789050497115,200,,177.15,yolo26n_int8,true,14.19,8.48,0.01,1
../../val2017/000000485027.jpg,1789050497127,200,,197.24,yolo26n_int8,true,14.61,20.07,0.01,3
../../val2017/000000469192.jpg,1789050497137,200,,476.16,yolo26m_fp16,true,17.15,126.41,0.01,13
../../val2017/000000485802.jpg,1789050497138,200,,186.02,yolo26n_int8,true,11.29,23.37,0.01,1
../../val2017/000000486112.jpg,1789050497148,200,,184.51,yolo26n_int8,true,14.99,12.83,0.01,2
../../val2017/000000488736.jpg,1789050497162,200,,183.66,yolo26n_int8,true,14.95,11.88,0.01,3
../../val2017/000000474293.jpg,1789050497165,200,,428.65,yolo26m_fp16,true,13.31,74.75,0.01,3
../../val2017/000000489611.jpg,1789050497172,200,,183.57,yolo26n_int8,true,14.58,10.66,0.01,4
../../val2017/000000489764.jpg,1789050497185,200,,184.41,yolo26n_int8,true,15.78,18.63,0.02,2
../../val2017/000000474881.jpg,1789050497191,200,,431.32,yolo26m_fp16,true,17.20,72.62,0.01,4
../../val2017/000000489924.jpg,1789050497198,200,,185.92,yolo26n_int8,true,19.10,12.69,0.01,4
../../val2017/000000490125.jpg,1789050497208,200,,184.32,yolo26n_int8,true,10.79,22.89,0.01,15
../../val2017/000000476514.jpg,1789050497216,200,,423.18,yolo26m_fp16,true,15.99,68.16,0.01,4
../../val2017/000000491213.jpg,1789050497220,200,,187.05,yolo26n_int8,true,14.92,18.29,0.01,3
../../val2017/000000491464.jpg,1789050497233,200,,186.42,yolo26n_int8,true,14.64,17.86,0.01,1
../../val2017/000000492284.jpg,1789050497246,200,,186.59,yolo26n_int8,true,16.49,13.22,0.01,3
../../val2017/000000477955.jpg,1789050497249,200,,432.95,yolo26m_fp16,true,15.80,71.22,0.01,5
../../val2017/000000492968.jpg,1789050497252,200,,176.60,yolo26n_int8,true,9.67,20.82,0.01,2
../../val2017/000000493864.jpg,1789050497266,200,,184.32,yolo26n_int8,true,15.68,15.52,0.01,3
../../val2017/000000483999.jpg,1789050497273,200,,378.51,yolo26m_fp16,true,15.06,24.17,0.02,42
../../val2017/000000494913.jpg,1789050497277,200,,183.93,yolo26n_int8,true,13.66,16.88,0.01,3
../../val2017/000000495054.jpg,1789050497288,200,,184.63,yolo26n_int8,true,13.94,16.25,0.01,2
../../val2017/000000496571.jpg,1789050497303,200,,187.51,yolo26n_int8,true,15.17,17.17,0.01,8
../../val2017/000000481413.jpg,1789050497303,200,,434.26,yolo26m_fp16,true,18.23,75.97,0.01,2
../../val2017/000000500464.jpg,1789050497313,200,,174.57,yolo26n_int8,true,9.09,12.96,0.01,1
../../val2017/000000499181.jpg,1789050497327,200,,200.67,yolo26n_int8,true,15.08,27.24,0.01,7
../../val2017/000000479953.jpg,1789050497329,200,,485.12,yolo26m_fp16,true,14.32,130.49,0.01,2
../../val2017/000000500663.jpg,1789050497335,200,,186.30,yolo26n_int8,true,14.02,18.93,0.01,2
../../val2017/000000502168.jpg,1789050497347,200,,184.92,yolo26n_int8,true,15.39,11.85,0.01,9
../../val2017/000000502737.jpg,1789050497358,200,,185.63,yolo26n_int8,true,9.47,23.88,0.01,2
../../val2017/000000484893.jpg,1789050497359,200,,433.61,yolo26m_fp16,true,14.47,77.20,0.01,7
../../val2017/000000503841.jpg,1789050497372,200,,187.06,yolo26n_int8,true,15.20,10.56,0.01,2
../../val2017/000000505565.jpg,1789050497381,200,,183.41,yolo26n_int8,true,14.20,11.89,0.01,2
../../val2017/000000485480.jpg,1789050497388,200,,436.14,yolo26m_fp16,true,20.73,80.36,0.01,5
../../val2017/000000505573.jpg,1789050497392,200,,184.56,yolo26n_int8,true,14.93,20.71,0.01,1
../../val2017/000000507015.jpg,1789050497405,200,,184.74,yolo26n_int8,true,12.95,18.79,0.01,10
../../val2017/000000507797.jpg,1789050497414,200,,180.93,yolo26n_int8,true,15.14,17.16,0.01,13
../../val2017/000000508101.jpg,1789050497422,200,,175.42,yolo26n_int8,true,14.71,9.87,0.01,2
../../val2017/000000488592.jpg,1789050497423,200,,445.72,yolo26m_fp16,true,17.00,78.37,0.01,9
../../val2017/000000508639.jpg,1789050497435,200,,182.60,yolo26n_int8,true,14.46,12.72,0.01,0
../../val2017/000000489842.jpg,1789050497447,200,,440.81,yolo26m_fp16,true,15.49,83.17,0.01,26
../../val2017/000000509131.jpg,1789050497451,200,,184.09,yolo26n_int8,true,16.60,15.89,0.01,7
../../val2017/000000511398.jpg,1789050497464,200,,175.64,yolo26n_int8,true,12.07,12.22,0.01,1
../../val2017/000000490936.jpg,1789050497470,200,,440.85,yolo26m_fp16,true,14.67,74.41,0.01,20
../../val2017/000000510329.jpg,1789050497478,200,,201.03,yolo26n_int8,true,18.22,22.85,0.01,4
../../val2017/000000491867.jpg,1789050497494,200,,435.47,yolo26m_fp16,true,18.80,70.45,0.01,7
../../val2017/000000511999.jpg,1789050497498,200,,194.48,yolo26n_int8,true,14.69,29.57,0.01,6
../../val2017/000000513283.jpg,1789050497504,200,,191.07,yolo26n_int8,true,13.08,28.53,0.01,1
../../val2017/000000513580.jpg,1789050497518,200,,182.39,yolo26n_int8,true,15.31,11.60,0.01,3
../../val2017/000000493799.jpg,1789050497522,200,,439.40,yolo26m_fp16,true,16.52,60.03,0.01,6
../../val2017/000000513484.jpg,1789050497528,200,,200.34,yolo26n_int8,true,14.45,26.97,0.01,1
../../val2017/000000514586.jpg,1789050497537,200,,189.88,yolo26n_int8,true,12.55,12.92,0.01,4
../../val2017/000000514797.jpg,1789050497548,200,,189.31,yolo26n_int8,true,17.70,11.01,0.01,4
../../val2017/000000495448.jpg,1789050497554,200,,440.58,yolo26m_fp16,true,21.81,59.81,0.01,1
../../val2017/000000516871.jpg,1789050497557,200,,184.82,yolo26n_int8,true,11.55,17.25,0.01,1
../../val2017/000000517069.jpg,1789050497573,200,,191.37,yolo26n_int8,true,11.82,19.99,0.01,5
../../val2017/000000499768.jpg,1789050497573,200,,435.40,yolo26m_fp16,true,13.75,74.08,0.01,2
../../val2017/000000520264.jpg,1789050497580,200,,187.50,yolo26n_int8,true,15.09,11.07,0.01,6
../../val2017/000000506178.jpg,1789050497599,200,,382.22,yolo26m_fp16,true,13.50,20.39,0.01,3
../../val2017/000000520832.jpg,1789050497600,200,,193.06,yolo26n_int8,true,13.67,23.61,0.01,2
../../val2017/000000521956.jpg,1789050497612,200,,197.19,yolo26n_int8,true,18.05,24.91,0.01,2
../../val2017/000000522713.jpg,1789050497621,200,,198.76,yolo26n_int8,true,9.02,24.36,0.02,3
../../val2017/000000503855.jpg,1789050497624,200,,432.08,yolo26m_fp16,true,12.27,71.04,0.01,18
../../val2017/000000523782.jpg,1789050497638,200,,203.22,yolo26n_int8,true,14.23,29.34,0.01,2
../../val2017/000000502732.jpg,1789050497650,200,,485.06,yolo26m_fp16,true,15.41,124.75,0.01,1
../../val2017/000000525083.jpg,1789050497653,200,,200.74,yolo26n_int8,true,16.99,15.14,0.01,4
../../val2017/000000526751.jpg,1789050497660,200,,189.34,yolo26n_int8,true,14.74,18.36,0.01,2
../../val2017/000000527215.jpg,1789050497672,200,,193.22,yolo26n_int8,true,15.41,16.86,0.01,7
../../val2017/000000508586.jpg,1789050497673,200,,423.00,yolo26m_fp16,true,15.35,68.91,0.01,8
../../val2017/000000530099.jpg,1789050497682,200,,183.55,yolo26n_int8,true,15.13,20.26,0.01,2
../../val2017/000000530466.jpg,1789050497700,200,,195.49,yolo26n_int8,true,14.58,11.30,0.01,1
../../val2017/000000509699.jpg,1789050497701,200,,427.70,yolo26m_fp16,true,16.05,70.31,0.01,7
../../val2017/000000530470.jpg,1789050497713,200,,195.06,yolo26n_int8,true,17.62,25.83,0.01,3
../../val2017/000000531135.jpg,1789050497724,200,,195.32,yolo26n_int8,true,14.78,19.85,0.01,9
../../val2017/000000512929.jpg,1789050497724,200,,420.73,yolo26m_fp16,true,19.14,63.06,0.01,7
../../val2017/000000531495.jpg,1789050497736,200,,198.51,yolo26n_int8,true,10.93,24.63,0.01,0
../../val2017/000000532761.jpg,1789050497748,200,,199.56,yolo26n_int8,true,12.22,19.38,0.01,7
../../val2017/000000518770.jpg,1789050497755,200,,366.27,yolo26m_fp16,true,15.03,26.89,0.01,19
../../val2017/000000533816.jpg,1789050497758,200,,200.63,yolo26n_int8,true,14.97,14.02,0.01,13
../../val2017/000000536073.jpg,1789050497770,200,,196.37,yolo26n_int8,true,14.10,12.93,0.01,4
../../val2017/000000537812.jpg,1789050497780,200,,199.40,yolo26n_int8,true,13.66,14.88,0.01,1
../../val2017/000000516601.jpg,1789050497790,200,,430.51,yolo26m_fp16,true,15.97,79.25,0.01,13
../../val2017/000000540466.jpg,1789050497791,200,,190.35,yolo26n_int8,true,9.27,15.93,0.01,1
../../val2017/000000540502.jpg,1789050497806,200,,193.54,yolo26n_int8,true,13.18,18.13,0.01,5
../../val2017/000000513567.jpg,1789050497812,200,,483.27,yolo26m_fp16,true,16.03,131.24,0.01,16
../../val2017/000000540932.jpg,1789050497817,200,,195.29,yolo26n_int8,true,14.34,16.67,0.01,7
../../val2017/000000541123.jpg,1789050497832,200,,193.19,yolo26n_int8,true,14.70,14.36,0.01,7
../../val2017/000000522751.jpg,1789050497838,200,,414.84,yolo26m_fp16,true,14.14,88.53,0.01,6
../../val2017/000000544605.jpg,1789050497842,200,,189.51,yolo26n_int8,true,15.91,23.99,0.01,0
../../val2017/000000544811.jpg,1789050497851,200,,191.42,yolo26n_int8,true,13.36,18.04,0.01,2
../../val2017/000000545594.jpg,1789050497863,200,,190.87,yolo26n_int8,true,7.46,21.78,0.01,4
../../val2017/000000523811.jpg,1789050497868,200,,420.26,yolo26m_fp16,true,16.41,81.70,0.01,1
../../val2017/000000546659.jpg,1789050497874,200,,191.56,yolo26n_int8,true,14.08,13.31,0.01,1
../../val2017/000000546826.jpg,1789050497885,200,,183.71,yolo26n_int8,true,13.97,14.93,0.01,0
../../val2017/000000526728.jpg,1789050497897,200,,432.42,yolo26m_fp16,true,16.38,75.71,0.01,12
../../val2017/000000547144.jpg,1789050497900,200,,186.56,yolo26n_int8,true,15.49,16.35,0.01,7
../../val2017/000000547502.jpg,1789050497916,200,,192.25,yolo26n_int8,true,18.00,11.62,0.01,9
../../val2017/000000530052.jpg,1789050497917,200,,422.93,yolo26m_fp16,true,13.14,72.65,0.01,8
../../val2017/000000548339.jpg,1789050497928,200,,191.74,yolo26n_int8,true,9.57,21.59,0.01,2
../../val2017/000000548524.jpg,1789050497939,200,,190.69,yolo26n_int8,true,14.82,21.18,0.01,2
../../val2017/000000531134.jpg,1789050497940,200,,417.73,yolo26m_fp16,true,15.90,64.67,0.01,16
../../val2017/000000549930.jpg,1789050497949,200,,190.67,yolo26n_int8,true,18.11,13.89,0.01,4
../../val2017/000000550471.jpg,1789050497960,200,,189.93,yolo26n_int8,true,12.63,17.48,0.01,1
../../val2017/000000533536.jpg,1789050497971,200,,416.89,yolo26m_fp16,true,13.60,72.65,0.01,2
../../val2017/000000550797.jpg,1789050497974,200,,193.75,yolo26n_int8,true,18.69,13.83,0.01,1
../../val2017/000000551304.jpg,1789050497981,200,,190.99,yolo26n_int8,true,9.04,15.43,0.01,1
../../val2017/000000554328.jpg,1789050497996,200,,189.90,yolo26n_int8,true,14.23,15.66,0.02,4
../../val2017/000000535306.jpg,1789050498002,200,,428.34,yolo26m_fp16,true,16.31,74.58,0.01,2
../../val2017/000000555009.jpg,1789050498006,200,,189.12,yolo26n_int8,true,14.68,21.31,0.01,6
../../val2017/000000555412.jpg,1789050498018,200,,186.15,yolo26n_int8,true,13.57,16.41,0.01,1
../../val2017/000000540280.jpg,1789050498024,200,,424.89,yolo26m_fp16,true,15.16,77.24,0.01,2
../../val2017/000000558114.jpg,1789050498031,200,,185.11,yolo26n_int8,true,8.21,23.90,0.01,5
../../val2017/000000559547.jpg,1789050498042,200,,188.10,yolo26n_int8,true,15.59,15.55,0.01,5
../../val2017/000000560178.jpg,1789050498054,200,,190.69,yolo26n_int8,true,16.87,16.01,0.01,2
../../val2017/000000541055.jpg,1789050498054,200,,430.45,yolo26m_fp16,true,14.88,82.05,0.01,8
../../val2017/000000561958.jpg,1789050498065,200,,179.80,yolo26n_int8,true,7.30,12.70,0.01,10
../../val2017/000000541634.jpg,1789050498079,200,,428.46,yolo26m_fp16,true,17.72,70.12,0.01,5
../../val2017/000000560880.jpg,1789050498079,200,,204.53,yolo26n_int8,true,13.75,30.06,0.01,2
../../val2017/000000562443.jpg,1789050498093,200,,192.57,yolo26n_int8,true,14.30,16.59,0.01,1
../../val2017/000000562843.jpg,1789050498104,200,,186.98,yolo26n_int8,true,13.37,26.23,0.01,3
../../val2017/000000546325.jpg,1789050498105,200,,431.49,yolo26m_fp16,true,15.28,68.38,0.01,4
../../val2017/000000563267.jpg,1789050498117,200,,188.46,yolo26n_int8,true,9.93,26.64,0.01,8
../../val2017/000000564091.jpg,1789050498129,200,,188.61,yolo26n_int8,true,14.92,20.09,0.01,3
../../val2017/000000549738.jpg,1789050498129,200,,373.81,yolo26m_fp16,true,15.11,23.77,0.01,11
../../val2017/000000564127.jpg,1789050498144,200,,194.83,yolo26n_int8,true,14.24,24.48,0.01,1
../../val2017/000000548246.jpg,1789050498153,200,,428.81,yolo26m_fp16,true,14.27,72.04,0.01,16
../../val2017/000000564133.jpg,1789050498154,200,,194.02,yolo26n_int8,true,14.06,17.49,0.02,4
../../val2017/000000568584.jpg,1789050498164,200,,182.79,yolo26n_int8,true,11.57,11.55,0.01,3
../../val2017/000000565012.jpg,1789050498182,200,,210.00,yolo26n_int8,true,13.16,30.37,0.01,2
../../val2017/000000568690.jpg,1789050498185,200,,188.68,yolo26n_int8,true,14.04,10.18,0.01,2
../../val2017/000000546717.jpg,1789050498185,200,,484.03,yolo26m_fp16,true,15.51,125.56,0.01,6
../../val2017/000000569273.jpg,1789050498200,200,,193.30,yolo26n_int8,true,14.21,11.68,0.01,6
../../val2017/000000570664.jpg,1789050498210,200,,191.13,yolo26n_int8,true,17.58,14.56,0.06,5
../../val2017/000000554266.jpg,1789050498212,200,,420.87,yolo26m_fp16,true,13.20,83.96,0.01,6
../../val2017/000000575081.jpg,1789050498218,200,,175.92,yolo26n_int8,true,12.24,9.39,0.01,3
../../val2017/000000573391.jpg,1789050498231,200,,199.76,yolo26n_int8,true,8.95,15.57,0.01,1
../../val2017/000000554735.jpg,1789050498242,200,,429.24,yolo26m_fp16,true,13.85,83.67,0.01,2
../../val2017/000000575243.jpg,1789050498245,200,,189.91,yolo26n_int8,true,16.01,13.69,0.01,6
../../val2017/000000576566.jpg,1789050498259,200,,192.62,yolo26n_int8,true,18.57,16.40,0.01,1
../../val2017/000000557501.jpg,1789050498266,200,,427.39,yolo26m_fp16,true,12.64,85.06,0.01,2
../../val2017/000000577584.jpg,1789050498269,200,,190.02,yolo26n_int8,true,15.08,20.50,0.01,2
../../val2017/000000577862.jpg,1789050498281,200,,188.39,yolo26n_int8,true,13.18,15.02,0.01,2
../../val2017/000000560474.jpg,1789050498290,200,,421.66,yolo26m_fp16,true,21.45,64.64,0.01,14
../../val2017/000000577932.jpg,1789050498298,200,,193.23,yolo26n_int8,true,17.51,13.70,0.01,15
../../val2017/000000577976.jpg,1789050498307,200,,189.49,yolo26n_int8,true,12.45,22.34,0.01,4
../../val2017/000000562243.jpg,1789050498313,200,,416.33,yolo26m_fp16,true,17.77,67.45,0.01,2
../../val2017/000000578093.jpg,1789050498318,200,,189.27,yolo26n_int8,true,15.08,15.82,0.01,1
../../val2017/000000578500.jpg,1789050498331,200,,186.08,yolo26n_int8,true,18.44,20.64,0.01,4
../../val2017/000000578922.jpg,1789050498341,200,,187.69,yolo26n_int8,true,16.70,10.36,0.01,4
../../val2017/000000562561.jpg,1789050498342,200,,424.86,yolo26m_fp16,true,13.54,69.01,0.01,2
../../val2017/000000579070.jpg,1789050498352,200,,187.88,yolo26n_int8,true,10.98,19.38,0.01,24
../../val2017/000000579900.jpg,1789050498365,200,,183.17,yolo26n_int8,true,14.19,18.42,0.01,2
../../val2017/000000563604.jpg,1789050498369,200,,428.78,yolo26m_fp16,true,15.04,67.73,0.01,11
../../val2017/000000581062.jpg,1789050498373,200,,187.75,yolo26n_int8,true,15.09,17.54,0.01,1
../../val2017/000000581317.jpg,1789050498387,200,,186.89,yolo26n_int8,true,14.59,16.64,0.01,2
../../val2017/000000581482.jpg,1789050498396,200,,186.04,yolo26n_int8,true,16.67,14.02,0.01,1
../../val2017/000000571804.jpg,1789050498396,200,,371.82,yolo26m_fp16,true,13.93,28.12,0.01,9
../../val2017/000000001818.jpg,1789050498403,200,,184.78,yolo26n_int8,true,9.34,13.33,0.01,3
../../val2017/000000002157.jpg,1789050498417,200,,185.81,yolo26n_int8,true,12.45,19.01,0.01,7
../../val2017/000000569059.jpg,1789050498425,200,,422.56,yolo26m_fp16,true,17.78,75.76,0.01,6
../../val2017/000000002587.jpg,1789050498432,200,,187.09,yolo26n_int8,true,18.08,15.06,0.01,1
../../val2017/000000005193.jpg,1789050498442,200,,172.31,yolo26n_int8,true,10.49,17.99,0.01,8
../../val2017/000000568147.jpg,1789050498449,200,,474.81,yolo26m_fp16,true,14.69,127.82,0.01,7
../../val2017/000000003501.jpg,1789050498454,200,,195.00,yolo26n_int8,true,15.36,25.67,0.01,4
../../val2017/000000005477.jpg,1789050498467,200,,184.97,yolo26n_int8,true,14.31,20.49,0.01,1
../../val2017/000000575372.jpg,1789050498476,200,,421.31,yolo26m_fp16,true,13.13,79.81,0.01,4
../../val2017/000000006471.jpg,1789050498481,200,,182.40,yolo26n_int8,true,15.34,22.81,0.02,9
../../val2017/000000006771.jpg,1789050498496,200,,188.86,yolo26n_int8,true,15.73,23.13,0.01,7
../../val2017/000000577735.jpg,1789050498497,200,,417.50,yolo26m_fp16,true,14.28,68.55,0.01,2
../../val2017/000000008629.jpg,1789050498504,200,,185.80,yolo26n_int8,true,8.22,24.93,0.01,9
../../val2017/000000008690.jpg,1789050498519,200,,188.20,yolo26n_int8,true,14.87,15.84,0.01,4
../../val2017/000000577864.jpg,1789050498522,200,,417.96,yolo26m_fp16,true,13.63,71.03,0.01,5
../../val2017/000000008844.jpg,1789050498530,200,,188.15,yolo26n_int8,true,17.48,15.30,0.01,3
../../val2017/000000009914.jpg,1789050498544,200,,191.13,yolo26n_int8,true,16.87,13.54,0.01,3
../../val2017/000000010092.jpg,1789050498554,200,,189.00,yolo26n_int8,true,15.32,17.77,0.01,5
../../val2017/000000578489.jpg,1789050498555,200,,425.85,yolo26m_fp16,true,24.89,62.22,0.01,12
../../val2017/000000010764.jpg,1789050498560,200,,187.21,yolo26n_int8,true,15.48,10.40,0.01,2
../../val2017/000000578967.jpg,1789050498577,200,,422.75,yolo26m_fp16,true,15.85,69.50,0.01,1
../../val2017/000000010977.jpg,1789050498578,200,,188.38,yolo26n_int8,true,16.27,20.93,0.01,2
../../val2017/000000011511.jpg,1789050498587,200,,190.96,yolo26n_int8,true,14.48,7.33,0.01,6
../../val2017/000000011615.jpg,1789050498597,200,,193.43,yolo26n_int8,true,13.74,12.60,0.01,0
../../val2017/000000012280.jpg,1789050498606,200,,188.46,yolo26n_int8,true,15.31,16.16,0.01,2
../../val2017/000000002299.jpg,1789050498609,200,,366.68,yolo26m_fp16,true,15.12,27.88,0.01,26
../../val2017/000000013201.jpg,1789050498624,200,,191.30,yolo26n_int8,true,12.24,17.31,0.01,2
../../val2017/000000581615.jpg,1789050498635,200,,421.48,yolo26m_fp16,true,19.02,74.56,0.01,1
../../val2017/000000013291.jpg,1789050498635,200,,192.95,yolo26n_int8,true,19.72,15.68,0.01,7
../../val2017/000000014226.jpg,1789050498646,200,,178.55,yolo26n_int8,true,14.32,11.88,0.01,3
../../val2017/000000013597.jpg,1789050498660,200,,206.03,yolo26n_int8,true,16.07,29.26,0.01,1
../../val2017/000000581206.jpg,1789050498664,200,,478.24,yolo26m_fp16,true,21.66,121.67,0.01,4
../../val2017/000000015079.jpg,1789050498666,200,,184.31,yolo26n_int8,true,9.36,20.57,0.01,2
../../val2017/000000015746.jpg,1789050498679,200,,181.88,yolo26n_int8,true,14.41,13.51,0.01,1
../../val2017/000000004795.jpg,1789050498690,200,,423.79,yolo26m_fp16,true,17.33,76.40,0.01,5
../../val2017/000000015956.jpg,1789050498691,200,,186.35,yolo26n_int8,true,14.99,12.73,0.01,4
../../val2017/000000016958.jpg,1789050498705,200,,185.87,yolo26n_int8,true,14.91,13.46,0.01,5
../../val2017/000000005992.jpg,1789050498714,200,,424.19,yolo26m_fp16,true,15.78,71.03,0.01,5
../../val2017/000000017714.jpg,1789050498718,200,,187.42,yolo26n_int8,true,12.52,24.19,0.01,3
../../val2017/000000017905.jpg,1789050498730,200,,185.98,yolo26n_int8,true,16.33,16.01,0.01,2
../../val2017/000000007991.jpg,1789050498737,200,,423.16,yolo26m_fp16,true,14.59,72.71,0.01,5
../../val2017/000000019432.jpg,1789050498743,200,,188.51,yolo26n_int8,true,18.16,15.88,0.01,10
../../val2017/000000020059.jpg,1789050498755,200,,193.94,yolo26n_int8,true,14.42,17.24,0.01,3
../../val2017/000000022192.jpg,1789050498766,200,,178.24,yolo26n_int8,true,11.09,12.24,0.01,3
../../val2017/000000009891.jpg,1789050498766,200,,424.30,yolo26m_fp16,true,14.02,75.10,0.01,13
../../val2017/000000020571.jpg,1789050498782,200,,203.91,yolo26n_int8,true,16.21,25.90,0.01,4
../../val2017/000000022705.jpg,1789050498793,200,,195.69,yolo26n_int8,true,15.41,16.92,0.01,5
../../val2017/000000010583.jpg,1789050498794,200,,425.22,yolo26m_fp16,true,17.12,65.52,0.01,4
../../val2017/000000025096.jpg,1789050498804,200,,179.84,yolo26n_int8,true,13.48,15.07,0.01,2
../../val2017/000000010995.jpg,1789050498817,200,,420.96,yolo26m_fp16,true,14.63,73.27,0.01,2
../../val2017/000000023230.jpg,1789050498820,200,,214.26,yolo26n_int8,true,13.75,25.29,0.01,2
../../val2017/000000025139.jpg,1789050498832,200,,197.35,yolo26n_int8,true,16.91,23.43,0.01,1
../../val2017/000000013004.jpg,1789050498838,200,,413.26,yolo26m_fp16,true,14.63,73.22,0.01,1
../../val2017/000000027982.jpg,1789050498840,200,,176.32,yolo26n_int8,true,14.29,13.40,0.01,2
../../val2017/000000025593.jpg,1789050498858,200,,211.86,yolo26n_int8,true,14.15,28.08,0.01,1
../../val2017/000000013546.jpg,1789050498865,200,,415.34,yolo26m_fp16,true,13.06,72.55,0.01,10
../../val2017/000000030828.jpg,1789050498868,200,,187.67,yolo26n_int8,true,9.62,11.41,0.01,4
../../val2017/000000027696.jpg,1789050498884,200,,223.22,yolo26n_int8,true,17.17,28.91,0.01,4
../../val2017/000000031050.jpg,1789050498893,200,,202.82,yolo26n_int8,true,14.75,19.10,0.01,3
../../val2017/000000014888.jpg,1789050498893,200,,413.61,yolo26m_fp16,true,13.80,69.60,0.01,5
../../val2017/000000032081.jpg,1789050498904,200,,186.01,yolo26n_int8,true,10.72,12.39,0.01,2
../../val2017/000000031620.jpg,1789050498917,200,,211.57,yolo26n_int8,true,13.91,30.15,0.01,4
../../val2017/000000015597.jpg,1789050498920,200,,422.32,yolo26m_fp16,true,14.09,73.03,0.01,2
../../val2017/000000032285.jpg,1789050498927,200,,196.89,yolo26n_int8,true,13.95,20.20,0.01,1
../../val2017/000000032817.jpg,1789050498940,200,,196.28,yolo26n_int8,true,14.40,17.55,0.01,6
../../val2017/000000017182.jpg,1789050498948,200,,425.23,yolo26m_fp16,true,13.18,78.60,0.01,7
../../val2017/000000032861.jpg,1789050498948,200,,193.28,yolo26n_int8,true,13.26,17.54,0.01,2
../../val2017/000000033104.jpg,1789050498963,200,,196.82,yolo26n_int8,true,15.55,12.48,0.01,4
../../val2017/000000033854.jpg,1789050498974,200,,191.84,yolo26n_int8,true,15.00,15.82,0.01,14
../../val2017/000000017959.jpg,1789050498977,200,,422.59,yolo26m_fp16,true,13.12,83.81,0.01,12
../../val2017/000000034071.jpg,1789050498984,200,,191.53,yolo26n_int8,true,15.34,19.98,0.01,0
../../val2017/000000037740.jpg,1789050498996,200,,175.20,yolo26n_int8,true,10.13,11.72,0.01,7
../../val2017/000000025181.jpg,1789050499008,200,,373.00,yolo26m_fp16,true,13.80,27.81,0.01,4
../../val2017/000000035682.jpg,1789050499009,200,,205.28,yolo26n_int8,true,14.61,30.42,0.02,9
../../val2017/000000038678.jpg,1789050499022,200,,189.50,yolo26n_int8,true,16.92,11.52,0.01,6
../../val2017/000000039551.jpg,1789050499038,200,,195.97,yolo26n_int8,true,16.48,17.84,0.01,3
../../val2017/000000023781.jpg,1789050499038,200,,428.10,yolo26m_fp16,true,15.12,76.39,0.01,8
../../val2017/000000041888.jpg,1789050499045,200,,186.96,yolo26n_int8,true,15.74,10.88,0.01,3
../../val2017/000000020333.jpg,1789050499053,200,,475.00,yolo26m_fp16,true,14.94,129.07,0.01,4
../../val2017/000000042563.jpg,1789050499058,200,,189.17,yolo26n_int8,true,15.55,8.80,0.01,1
../../val2017/000000042888.jpg,1789050499073,200,,189.14,yolo26n_int8,true,16.77,14.97,0.01,0
../../val2017/000000029640.jpg,1789050499079,200,,413.09,yolo26m_fp16,true,18.81,67.65,0.01,31
../../val2017/000000044652.jpg,1789050499083,200,,189.99,yolo26n_int8,true,15.48,16.56,0.01,1
../../val2017/000000045472.jpg,1789050499095,200,,191.16,yolo26n_int8,true,13.64,19.11,0.01,10
../../val2017/000000031322.jpg,1789050499102,200,,410.75,yolo26m_fp16,true,14.67,60.28,0.01,24
../../val2017/000000046497.jpg,1789050499109,200,,192.06,yolo26n_int8,true,15.69,19.52,0.01,3
../../val2017/000000049269.jpg,1789050499123,200,,195.94,yolo26n_int8,true,9.96,29.41,0.01,2
../../val2017/000000031817.jpg,1789050499132,200,,416.86,yolo26m_fp16,true,26.08,51.26,0.01,7
../../val2017/000000050638.jpg,1789050499132,200,,191.89,yolo26n_int8,true,15.31,17.37,0.01,1
../../val2017/000000050844.jpg,1789050499147,200,,198.27,yolo26n_int8,true,21.63,12.71,0.01,4
../../val2017/000000032811.jpg,1789050499153,200,,415.69,yolo26m_fp16,true,14.27,69.88,0.01,1
../../val2017/000000051961.jpg,1789050499157,200,,193.10,yolo26n_int8,true,14.48,14.47,0.01,1
../../val2017/000000033005.jpg,1789050499174,200,,408.23,yolo26m_fp16,true,12.73,63.67,0.01,2
../../val2017/000000052462.jpg,1789050499180,200,,205.39,yolo26n_int8,true,19.13,11.71,0.01,2
../../val2017/000000054605.jpg,1789050499188,200,,203.16,yolo26n_int8,true,19.98,19.21,0.01,9
../../val2017/000000055950.jpg,1789050499197,200,,189.14,yolo26n_int8,true,9.91,16.71,0.01,3
../../val2017/000000035279.jpg,1789050499202,200,,407.96,yolo26m_fp16,true,14.75,59.87,0.01,13
../../val2017/000000054967.jpg,1789050499213,200,,217.41,yolo26n_int8,true,15.87,29.73,0.01,12
../../val2017/000000035770.jpg,1789050499225,200,,408.00,yolo26m_fp16,true,15.38,62.87,0.01,5
../../val2017/000000057672.jpg,1789050499226,200,,203.88,yolo26n_int8,true,15.43,16.07,0.01,9
../../val2017/000000058384.jpg,1789050499242,200,,203.80,yolo26n_int8,true,13.63,24.32,0.01,2
../../val2017/000000039477.jpg,1789050499247,200,,408.77,yolo26m_fp16,true,14.69,62.27,0.01,11
../../val2017/000000058655.jpg,1789050499250,200,,204.41,yolo26n_int8,true,14.19,19.75,0.01,1
../../val2017/000000060835.jpg,1789050499258,200,,199.12,yolo26n_int8,true,8.48,19.17,0.01,1
../../val2017/000000061108.jpg,1789050499274,200,,200.36,yolo26n_int8,true,19.40,13.90,0.01,2
../../val2017/000000042296.jpg,1789050499280,200,,415.31,yolo26m_fp16,true,16.79,66.40,0.01,5
../../val2017/000000061418.jpg,1789050499282,200,,198.59,yolo26n_int8,true,15.60,13.25,0.01,9
../../val2017/000000061747.jpg,1789050499295,200,,199.33,yolo26n_int8,true,13.62,11.60,0.01,2
../../val2017/000000063047.jpg,1789050499306,200,,196.25,yolo26n_int8,true,15.72,12.89,0.01,4
../../val2017/000000045070.jpg,1789050499307,200,,413.35,yolo26m_fp16,true,14.30,68.15,0.01,3
../../val2017/000000063552.jpg,1789050499321,200,,197.40,yolo26n_int8,true,17.39,11.41,0.01,1
../../val2017/000000047585.jpg,1789050499326,200,,405.20,yolo26m_fp16,true,13.08,72.78,0.01,8
../../val2017/000000064499.jpg,1789050499331,200,,198.38,yolo26n_int8,true,14.06,20.31,0.01,1
../../val2017/000000064523.jpg,1789050499345,200,,197.89,yolo26n_int8,true,18.80,17.87,0.01,14
../../val2017/000000065350.jpg,1789050499356,200,,198.77,yolo26n_int8,true,13.83,20.13,0.01,6
../../val2017/000000050828.jpg,1789050499356,200,,408.01,yolo26m_fp16,true,17.50,73.30,0.01,3
../../val2017/000000065455.jpg,1789050499370,200,,196.04,yolo26n_int8,true,15.30,16.94,0.01,7
../../val2017/000000053909.jpg,1789050499380,200,,402.51,yolo26m_fp16,true,19.75,64.34,0.01,3
../../val2017/000000066523.jpg,1789050499382,200,,194.27,yolo26n_int8,true,12.89,24.19,0.01,1
../../val2017/000000066706.jpg,1789050499390,200,,192.47,yolo26n_int8,true,9.46,21.67,0.01,3
../../val2017/000000067310.jpg,1789050499405,200,,191.29,yolo26n_int8,true,18.76,16.28,0.01,4
../../val2017/000000057150.jpg,1789050499409,200,,399.76,yolo26m_fp16,true,13.96,76.17,0.01,21
../../val2017/000000067616.jpg,1789050499417,200,,191.23,yolo26n_int8,true,13.10,14.63,0.01,9
../../val2017/000000068286.jpg,1789050499428,200,,185.76,yolo26n_int8,true,16.96,15.03,0.01,1
../../val2017/000000069138.jpg,1789050499436,200,,185.72,yolo26n_int8,true,16.14,15.23,0.01,2
../../val2017/000000057760.jpg,1789050499436,200,,398.36,yolo26m_fp16,true,15.81,79.92,0.01,19
../../val2017/000000070048.jpg,1789050499448,200,,190.24,yolo26n_int8,true,15.44,12.28,0.01,5
../../val2017/000000070774.jpg,1789050499463,200,,188.48,yolo26n_int8,true,18.20,13.80,0.01,1
../../val2017/000000060823.jpg,1789050499463,200,,410.03,yolo26m_fp16,true,16.37,65.89,0.01,29
../../val2017/000000074646.jpg,1789050499477,200,,181.25,yolo26n_int8,true,14.34,12.44,0.01,6
../../val2017/000000073153.jpg,1789050499489,200,,206.70,yolo26n_int8,true,15.21,31.81,0.01,1
../../val2017/000000061333.jpg,1789050499490,200,,409.83,yolo26m_fp16,true,19.06,72.57,0.01,3
../../val2017/000000076547.jpg,1789050499501,200,,193.02,yolo26n_int8,true,13.26,18.32,0.01,5
../../val2017/000000076625.jpg,1789050499511,200,,189.90,yolo26n_int8,true,16.61,15.00,0.01,7
../../val2017/000000062025.jpg,1789050499511,200,,408.68,yolo26m_fp16,true,16.04,70.83,0.01,4
../../val2017/000000078420.jpg,1789050499522,200,,176.80,yolo26n_int8,true,9.59,12.92,0.01,3
../../val2017/000000077460.jpg,1789050499535,200,,204.57,yolo26n_int8,true,14.09,30.18,0.01,8
../../val2017/000000064462.jpg,1789050499536,200,,404.27,yolo26m_fp16,true,19.92,66.78,0.01,2
../../val2017/000000078823.jpg,1789050499548,200,,191.74,yolo26n_int8,true,18.61,14.00,0.01,4
../../val2017/000000078959.jpg,1789050499561,200,,189.91,yolo26n_int8,true,13.95,20.29,0.01,0
../../val2017/000000064718.jpg,1789050499569,200,,416.07,yolo26m_fp16,true,14.47,70.57,0.01,3
../../val2017/000000079565.jpg,1789050499570,200,,188.01,yolo26n_int8,true,12.64,27.15,0.01,2
../../val2017/000000079588.jpg,1789050499584,200,,193.35,yolo26n_int8,true,8.81,23.36,0.01,5
../../val2017/000000066038.jpg,1789050499598,200,,415.94,yolo26m_fp16,true,17.14,69.78,0.01,19
../../val2017/000000079837.jpg,1789050499598,200,,192.81,yolo26n_int8,true,13.88,19.21,0.01,4
../../val2017/000000080932.jpg,1789050499612,200,,193.69,yolo26n_int8,true,14.52,17.04,0.01,7
../../val2017/000000066841.jpg,1789050499620,200,,417.29,yolo26m_fp16,true,17.15,81.39,0.01,0
../../val2017/000000080949.jpg,1789050499624,200,,195.80,yolo26n_int8,true,16.21,22.22,0.01,2
../../val2017/000000082812.jpg,1789050499637,200,,188.39,yolo26n_int8,true,12.91,10.82,0.01,10
../../val2017/000000082807.jpg,1789050499646,200,,209.63,yolo26n_int8,true,11.80,39.33,0.01,2
../../val2017/000000068093.jpg,1789050499650,200,,423.03,yolo26m_fp16,true,14.58,74.14,0.01,6
../../val2017/000000083540.jpg,1789050499654,200,,190.95,yolo26n_int8,true,15.81,10.62,0.02,1
../../val2017/000000085089.jpg,1789050499668,200,,191.28,yolo26n_int8,true,13.57,14.83,0.01,4
../../val2017/000000068833.jpg,1789050499677,200,,429.27,yolo26m_fp16,true,16.85,72.49,0.01,7
../../val2017/000000085329.jpg,1789050499678,200,,188.84,yolo26n_int8,true,17.61,12.88,0.00,2
../../val2017/000000087244.jpg,1789050499694,200,,192.97,yolo26n_int8,true,15.61,18.94,0.01,2
../../val2017/000000087742.jpg,1789050499703,200,,189.44,yolo26n_int8,true,10.34,27.41,0.01,1
../../val2017/000000071451.jpg,1789050499705,200,,424.27,yolo26m_fp16,true,18.51,76.49,0.01,2
../../val2017/000000087875.jpg,1789050499719,200,,196.90,yolo26n_int8,true,16.11,15.92,0.01,1
../../val2017/000000088250.jpg,1789050499729,200,,193.34,yolo26n_int8,true,16.20,19.87,0.01,2
../../val2017/000000076416.jpg,1789050499734,200,,425.75,yolo26m_fp16,true,13.91,74.52,0.01,4
../../val2017/000000088432.jpg,1789050499741,200,,191.85,yolo26n_int8,true,13.58,15.81,0.01,3
../../val2017/000000089045.jpg,1789050499751,200,,190.47,yolo26n_int8,true,12.12,25.56,0.01,2
../../val2017/000000076731.jpg,1789050499762,200,,434.98,yolo26m_fp16,true,20.06,70.48,0.01,0
../../val2017/000000089880.jpg,1789050499763,200,,193.69,yolo26n_int8,true,15.94,17.91,0.01,3
../../val2017/000000078426.jpg,1789050499776,200,,420.05,yolo26m_fp16,true,14.16,74.68,0.01,1
../../val2017/000000090631.jpg,1789050499783,200,,198.43,yolo26n_int8,true,28.45,11.23,0.01,1
../../val2017/000000091495.jpg,1789050499793,200,,194.75,yolo26n_int8,true,17.08,17.74,0.01,3
../../val2017/000000092177.jpg,1789050499803,200,,190.84,yolo26n_int8,true,9.71,26.65,0.01,1
../../val2017/000000079031.jpg,1789050499811,200,,430.87,yolo26m_fp16,true,16.24,64.40,0.01,2
../../val2017/000000093261.jpg,1789050499819,200,,194.90,yolo26n_int8,true,15.36,28.74,0.01,3
../../val2017/000000080274.jpg,1789050499830,200,,419.81,yolo26m_fp16,true,14.75,62.29,0.01,2
../../val2017/000000094336.jpg,1789050499833,200,,186.57,yolo26n_int8,true,16.16,13.51,0.01,3
../../val2017/000000094185.jpg,1789050499846,200,,208.88,yolo26n_int8,true,17.69,27.11,0.01,3
../../val2017/000000081738.jpg,1789050499852,200,,415.54,yolo26m_fp16,true,16.31,61.65,0.01,5
../../val2017/000000094852.jpg,1789050499859,200,,204.37,yolo26n_int8,true,15.29,16.04,0.01,1
../../val2017/000000095899.jpg,1789050499877,200,,208.48,yolo26n_int8,true,15.44,20.94,0.01,1
../../val2017/000000084664.jpg,1789050499878,200,,415.05,yolo26m_fp16,true,16.17,63.46,0.01,4
../../val2017/000000096549.jpg,1789050499883,200,,205.04,yolo26n_int8,true,16.38,20.32,0.01,1
../../val2017/000000096825.jpg,1789050499896,200,,201.25,yolo26n_int8,true,13.13,17.88,0.01,1
../../val2017/000000085823.jpg,1789050499902,200,,412.35,yolo26m_fp16,true,17.36,59.14,0.01,3
../../val2017/000000097230.jpg,1789050499908,200,,205.04,yolo26n_int8,true,14.00,14.10,0.01,2
../../val2017/000000097585.jpg,1789050499917,200,,197.33,yolo26n_int8,true,11.04,11.54,0.01,3
../../val2017/000000098287.jpg,1789050499931,200,,196.89,yolo26n_int8,true,16.38,15.82,0.01,8
../../val2017/000000087476.jpg,1789050499935,200,,423.45,yolo26m_fp16,true,19.27,67.07,0.01,14
../../val2017/000000098497.jpg,1789050499944,200,,203.04,yolo26n_int8,true,18.41,12.10,0.01,1
../../val2017/000000098520.jpg,1789050499956,200,,204.50,yolo26n_int8,true,14.35,19.62,0.01,2
../../val2017/000000088265.jpg,1789050499962,200,,425.04,yolo26m_fp16,true,17.20,68.00,0.01,1
../../val2017/000000099428.jpg,1789050499964,200,,200.55,yolo26n_int8,true,7.98,21.80,0.01,1
../../val2017/000000101068.jpg,1789050499979,200,,196.44,yolo26n_int8,true,12.64,19.73,0.01,2
../../val2017/000000090155.jpg,1789050499984,200,,411.43,yolo26m_fp16,true,16.39,68.74,0.01,1
../../val2017/000000102331.jpg,1789050499991,200,,197.51,yolo26n_int8,true,16.82,17.62,0.01,2
../../val2017/000000105455.jpg,1789050500000,200,,180.59,yolo26n_int8,true,8.99,14.47,0.01,3
../../val2017/000000103585.jpg,1789050500012,200,,208.60,yolo26n_int8,true,19.93,19.32,0.01,5
../../val2017/000000094614.jpg,1789050500013,200,,360.97,yolo26m_fp16,true,13.39,28.72,0.01,2
../../val2017/000000108440.jpg,1789050500019,200,,185.90,yolo26n_int8,true,13.32,14.77,0.01,1
../../val2017/000000108864.jpg,1789050500036,200,,189.78,yolo26n_int8,true,16.55,11.90,0.01,2
../../val2017/000000096001.jpg,1789050500038,200,,360.66,yolo26m_fp16,true,14.93,21.43,0.01,6
../../val2017/000000109916.jpg,1789050500047,200,,188.07,yolo26n_int8,true,15.46,12.08,0.01,3
../../val2017/000000111951.jpg,1789050500060,200,,176.80,yolo26n_int8,true,14.02,11.97,0.01,3
../../val2017/000000090956.jpg,1789050500063,200,,464.77,yolo26m_fp16,true,14.25,131.77,0.01,2
../../val2017/000000110211.jpg,1789050500070,200,,192.75,yolo26n_int8,true,8.91,32.08,0.01,3
../../val2017/000000112997.jpg,1789050500084,200,,187.84,yolo26n_int8,true,13.61,19.73,0.01,2
../../val2017/000000092660.jpg,1789050500092,200,,471.44,yolo26m_fp16,true,14.40,122.84,0.01,9
../../val2017/000000113589.jpg,1789050500095,200,,184.59,yolo26n_int8,true,14.21,16.24,0.01,7
../../val2017/000000113867.jpg,1789050500111,200,,191.58,yolo26n_int8,true,16.14,11.78,0.01,0
../../val2017/000000097278.jpg,1789050500114,200,,408.71,yolo26m_fp16,true,18.80,65.03,0.01,2
../../val2017/000000114770.jpg,1789050500122,200,,191.10,yolo26n_int8,true,15.20,20.44,0.01,1
../../val2017/000000117914.jpg,1789050500133,200,,188.46,yolo26n_int8,true,15.21,23.84,0.01,1
../../val2017/000000097994.jpg,1789050500143,200,,413.49,yolo26m_fp16,true,14.14,72.05,0.01,10
../../val2017/000000118209.jpg,1789050500147,200,,190.18,yolo26n_int8,true,15.79,17.91,0.01,2
../../val2017/000000099182.jpg,1789050500164,200,,402.22,yolo26m_fp16,true,19.92,69.15,0.01,3
../../val2017/000000118594.jpg,1789050500166,200,,201.24,yolo26n_int8,true,13.77,19.89,0.01,2
../../val2017/000000119233.jpg,1789050500175,200,,195.77,yolo26n_int8,true,17.77,24.46,0.01,3
../../val2017/000000119677.jpg,1789050500187,200,,187.09,yolo26n_int8,true,13.07,12.70,0.01,3
../../val2017/000000100510.jpg,1789050500189,200,,412.46,yolo26m_fp16,true,15.33,69.00,0.01,4
../../val2017/000000119641.jpg,1789050500196,200,,204.65,yolo26n_int8,true,15.28,31.58,0.01,17
../../val2017/000000120584.jpg,1789050500208,200,,194.77,yolo26n_int8,true,9.20,22.64,0.01,1
../../val2017/000000104424.jpg,1789050500214,200,,402.91,yolo26m_fp16,true,18.57,67.01,0.01,2
../../val2017/000000123213.jpg,1789050500221,200,,201.74,yolo26n_int8,true,13.53,19.36,0.01,9
../../val2017/000000123480.jpg,1789050500233,200,,194.46,yolo26n_int8,true,13.69,18.27,0.01,1
../../val2017/000000124636.jpg,1789050500244,200,,196.26,yolo26n_int8,true,15.01,12.55,0.02,2
../../val2017/000000108253.jpg,1789050500246,200,,416.28,yolo26m_fp16,true,13.74,68.68,0.01,15
../../val2017/000000125062.jpg,1789050500257,200,,194.66,yolo26n_int8,true,10.66,22.47,0.01,7
../../val2017/000000109798.jpg,1789050500268,200,,415.36,yolo26m_fp16,true,16.37,75.35,0.01,3
../../val2017/000000125257.jpg,1789050500271,200,,201.21,yolo26n_int8,true,19.45,10.67,0.01,2
../../val2017/000000125936.jpg,1789050500281,200,,197.67,yolo26n_int8,true,16.12,18.87,0.01,9
../../val2017/000000128051.jpg,1789050500293,200,,181.10,yolo26n_int8,true,13.19,12.72,0.01,2
../../val2017/000000110784.jpg,1789050500299,200,,420.57,yolo26m_fp16,true,15.11,67.49,0.01,2
../../val2017/000000127135.jpg,1789050500308,200,,211.28,yolo26n_int8,true,19.35,21.25,0.01,1
../../val2017/000000129135.jpg,1789050500318,200,,195.67,yolo26n_int8,true,17.14,11.26,0.01,2
../../val2017/000000113235.jpg,1789050500323,200,,420.40,yolo26m_fp16,true,15.31,72.93,0.01,5
../../val2017/000000130386.jpg,1789050500329,200,,196.20,yolo26n_int8,true,17.71,16.88,0.01,5
../../val2017/000000130826.jpg,1789050500341,200,,194.56,yolo26n_int8,true,10.20,23.77,0.01,6
../../val2017/000000116206.jpg,1789050500347,200,,411.56,yolo26m_fp16,true,14.13,67.09,0.01,2
../../val2017/000000131938.jpg,1789050500352,200,,179.31,yolo26n_int8,true,14.34,15.62,0.01,2
../../val2017/000000132622.jpg,1789050500365,200,,189.14,yolo26n_int8,true,14.51,12.72,0.01,1
../../val2017/000000118405.jpg,1789050500371,200,,409.06,yolo26m_fp16,true,12.79,70.44,0.01,1
../../val2017/000000132931.jpg,1789050500376,200,,188.63,yolo26n_int8,true,16.72,15.46,0.01,3
../../val2017/000000133233.jpg,1789050500389,200,,193.10,yolo26n_int8,true,15.65,16.68,0.01,0
../../val2017/000000133343.jpg,1789050500397,200,,188.79,yolo26n_int8,true,11.93,24.52,0.01,2
../../val2017/000000119516.jpg,1789050500399,200,,414.33,yolo26m_fp16,true,13.52,70.77,0.01,6
../../val2017/000000133969.jpg,1789050500408,200,,186.91,yolo26n_int8,true,12.84,11.83,0.01,11
../../val2017/000000134096.jpg,1789050500421,200,,187.87,yolo26n_int8,true,13.39,16.21,0.01,1
../../val2017/000000119911.jpg,1789050500429,200,,417.08,yolo26m_fp16,true,14.45,72.68,0.01,7
../../val2017/000000134856.jpg,1789050500432,200,,185.28,yolo26n_int8,true,15.28,16.56,0.01,2
../../val2017/000000134886.jpg,1789050500445,200,,186.94,yolo26n_int8,true,13.14,17.84,0.01,4
../../val2017/000000123585.jpg,1789050500455,200,,416.74,yolo26m_fp16,true,15.17,71.50,0.01,6
../../val2017/000000137106.jpg,1789050500456,200,,184.16,yolo26n_int8,true,10.62,25.19,0.00,1
../../val2017/000000137294.jpg,1789050500465,200,,183.73,yolo26n_int8,true,13.45,14.92,0.01,1
../../val2017/000000138492.jpg,1789050500477,200,,183.42,yolo26n_int8,true,13.74,17.15,0.01,2
../../val2017/000000139077.jpg,1789050500485,200,,176.80,yolo26n_int8,true,17.71,10.71,0.01,2
../../val2017/000000124798.jpg,1789050500488,200,,427.23,yolo26m_fp16,true,13.15,84.90,0.01,17
../../val2017/000000140076.jpg,1789050500493,200,,174.41,yolo26n_int8,true,15.10,12.00,0.01,8
../../val2017/000000140270.jpg,1789050500505,200,,175.82,yolo26n_int8,true,10.99,18.82,0.01,2
../../val2017/000000126107.jpg,1789050500511,200,,418.24,yolo26m_fp16,true,14.50,83.96,0.01,8
../../val2017/000000140556.jpg,1789050500529,200,,187.03,yolo26n_int8,true,13.96,15.51,0.01,4
../../val2017/000000128699.jpg,1789050500538,200,,424.24,yolo26m_fp16,true,14.21,85.87,0.01,14
../../val2017/000000141328.jpg,1789050500539,200,,186.54,yolo26n_int8,true,14.82,19.12,0.01,4
../../val2017/000000142092.jpg,1789050500556,200,,190.53,yolo26n_int8,true,16.45,25.04,0.01,1
../../val2017/000000130579.jpg,1789050500564,200,,420.43,yolo26m_fp16,true,15.24,83.56,0.01,2
../../val2017/000000143961.jpg,1789050500565,200,,188.51,yolo26n_int8,true,13.07,30.09,0.01,10
../../val2017/000000144784.jpg,1789050500575,200,,178.04,yolo26n_int8,true,14.13,10.36,0.01,1
../../val2017/000000144003.jpg,1789050500586,200,,196.21,yolo26n_int8,true,12.76,33.83,0.01,7
../../val2017/000000131379.jpg,1789050500594,200,,429.28,yolo26m_fp16,true,15.62,75.34,0.01,2
../../val2017/000000145620.jpg,1789050500598,200,,189.30,yolo26n_int8,true,14.30,13.42,0.01,4
../../val2017/000000146358.jpg,1789050500610,200,,188.78,yolo26n_int8,true,14.11,17.03,0.01,4
../../val2017/000000133000.jpg,1789050500620,200,,431.02,yolo26m_fp16,true,18.33,74.83,0.01,5
../../val2017/000000146489.jpg,1789050500622,200,,189.76,yolo26n_int8,true,14.79,14.47,0.01,4
../../val2017/000000146498.jpg,1789050500634,200,,187.06,yolo26n_int8,true,13.43,15.10,0.01,0
../../val2017/000000146667.jpg,1789050500644,200,,188.50,yolo26n_int8,true,10.86,20.01,0.01,12
../../val2017/000000133645.jpg,1789050500650,200,,434.87,yolo26m_fp16,true,13.70,78.10,0.01,5
../../val2017/000000147498.jpg,1789050500655,200,,188.88,yolo26n_int8,true,17.13,7.50,0.01,0
../../val2017/000000148730.jpg,1789050500670,200,,192.84,yolo26n_int8,true,19.17,10.92,0.01,0
../../val2017/000000134112.jpg,1789050500671,200,,427.08,yolo26m_fp16,true,14.29,80.47,0.01,3
../../val2017/000000150417.jpg,1789050500680,200,,191.50,yolo26n_int8,true,14.12,8.54,0.01,8
../../val2017/000000151480.jpg,1789050500691,200,,185.07,yolo26n_int8,true,9.50,11.64,0.01,7
../../val2017/000000135561.jpg,1789050500697,200,,428.75,yolo26m_fp16,true,14.87,77.26,0.01,7
../../val2017/000000151051.jpg,1789050500703,200,,209.39,yolo26n_int8,true,16.55,25.90,0.01,1
../../val2017/000000151662.jpg,1789050500719,200,,190.50,yolo26n_int8,true,18.99,12.43,0.01,1
../../val2017/000000138856.jpg,1789050500721,200,,421.05,yolo26m_fp16,true,14.84,63.71,0.01,1
../../val2017/000000151962.jpg,1789050500735,200,,195.26,yolo26n_int8,true,15.69,14.09,0.01,2
../../val2017/000000152214.jpg,1789050500742,200,,185.42,yolo26n_int8,true,11.50,18.36,0.01,2
../../val2017/000000140203.jpg,1789050500747,200,,424.23,yolo26m_fp16,true,21.40,58.62,0.01,7
../../val2017/000000152465.jpg,1789050500752,200,,187.41,yolo26n_int8,true,13.40,14.72,0.01,1
../../val2017/000000152870.jpg,1789050500764,200,,188.89,yolo26n_int8,true,13.68,14.81,0.01,2
../../val2017/000000154087.jpg,1789050500777,200,,178.89,yolo26n_int8,true,11.29,14.27,0.02,4
../../val2017/000000140840.jpg,1789050500778,200,,430.91,yolo26m_fp16,true,13.15,78.18,0.01,13
../../val2017/000000153299.jpg,1789050500791,200,,204.81,yolo26n_int8,true,19.57,16.96,0.01,3
../../val2017/000000143068.jpg,1789050500801,200,,429.38,yolo26m_fp16,true,16.57,76.62,0.01,9
../../val2017/000000154358.jpg,1789050500803,200,,192.51,yolo26n_int8,true,14.13,21.32,0.01,4
../../val2017/000000155145.jpg,1789050500816,200,,193.64,yolo26n_int8,true,15.85,22.12,0.01,5
../../val2017/000000155154.jpg,1789050500826,200,,191.85,yolo26n_int8,true,15.04,23.96,0.01,0
../../val2017/000000144798.jpg,1789050500827,200,,427.80,yolo26m_fp16,true,15.58,79.00,0.01,4
../../val2017/000000155443.jpg,1789050500834,200,,190.30,yolo26n_int8,true,15.21,11.33,0.01,2
../../val2017/000000156292.jpg,1789050500849,200,,194.40,yolo26n_int8,true,13.13,11.35,0.01,5
../../val2017/000000157756.jpg,1789050500856,200,,183.06,yolo26n_int8,true,11.88,17.00,0.01,7
../../val2017/000000146457.jpg,1789050500857,200,,427.28,yolo26m_fp16,true,17.00,76.11,0.01,12
../../val2017/000000158548.jpg,1789050500878,200,,198.01,yolo26n_int8,true,16.76,12.54,0.01,3
../../val2017/000000147415.jpg,1789050500879,200,,423.28,yolo26m_fp16,true,16.70,72.38,0.01,5
../../val2017/000000158744.jpg,1789050500888,200,,196.25,yolo26n_int8,true,19.82,19.15,0.01,3
../../val2017/000000159977.jpg,1789050500901,200,,197.72,yolo26n_int8,true,12.84,24.07,0.01,2
../../val2017/000000150224.jpg,1789050500906,200,,420.51,yolo26m_fp16,true,14.89,78.17,0.01,13
../../val2017/000000161820.jpg,1789050500911,200,,189.66,yolo26n_int8,true,11.47,26.19,0.01,1
../../val2017/000000162035.jpg,1789050500924,200,,189.34,yolo26n_int8,true,13.56,18.21,0.01,2
../../val2017/000000151657.jpg,1789050500934,200,,422.59,yolo26m_fp16,true,14.49,74.85,0.01,3
../../val2017/000000162366.jpg,1789050500935,200,,193.49,yolo26n_int8,true,18.41,18.72,0.01,0
../../val2017/000000163562.jpg,1789050500948,200,,196.18,yolo26n_int8,true,16.68,19.52,0.01,2
../../val2017/000000163611.jpg,1789050500959,200,,194.35,yolo26n_int8,true,18.83,9.33,0.01,3
../../val2017/000000151820.jpg,1789050500960,200,,420.83,yolo26m_fp16,true,17.45,67.33,0.01,27
../../val2017/000000164115.jpg,1789050500966,200,,187.43,yolo26n_int8,true,10.51,15.32,0.01,1
../../val2017/000000165351.jpg,1789050500981,200,,189.45,yolo26n_int8,true,13.88,14.10,0.01,0
../../val2017/000000154705.jpg,1789050500986,200,,365.07,yolo26m_fp16,true,14.31,25.36,0.01,7
../../val2017/000000166563.jpg,1789050500992,200,,188.58,yolo26n_int8,true,15.58,15.07,0.01,0
../../val2017/000000166918.jpg,1789050501003,200,,187.05,yolo26n_int8,true,14.04,11.31,0.01,14
../../val2017/000000153632.jpg,1789050501014,200,,419.71,yolo26m_fp16,true,13.15,81.55,0.01,4
../../val2017/000000169996.jpg,1789050501019,200,,191.75,yolo26n_int8,true,14.81,20.47,0.01,11
../../val2017/000000170099.jpg,1789050501028,200,,193.46,yolo26n_int8,true,8.70,25.30,0.01,4
../../val2017/000000170595.jpg,1789050501040,200,,190.80,yolo26n_int8,true,16.28,17.20,0.01,1
../../val2017/000000152740.jpg,1789050501045,200,,480.43,yolo26m_fp16,true,15.99,129.03,0.01,19
../../val2017/000000172083.jpg,1789050501050,200,,192.94,yolo26n_int8,true,14.17,17.81,0.01,0
../../val2017/000000172877.jpg,1789050501061,200,,182.93,yolo26n_int8,true,14.56,17.19,0.04,4
../../val2017/000000156071.jpg,1789050501068,200,,418.03,yolo26m_fp16,true,14.99,72.67,0.01,11
../../val2017/000000173371.jpg,1789050501074,200,,186.31,yolo26n_int8,true,17.18,8.51,0.01,10
../../val2017/000000175251.jpg,1789050501090,200,,178.95,yolo26n_int8,true,12.60,11.61,0.01,1
../../val2017/000000157365.jpg,1789050501091,200,,420.24,yolo26m_fp16,true,16.20,69.96,0.01,9
../../val2017/000000174482.jpg,1789050501100,200,,193.74,yolo26n_int8,true,16.37,20.77,0.01,7
../../val2017/000000175535.jpg,1789050501112,200,,187.36,yolo26n_int8,true,16.43,14.01,0.01,4
../../val2017/000000159791.jpg,1789050501117,200,,418.88,yolo26m_fp16,true,17.43,72.47,0.01,6
../../val2017/000000176606.jpg,1789050501124,200,,187.95,yolo26n_int8,true,15.56,9.39,0.01,2
../../val2017/000000176901.jpg,1789050501136,200,,187.79,yolo26n_int8,true,14.13,19.09,0.01,3
../../val2017/000000177015.jpg,1789050501147,200,,187.96,yolo26n_int8,true,12.94,18.40,0.01,4
../../val2017/000000161799.jpg,1789050501148,200,,428.14,yolo26m_fp16,true,14.41,75.41,0.01,7
../../val2017/000000178469.jpg,1789050501159,200,,178.47,yolo26n_int8,true,9.52,11.84,0.01,2
../../val2017/000000177213.jpg,1789050501172,200,,205.45,yolo26n_int8,true,13.11,31.83,0.01,6
../../val2017/000000163290.jpg,1789050501173,200,,425.66,yolo26m_fp16,true,17.67,71.52,0.01,3
../../val2017/000000179214.jpg,1789050501184,200,,192.29,yolo26n_int8,true,14.29,12.02,0.01,1
../../val2017/000000180560.jpg,1789050501195,200,,191.57,yolo26n_int8,true,17.47,18.07,0.01,3
../../val2017/000000163682.jpg,1789050501204,200,,426.91,yolo26m_fp16,true,16.19,73.90,0.01,4
../../val2017/000000181796.jpg,1789050501205,200,,185.99,yolo26n_int8,true,10.96,15.69,0.01,4
../../val2017/000000181859.jpg,1789050501220,200,,191.52,yolo26n_int8,true,14.47,22.88,0.01,2
../../val2017/000000166426.jpg,1789050501227,200,,426.39,yolo26m_fp16,true,16.33,71.31,0.01,10
../../val2017/000000182441.jpg,1789050501232,200,,191.48,yolo26n_int8,true,14.04,17.74,0.01,1
../../val2017/000000184400.jpg,1789050501245,200,,194.45,yolo26n_int8,true,14.25,15.89,0.01,1
../../val2017/000000184611.jpg,1789050501258,200,,195.97,yolo26n_int8,true,14.97,16.91,0.01,16
../../val2017/000000169169.jpg,1789050501258,200,,431.87,yolo26m_fp16,true,14.06,73.69,0.01,15
../../val2017/000000185473.jpg,1789050501268,200,,193.29,yolo26n_int8,true,12.77,22.28,0.01,7
../../val2017/000000186449.jpg,1789050501278,200,,187.88,yolo26n_int8,true,16.37,16.59,0.01,6
../../val2017/000000171740.jpg,1789050501285,200,,429.19,yolo26m_fp16,true,21.30,71.37,0.01,2
../../val2017/000000187243.jpg,1789050501293,200,,192.71,yolo26n_int8,true,15.64,16.71,0.01,2
../../val2017/000000190637.jpg,1789050501301,200,,188.74,yolo26n_int8,true,14.93,20.88,0.01,2
../../val2017/000000191672.jpg,1789050501311,200,,187.19,yolo26n_int8,true,16.53,11.66,0.00,1
../../val2017/000000172935.jpg,1789050501312,200,,432.48,yolo26m_fp16,true,14.42,83.03,0.01,3
../../val2017/000000191761.jpg,1789050501321,200,,184.60,yolo26n_int8,true,17.14,8.67,0.01,2
../../val2017/000000173799.jpg,1789050501335,200,,432.21,yolo26m_fp16,true,13.68,71.50,0.01,22
../../val2017/000000192964.jpg,1789050501340,200,,180.01,yolo26n_int8,true,15.02,12.93,0.01,2
../../val2017/000000192191.jpg,1789050501352,200,,204.77,yolo26n_int8,true,19.04,25.16,0.01,4
../../val2017/000000193181.jpg,1789050501361,200,,187.80,yolo26n_int8,true,13.96,13.62,0.01,4
../../val2017/000000176037.jpg,1789050501362,200,,428.26,yolo26m_fp16,true,14.11,74.43,0.01,8
../../val2017/000000194471.jpg,1789050501373,200,,188.44,yolo26n_int8,true,15.92,24.12,0.01,2
../../val2017/000000194506.jpg,1789050501384,200,,188.92,yolo26n_int8,true,11.08,14.60,0.01,2
../../val2017/000000177065.jpg,1789050501389,200,,428.95,yolo26m_fp16,true,13.47,64.94,0.01,12
../../val2017/000000196442.jpg,1789050501400,200,,179.72,yolo26n_int8,true,15.16,10.60,0.01,6
../../val2017/000000195045.jpg,1789050501410,200,,204.83,yolo26n_int8,true,15.84,22.35,0.01,1
../../val2017/000000179141.jpg,1789050501417,200,,431.23,yolo26m_fp16,true,15.14,68.83,0.01,8
../../val2017/000000197022.jpg,1789050501421,200,,188.59,yolo26n_int8,true,14.36,10.11,0.01,2
../../val2017/000000197528.jpg,1789050501432,200,,187.02,yolo26n_int8,true,14.78,15.61,0.01,1
../../val2017/000000180798.jpg,1789050501444,200,,430.10,yolo26m_fp16,true,14.01,79.94,0.01,2
../../val2017/000000198928.jpg,1789050501445,200,,186.63,yolo26n_int8,true,10.63,19.57,0.01,2
../../val2017/000000199442.jpg,1789050501452,200,,183.63,yolo26n_int8,true,13.86,13.21,0.01,2
../../val2017/000000201426.jpg,1789050501464,200,,185.87,yolo26n_int8,true,14.27,11.64,0.01,7
../../val2017/000000183127.jpg,1789050501472,200,,425.85,yolo26m_fp16,true,13.03,81.40,0.01,2
../../val2017/000000202001.jpg,1789050501477,200,,184.01,yolo26n_int8,true,16.93,13.98,0.01,3
../../val2017/000000203389.jpg,1789050501490,200,,188.57,yolo26n_int8,true,13.95,15.33,0.01,9
../../val2017/000000184762.jpg,1789050501498,200,,429.55,yolo26m_fp16,true,18.63,75.73,0.01,1
../../val2017/000000203546.jpg,1789050501504,200,,192.31,yolo26n_int8,true,16.45,14.60,0.01,1
../../val2017/000000204186.jpg,1789050501517,200,,195.43,yolo26n_int8,true,16.46,12.43,0.01,5
../../val2017/000000186873.jpg,1789050501524,200,,433.42,yolo26m_fp16,true,20.99,61.64,0.01,10
../../val2017/000000207538.jpg,1789050501525,200,,182.20,yolo26n_int8,true,15.33,19.34,0.01,1
../../val2017/000000208423.jpg,1789050501538,200,,185.41,yolo26n_int8,true,15.62,20.54,0.01,9
../../val2017/000000209142.jpg,1789050501548,200,,185.20,yolo26n_int8,true,17.86,11.02,0.01,5
../../val2017/000000191614.jpg,1789050501548,200,,431.02,yolo26m_fp16,true,18.70,64.19,0.01,3
../../val2017/000000209753.jpg,1789050501562,200,,188.95,yolo26n_int8,true,15.28,16.22,0.01,1
../../val2017/000000210030.jpg,1789050501571,200,,186.03,yolo26n_int8,true,12.84,21.38,0.01,3
../../val2017/000000192904.jpg,1789050501576,200,,427.69,yolo26m_fp16,true,16.41,71.44,0.01,9
../../val2017/000000210520.jpg,1789050501587,200,,186.91,yolo26n_int8,true,17.88,10.48,0.01,9
../../val2017/000000211674.jpg,1789050501599,200,,181.70,yolo26n_int8,true,14.50,21.05,0.01,6
../../val2017/000000194216.jpg,1789050501605,200,,431.28,yolo26m_fp16,true,13.75,76.95,0.01,3
../../val2017/000000211069.jpg,1789050501610,200,,195.33,yolo26n_int8,true,14.50,16.17,0.01,2
../../val2017/000000213171.jpg,1789050501621,200,,188.86,yolo26n_int8,true,14.82,18.46,0.01,2
../../val2017/000000214720.jpg,1789050501634,200,,189.73,yolo26n_int8,true,14.55,19.38,0.01,7
../../val2017/000000194940.jpg,1789050501637,200,,432.12,yolo26m_fp16,true,20.00,75.74,0.01,7
../../val2017/000000215644.jpg,1789050501649,200,,196.68,yolo26n_int8,true,14.85,20.28,0.01,1
../../val2017/000000196843.jpg,1789050501660,200,,432.39,yolo26m_fp16,true,17.79,70.90,0.01,4
../../val2017/000000215723.jpg,1789050501661,200,,195.75,yolo26n_int8,true,15.02,18.76,0.01,5
../../val2017/000000219578.jpg,1789050501669,200,,179.29,yolo26n_int8,true,9.07,10.37,0.01,2
../../val2017/000000219485.jpg,1789050501685,200,,208.12,yolo26n_int8,true,13.69,32.08,0.01,1
../../val2017/000000198805.jpg,1789050501690,200,,432.08,yolo26m_fp16,true,14.75,73.71,0.01,4
../../val2017/000000221155.jpg,1789050501694,200,,189.42,yolo26n_int8,true,14.89,12.85,0.01,2
../../val2017/000000201775.jpg,1789050501704,200,,418.88,yolo26m_fp16,true,25.59,61.68,0.01,3
../../val2017/000000223182.jpg,1789050501715,200,,190.04,yolo26n_int8,true,11.74,11.61,0.01,8
../../val2017/000000203580.jpg,1789050501730,200,,417.81,yolo26m_fp16,true,18.21,59.45,0.01,4
../../val2017/000000222455.jpg,1789050501731,200,,214.14,yolo26n_int8,true,28.90,20.65,0.00,0
../../val2017/000000223188.jpg,1789050501743,200,,204.35,yolo26n_int8,true,18.14,20.90,0.01,2
../../val2017/000000223959.jpg,1789050501756,200,,208.08,yolo26n_int8,true,13.73,25.24,0.01,2
../../val2017/000000205776.jpg,1789050501760,200,,424.98,yolo26m_fp16,true,14.36,68.53,0.01,1
../../val2017/000000224051.jpg,1789050501767,200,,204.77,yolo26n_int8,true,11.61,28.73,0.01,3
../../val2017/000000208901.jpg,1789050501782,200,,421.47,yolo26m_fp16,true,14.01,70.91,0.01,1
../../val2017/000000224119.jpg,1789050501786,200,,214.83,yolo26n_int8,true,13.38,20.45,0.01,0
../../val2017/000000224807.jpg,1789050501791,200,,203.18,yolo26n_int8,true,16.29,16.00,0.01,14
../../val2017/000000225670.jpg,1789050501802,200,,202.64,yolo26n_int8,true,14.01,15.98,0.01,4
../../val2017/000000226408.jpg,1789050501813,200,,202.33,yolo26n_int8,true,11.18,21.94,0.01,1
../../val2017/000000210032.jpg,1789050501813,200,,423.80,yolo26m_fp16,true,13.88,78.16,0.01,12
../../val2017/000000226417.jpg,1789050501827,200,,205.44,yolo26n_int8,true,16.60,11.72,0.01,15
../../val2017/000000217400.jpg,1789050501838,200,,366.09,yolo26m_fp16,true,13.48,25.38,0.01,1
../../val2017/000000226592.jpg,1789050501839,200,,204.38,yolo26n_int8,true,14.53,16.75,0.01,2
../../val2017/000000227985.jpg,1789050501850,200,,201.11,yolo26n_int8,true,13.59,16.00,0.01,4
../../val2017/000000229216.jpg,1789050501862,200,,199.59,yolo26n_int8,true,16.98,19.44,0.01,3
../../val2017/000000215072.jpg,1789050501865,200,,419.36,yolo26m_fp16,true,15.01,72.09,0.01,10
../../val2017/000000229948.jpg,1789050501872,200,,201.98,yolo26n_int8,true,9.13,23.08,0.01,2
../../val2017/000000230362.jpg,1789050501885,200,,199.44,yolo26n_int8,true,14.05,17.84,0.01,3
../../val2017/000000212166.jpg,1789050501895,200,,472.14,yolo26m_fp16,true,14.56,131.29,0.01,2
../../val2017/000000231508.jpg,1789050501896,200,,201.99,yolo26n_int8,true,16.34,16.97,0.01,9
../../val2017/000000231822.jpg,1789050501908,200,,192.55,yolo26n_int8,true,14.25,16.25,0.01,5
../../val2017/000000220310.jpg,1789050501918,200,,419.35,yolo26m_fp16,true,16.16,80.30,0.01,3
../../val2017/000000232244.jpg,1789050501918,200,,186.62,yolo26n_int8,true,14.57,19.60,0.01,2
../../val2017/000000235064.jpg,1789050501925,200,,181.87,yolo26n_int8,true,11.14,9.28,0.01,1
../../val2017/000000235778.jpg,1789050501938,200,,180.94,yolo26n_int8,true,14.52,17.08,0.01,2
../../val2017/000000224222.jpg,1789050501944,200,,367.55,yolo26m_fp16,true,13.77,22.97,0.01,4
../../val2017/000000236690.jpg,1789050501953,200,,185.51,yolo26n_int8,true,16.50,8.56,0.01,1
../../val2017/000000238039.jpg,1789050501966,200,,178.19,yolo26n_int8,true,15.78,13.12,0.01,1
../../val2017/000000226171.jpg,1789050501971,200,,365.92,yolo26m_fp16,true,13.29,25.16,0.01,5
../../val2017/000000238410.jpg,1789050501978,200,,186.83,yolo26n_int8,true,15.11,19.69,0.01,7
../../val2017/000000239041.jpg,1789050501987,200,,184.95,yolo26n_int8,true,13.66,18.83,0.01,5
../../val2017/000000239857.jpg,1789050501997,200,,184.02,yolo26n_int8,true,12.01,21.04,0.01,9
../../val2017/000000223090.jpg,1789050501998,200,,473.39,yolo26m_fp16,true,16.06,129.93,0.01,5
../../val2017/000000240250.jpg,1789050502010,200,,182.88,yolo26n_int8,true,15.42,13.76,0.01,11
../../val2017/000000243344.jpg,1789050502022,200,,182.70,yolo26n_int8,true,15.82,14.13,0.01,2
../../val2017/000000223789.jpg,1789050502022,200,,474.21,yolo26m_fp16,true,18.02,130.33,0.01,2
../../val2017/000000243989.jpg,1789050502032,200,,181.38,yolo26n_int8,true,14.33,19.18,0.01,6
../../val2017/000000227686.jpg,1789050502042,200,,404.44,yolo26m_fp16,true,14.24,60.47,0.01,2
../../val2017/000000229747.jpg,1789050502055,200,,392.99,yolo26m_fp16,true,13.94,56.70,0.01,1
../../val2017/000000231169.jpg,1789050502074,200,,383.30,yolo26m_fp16,true,12.88,41.85,0.01,1
../../val2017/000000231580.jpg,1789050502083,200,,378.33,yolo26m_fp16,true,15.24,28.82,0.01,11
../../val2017/000000232088.jpg,1789050502098,200,,367.99,yolo26m_fp16,true,19.64,17.06,0.01,4
../../val2017/000000236426.jpg,1789050502111,200,,350.51,yolo26m_fp16,true,16.79,24.39,0.01,17
../../val2017/000000237864.jpg,1789050502125,200,,341.63,yolo26m_fp16,true,13.79,24.26,0.01,2
../../val2017/000000239537.jpg,1789050502139,200,,325.95,yolo26m_fp16,true,14.25,27.72,0.01,3
../../val2017/000000241297.jpg,1789050502154,200,,315.39,yolo26m_fp16,true,15.75,21.43,0.01,1
