path,timestamp_ms,status_code,error,wall_ms,engine,auto_routed,preprocess_ms,inference_ms,postprocess_ms,num_detections
../../val2017/000000001818.jpg,1789050411603,200,,38.69,yolo26n_int8,true,9.12,9.01,0.01,3
../../val2017/000000002157.jpg,1789050411618,200,,53.15,yolo26n_int8,true,14.40,16.90,0.02,7
../../val2017/000000002587.jpg,1789050411623,200,,59.10,yolo26m_fp16,true,17.10,24.52,0.01,2
../../val2017/000000002299.jpg,1789050411641,200,,76.73,yolo26m_fp16,true,18.36,40.04,0.06,26
../../val2017/000000004795.jpg,1789050411663,200,,45.03,yolo26n_int8,true,16.21,10.39,0.01,2
../../val2017/000000003501.jpg,1789050411664,200,,59.90,yolo26m_fp16,true,17.42,21.76,0.01,4
../../val2017/000000005477.jpg,1789050411680,200,,38.45,yolo26n_int8,true,9.46,13.58,0.01,1
../../val2017/000000005193.jpg,1789050411687,200,,63.89,yolo26m_fp16,true,15.65,30.99,0.01,11
../../val2017/000000006471.jpg,1789050411700,200,,36.16,yolo26n_int8,true,15.25,6.53,0.01,9
../../val2017/000000005992.jpg,1789050411718,200,,54.37,yolo26m_fp16,true,17.15,16.17,0.01,5
../../val2017/000000007991.jpg,1789050411725,200,,37.97,yolo26n_int8,true,9.88,11.82,0.01,1
../../val2017/000000006771.jpg,1789050411739,200,,58.92,yolo26m_fp16,true,14.70,26.26,0.01,11
../../val2017/000000008629.jpg,1789050411753,200,,52.65,yolo26m_fp16,true,13.65,17.94,0.01,8
../../val2017/000000008690.jpg,1789050411772,200,,53.55,yolo26n_int8,true,20.09,12.86,0.01,4
../../val2017/000000008844.jpg,1789050411778,200,,52.49,yolo26m_fp16,true,14.36,25.00,0.01,4
../../val2017/000000009891.jpg,1789050411779,200,,38.98,yolo26n_int8,true,10.96,14.22,0.01,4
../../val2017/000000009914.jpg,1789050411802,200,,48.14,yolo26m_fp16,true,15.90,15.74,0.01,5
../../val2017/000000010092.jpg,1789050411808,200,,36.59,yolo26n_int8,true,15.56,6.48,0.01,5
../../val2017/000000010764.jpg,1789050411816,200,,37.57,yolo26n_int8,true,9.27,12.66,0.01,2
../../val2017/000000010583.jpg,1789050411834,200,,55.40,yolo26m_fp16,true,15.53,17.31,0.01,4
../../val2017/000000010995.jpg,1789050411848,200,,39.38,yolo26n_int8,true,13.55,12.19,0.01,1
../../val2017/000000010977.jpg,1789050411855,200,,53.13,yolo26m_fp16,true,17.50,22.11,0.01,4
../../val2017/000000011615.jpg,1789050411869,200,,35.00,yolo26n_int8,true,10.61,12.13,0.01,0
../../val2017/000000011511.jpg,1789050411876,200,,59.30,yolo26m_fp16,true,15.04,27.01,0.01,10
../../val2017/000000013004.jpg,1789050411898,200,,42.65,yolo26n_int8,true,16.48,12.60,0.01,1
../../val2017/000000012280.jpg,1789050411905,200,,56.76,yolo26m_fp16,true,14.59,21.82,0.01,5
../../val2017/000000013291.jpg,1789050411918,200,,39.88,yolo26n_int8,true,14.71,11.98,0.01,7
../../val2017/000000013201.jpg,1789050411928,200,,58.22,yolo26m_fp16,true,15.96,24.60,0.01,2
../../val2017/000000013597.jpg,1789050411946,200,,40.45,yolo26n_int8,true,14.81,11.69,0.01,1
../../val2017/000000013546.jpg,1789050411951,200,,52.26,yolo26m_fp16,true,13.77,21.63,0.01,10
../../val2017/000000014888.jpg,1789050411972,200,,43.62,yolo26n_int8,true,15.33,10.26,0.01,0
../../val2017/000000014226.jpg,1789050411972,200,,53.06,yolo26m_fp16,true,15.28,20.43,0.01,5
../../val2017/000000015597.jpg,1789050411994,200,,43.01,yolo26n_int8,true,15.59,11.13,0.01,2
../../val2017/000000015079.jpg,1789050411996,200,,49.82,yolo26m_fp16,true,13.87,22.44,0.01,3
../../val2017/000000015956.jpg,1789050412016,200,,44.27,yolo26n_int8,true,13.84,12.01,0.01,4
../../val2017/000000015746.jpg,1789050412027,200,,55.02,yolo26m_fp16,true,14.59,21.53,0.01,1
../../val2017/000000017182.jpg,1789050412037,200,,40.63,yolo26n_int8,true,15.18,12.29,0.01,2
../../val2017/000000016958.jpg,1789050412048,200,,53.71,yolo26m_fp16,true,15.34,20.48,0.01,8
../../val2017/000000017714.jpg,1789050412070,200,,53.35,yolo26m_fp16,true,12.91,20.81,0.01,8
../../val2017/000000017905.jpg,1789050412071,200,,43.46,yolo26n_int8,true,14.44,10.98,0.01,2
../../val2017/000000017959.jpg,1789050412085,200,,47.33,yolo26m_fp16,true,15.54,16.44,0.01,12
../../val2017/000000019432.jpg,1789050412089,200,,40.59,yolo26n_int8,true,15.36,6.11,0.01,10
../../val2017/000000020333.jpg,1789050412106,200,,35.38,yolo26n_int8,true,12.71,9.10,0.01,2
../../val2017/000000020059.jpg,1789050412121,200,,50.17,yolo26m_fp16,true,14.08,16.88,0.01,2
../../val2017/000000022192.jpg,1789050412127,200,,37.78,yolo26n_int8,true,14.61,7.43,0.01,3
../../val2017/000000020571.jpg,1789050412140,200,,55.07,yolo26m_fp16,true,15.35,15.77,0.01,11
../../val2017/000000022705.jpg,1789050412156,200,,48.79,yolo26m_fp16,true,14.84,19.46,0.01,8
../../val2017/000000023230.jpg,1789050412177,200,,55.57,yolo26n_int8,true,14.95,11.78,0.01,2
../../val2017/000000025096.jpg,1789050412185,200,,43.99,yolo26n_int8,true,11.64,17.46,0.01,2
../../val2017/000000023781.jpg,1789050412188,200,,60.08,yolo26m_fp16,true,15.26,28.53,0.01,8
../../val2017/000000025139.jpg,1789050412202,200,,46.55,yolo26m_fp16,true,12.46,20.38,0.01,2
../../val2017/000000025181.jpg,1789050412211,200,,33.44,yolo26n_int8,true,14.11,6.03,0.01,4
../../val2017/000000027696.jpg,1789050412217,200,,27.86,yolo26n_int8,true,8.61,5.64,0.01,4
../../val2017/000000025593.jpg,1789050412237,200,,52.09,yolo26m_fp16,true,12.28,14.37,0.01,1
../../val2017/000000029640.jpg,1789050412253,200,,42.38,yolo26n_int8,true,13.12,12.62,0.01,10
../../val2017/000000027982.jpg,1789050412256,200,,52.82,yolo26m_fp16,true,13.55,28.45,0.01,2
../../val2017/000000030828.jpg,1789050412271,200,,52.95,yolo26m_fp16,true,13.69,23.51,0.01,5
../../val2017/000000031050.jpg,1789050412277,200,,39.98,yolo26n_int8,true,15.48,6.14,0.01,3
../../val2017/000000031620.jpg,1789050412295,200,,38.74,yolo26n_int8,true,11.89,10.69,0.01,4
../../val2017/000000031322.jpg,1789050412307,200,,53.07,yolo26m_fp16,true,12.11,18.02,0.01,24
../../val2017/000000032081.jpg,1789050412317,200,,39.44,yolo26n_int8,true,15.41,10.73,0.01,2
../../val2017/000000031817.jpg,1789050412325,200,,53.64,yolo26m_fp16,true,15.89,20.72,0.01,7
../../val2017/000000032285.jpg,1789050412344,200,,49.29,yolo26m_fp16,true,15.40,20.77,0.01,1
../../val2017/000000032811.jpg,1789050412345,200,,37.64,yolo26n_int8,true,15.91,9.51,0.01,1
../../val2017/000000032861.jpg,1789050412360,200,,34.70,yolo26n_int8,true,8.03,12.11,0.01,2
../../val2017/000000032817.jpg,1789050412367,200,,49.53,yolo26m_fp16,true,13.60,20.14,0.01,6
../../val2017/000000033104.jpg,1789050412386,200,,40.60,yolo26n_int8,true,13.71,10.79,0.01,4
../../val2017/000000034071.jpg,1789050412396,200,,28.88,yolo26n_int8,true,9.24,11.44,0.01,0
../../val2017/000000033005.jpg,1789050412400,200,,55.55,yolo26m_fp16,true,13.24,24.74,0.01,2
../../val2017/000000033854.jpg,1789050412413,200,,52.80,yolo26m_fp16,true,12.59,24.63,0.01,17
../../val2017/000000035279.jpg,1789050412435,200,,49.29,yolo26m_fp16,true,12.74,17.38,0.01,13
../../val2017/000000035682.jpg,1789050412440,200,,43.96,yolo26n_int8,true,14.98,10.24,0.01,9
../../val2017/000000037740.jpg,1789050412452,200,,38.69,yolo26n_int8,true,13.27,10.95,0.01,7
../../val2017/000000035770.jpg,1789050412455,200,,54.69,yolo26m_fp16,true,15.99,25.87,0.01,5
../../val2017/000000038678.jpg,1789050412481,200,,45.30,yolo26m_fp16,true,12.16,16.66,0.01,9
../../val2017/000000039477.jpg,1789050412485,200,,44.06,yolo26n_int8,true,17.64,10.71,0.01,6
../../val2017/000000039551.jpg,1789050412501,200,,48.98,yolo26m_fp16,true,12.33,23.09,0.01,3
../../val2017/000000041888.jpg,1789050412502,200,,46.75,yolo26n_int8,true,14.62,9.89,0.01,3
../../val2017/000000042296.jpg,1789050412530,200,,48.39,yolo26m_fp16,true,12.06,19.53,0.01,5
../../val2017/000000042563.jpg,1789050412530,200,,45.16,yolo26n_int8,true,14.08,12.42,0.01,1
../../val2017/000000044652.jpg,1789050412539,200,,36.82,yolo26n_int8,true,9.05,17.92,0.01,1
../../val2017/000000042888.jpg,1789050412549,200,,47.24,yolo26m_fp16,true,13.35,18.91,0.01,0
../../val2017/000000045472.jpg,1789050412575,200,,44.98,yolo26n_int8,true,12.85,10.78,0.01,10
../../val2017/000000045070.jpg,1789050412589,200,,59.12,yolo26m_fp16,true,12.51,22.49,0.01,3
../../val2017/000000047585.jpg,1789050412592,200,,43.09,yolo26n_int8,true,9.95,12.77,0.01,7
../../val2017/000000046497.jpg,1789050412602,200,,61.96,yolo26m_fp16,true,12.12,37.04,0.01,6
../../val2017/000000049269.jpg,1789050412617,200,,41.65,yolo26m_fp16,true,14.31,14.77,0.01,2
../../val2017/000000050638.jpg,1789050412637,200,,47.32,yolo26n_int8,true,13.21,10.85,0.01,1
../../val2017/000000050844.jpg,1789050412651,200,,46.34,yolo26n_int8,true,16.45,11.71,0.01,4
../../val2017/000000050828.jpg,1789050412652,200,,59.84,yolo26m_fp16,true,17.66,26.73,0.01,3
../../val2017/000000051961.jpg,1789050412667,200,,49.16,yolo26m_fp16,true,13.78,19.50,0.01,1
../../val2017/000000052462.jpg,1789050412673,200,,36.00,yolo26n_int8,true,13.43,5.64,0.01,2
../../val2017/000000054605.jpg,1789050412698,200,,45.67,yolo26n_int8,true,15.62,11.75,0.01,9
../../val2017/000000053909.jpg,1789050412701,200,,49.92,yolo26m_fp16,true,12.27,19.77,0.01,3
../../val2017/000000055950.jpg,1789050412714,200,,40.99,yolo26n_int8,true,11.60,11.97,0.01,3
../../val2017/000000054967.jpg,1789050412721,200,,53.76,yolo26m_fp16,true,14.12,25.86,0.01,19
../../val2017/000000057150.jpg,1789050412740,200,,41.98,yolo26m_fp16,true,13.14,19.27,0.01,21
../../val2017/000000057672.jpg,1789050412741,200,,39.77,yolo26n_int8,true,15.31,8.77,0.01,9
../../val2017/000000057760.jpg,1789050412757,200,,43.05,yolo26m_fp16,true,13.33,18.38,0.01,19
../../val2017/000000058384.jpg,1789050412762,200,,41.20,yolo26n_int8,true,14.29,6.76,0.01,2
../../val2017/000000060823.jpg,1789050412789,200,,46.45,yolo26n_int8,true,13.56,12.02,0.01,10
../../val2017/000000058655.jpg,1789050412795,200,,54.23,yolo26m_fp16,true,12.66,22.20,0.01,6
../../val2017/000000061108.jpg,1789050412800,200,,37.79,yolo26n_int8,true,12.77,10.43,0.01,2
../../val2017/000000060835.jpg,1789050412812,200,,54.60,yolo26m_fp16,true,13.20,21.20,0.01,3
../../val2017/000000061418.jpg,1789050412833,200,,37.62,yolo26n_int8,true,13.11,10.72,0.01,9
../../val2017/000000062025.jpg,1789050412842,200,,29.36,yolo26n_int8,true,9.17,9.26,0.01,3
../../val2017/000000061333.jpg,1789050412842,200,,53.45,yolo26m_fp16,true,17.25,24.97,0.01,3
../../val2017/000000061747.jpg,1789050412860,200,,59.03,yolo26m_fp16,true,14.65,23.18,0.01,2
../../val2017/000000063552.jpg,1789050412883,200,,40.71,yolo26n_int8,true,13.27,12.48,0.01,1
../../val2017/000000063047.jpg,1789050412889,200,,55.13,yolo26m_fp16,true,13.41,19.66,0.01,7
../../val2017/000000064499.jpg,1789050412903,200,,43.21,yolo26n_int8,true,13.33,12.07,0.01,1
../../val2017/000000064462.jpg,1789050412908,200,,65.78,yolo26m_fp16,true,21.57,29.23,0.01,2
../../val2017/000000064718.jpg,1789050412930,200,,40.56,yolo26n_int8,true,13.55,10.78,0.01,3
../../val2017/000000064523.jpg,1789050412930,200,,46.96,yolo26m_fp16,true,12.35,19.60,0.01,20
../../val2017/000000065455.jpg,1789050412938,200,,29.60,yolo26n_int8,true,9.44,5.79,0.01,7
../../val2017/000000065350.jpg,1789050412957,200,,53.14,yolo26m_fp16,true,13.96,13.99,0.01,8
../../val2017/000000066523.jpg,1789050412974,200,,43.62,yolo26m_fp16,true,13.20,16.78,0.01,1
../../val2017/000000066038.jpg,1789050412979,200,,48.51,yolo26n_int8,true,14.75,10.65,0.01,12
../../val2017/000000066841.jpg,1789050412995,200,,37.64,yolo26n_int8,true,14.47,11.00,0.01,0
../../val2017/000000066706.jpg,1789050412995,200,,56.66,yolo26m_fp16,true,16.88,21.85,0.01,6
../../val2017/000000067616.jpg,1789050413018,200,,37.95,yolo26n_int8,true,8.95,12.43,0.01,9
../../val2017/000000067310.jpg,1789050413024,200,,49.18,yolo26m_fp16,true,13.62,20.17,0.01,5
../../val2017/000000068286.jpg,1789050413028,200,,32.12,yolo26n_int8,true,12.28,5.62,0.01,1
../../val2017/000000068093.jpg,1789050413044,200,,49.01,yolo26m_fp16,true,13.30,14.36,0.01,6
../../val2017/000000069138.jpg,1789050413048,200,,24.64,yolo26n_int8,true,8.12,5.69,0.01,2
../../val2017/000000068833.jpg,1789050413068,200,,50.22,yolo26m_fp16,true,13.04,14.45,0.01,7
../../val2017/000000070774.jpg,1789050413086,200,,41.16,yolo26n_int8,true,13.51,12.71,0.01,1
../../val2017/000000070048.jpg,1789050413089,200,,61.13,yolo26m_fp16,true,12.44,30.20,0.01,5
../../val2017/000000073153.jpg,1789050413108,200,,38.77,yolo26n_int8,true,13.94,12.75,0.01,1
../../val2017/000000071451.jpg,1789050413108,200,,59.75,yolo26m_fp16,true,13.81,31.49,0.01,2
../../val2017/000000074646.jpg,1789050413130,200,,43.87,yolo26m_fp16,true,11.99,16.92,0.01,9
../../val2017/000000076416.jpg,1789050413132,200,,42.06,yolo26n_int8,true,16.37,7.29,0.01,2
../../val2017/000000076625.jpg,1789050413151,200,,42.23,yolo26n_int8,true,13.66,10.81,0.01,7
../../val2017/000000076547.jpg,1789050413162,200,,54.01,yolo26m_fp16,true,12.87,21.46,0.01,6
../../val2017/000000077460.jpg,1789050413168,200,,36.33,yolo26n_int8,true,13.36,10.06,0.01,8
../../val2017/000000076731.jpg,1789050413178,200,,48.50,yolo26m_fp16,true,15.14,21.21,0.01,0
../../val2017/000000078426.jpg,1789050413199,200,,36.49,yolo26n_int8,true,16.14,9.75,0.01,1
../../val2017/000000078420.jpg,1789050413199,200,,47.59,yolo26m_fp16,true,14.03,19.48,0.01,3
../../val2017/000000078959.jpg,1789050413217,200,,38.26,yolo26n_int8,true,13.18,10.61,0.01,0
../../val2017/000000078823.jpg,1789050413220,200,,51.82,yolo26m_fp16,true,13.47,19.60,0.02,6
../../val2017/000000079565.jpg,1789050413230,200,,30.27,yolo26n_int8,true,13.21,5.77,0.01,2
../../val2017/000000079031.jpg,1789050413246,200,,46.23,yolo26m_fp16,true,12.34,14.35,0.01,2
../../val2017/000000079837.jpg,1789050413254,200,,33.34,yolo26n_int8,true,13.44,5.71,0.01,4
../../val2017/000000079588.jpg,1789050413274,200,,56.82,yolo26m_fp16,true,17.94,14.82,0.01,5
../../val2017/000000080932.jpg,1789050413290,200,,43.99,yolo26n_int8,true,14.57,11.84,0.01,7
../../val2017/000000080274.jpg,1789050413294,200,,63.86,yolo26m_fp16,true,13.35,26.53,0.01,2
../../val2017/000000080949.jpg,1789050413312,200,,58.05,yolo26m_fp16,true,14.02,30.11,0.01,5
../../val2017/000000081738.jpg,1789050413313,200,,38.26,yolo26n_int8,true,13.30,10.11,0.00,1
../../val2017/000000082812.jpg,1789050413332,200,,37.96,yolo26n_int8,true,12.72,11.14,0.01,10
../../val2017/000000082807.jpg,1789050413339,200,,48.89,yolo26m_fp16,true,12.07,20.21,0.01,5
../../val2017/000000084664.jpg,1789050413358,200,,45.20,yolo26n_int8,true,14.30,12.84,0.01,4
../../val2017/000000083540.jpg,1789050413366,200,,53.65,yolo26m_fp16,true,13.09,20.24,0.01,2
../../val2017/000000085329.jpg,1789050413379,200,,39.99,yolo26n_int8,true,14.35,12.78,0.01,2
../../val2017/000000085089.jpg,1789050413386,200,,53.43,yolo26m_fp16,true,13.97,25.50,0.01,8
../../val2017/000000087244.jpg,1789050413403,200,,36.77,yolo26n_int8,true,13.95,10.67,0.01,2
../../val2017/000000085823.jpg,1789050413415,200,,56.09,yolo26m_fp16,true,14.04,19.78,0.01,3
../../val2017/000000087742.jpg,1789050413427,200,,40.74,yolo26n_int8,true,15.69,11.97,0.01,1
../../val2017/000000087476.jpg,1789050413435,200,,55.14,yolo26m_fp16,true,13.45,23.33,0.01,14
../../val2017/000000088250.jpg,1789050413456,200,,40.94,yolo26n_int8,true,14.09,10.61,0.01,2
../../val2017/000000087875.jpg,1789050413457,200,,53.01,yolo26m_fp16,true,13.38,19.68,0.01,1
../../val2017/000000088432.jpg,1789050413479,200,,43.12,yolo26n_int8,true,13.43,11.35,0.01,3
../../val2017/000000088265.jpg,1789050413482,200,,54.39,yolo26m_fp16,true,12.15,19.76,0.01,1
../../val2017/000000089880.jpg,1789050413491,200,,34.63,yolo26n_int8,true,13.15,10.94,0.01,3
../../val2017/000000089045.jpg,1789050413501,200,,44.61,yolo26m_fp16,true,13.13,16.92,0.01,6
../../val2017/000000090631.jpg,1789050413519,200,,36.64,yolo26n_int8,true,13.38,8.27,0.01,1
../../val2017/000000090155.jpg,1789050413528,200,,48.94,yolo26m_fp16,true,12.30,15.67,0.01,1
../../val2017/000000091495.jpg,1789050413541,200,,39.71,yolo26n_int8,true,13.65,12.09,0.01,3
../../val2017/000000090956.jpg,1789050413548,200,,56.22,yolo26m_fp16,true,13.02,29.78,0.01,2
../../val2017/000000092177.jpg,1789050413562,200,,43.38,yolo26m_fp16,true,14.02,14.93,0.01,2
../../val2017/000000092660.jpg,1789050413567,200,,39.35,yolo26n_int8,true,15.32,5.55,0.01,1
../../val2017/000000093261.jpg,1789050413587,200,,46.07,yolo26m_fp16,true,14.97,17.56,0.01,4
../../val2017/000000094185.jpg,1789050413591,200,,42.90,yolo26n_int8,true,14.67,7.01,0.01,3
../../val2017/000000094614.jpg,1789050413598,200,,28.78,yolo26n_int8,true,8.34,10.75,0.01,1
../../val2017/000000094336.jpg,1789050413608,200,,45.80,yolo26m_fp16,true,15.14,19.48,0.01,4
../../val2017/000000095899.jpg,1789050413627,200,,35.90,yolo26n_int8,true,12.45,5.87,0.01,1
../../val2017/000000096549.jpg,1789050413638,200,,29.27,yolo26n_int8,true,8.41,12.35,0.01,1
../../val2017/000000096001.jpg,1789050413645,200,,47.22,yolo26m_fp16,true,12.29,19.85,0.01,6
../../val2017/000000094852.jpg,1789050413662,200,,74.18,yolo26m_fp16,true,13.01,33.92,0.01,2
../../val2017/000000097230.jpg,1789050413680,200,,41.55,yolo26n_int8,true,13.15,10.78,0.01,2
../../val2017/000000096825.jpg,1789050413689,200,,61.05,yolo26m_fp16,true,18.46,17.33,0.01,3
../../val2017/000000097278.jpg,1789050413708,200,,62.17,yolo26m_fp16,true,12.98,34.69,0.01,2
../../val2017/000000097585.jpg,1789050413709,200,,46.54,yolo26n_int8,true,14.34,10.50,0.01,3
../../val2017/000000097994.jpg,1789050413726,200,,45.68,yolo26m_fp16,true,12.59,16.99,0.01,10
../../val2017/000000098287.jpg,1789050413727,200,,36.79,yolo26n_int8,true,14.39,7.70,0.01,8
../../val2017/000000098520.jpg,1789050413736,200,,26.86,yolo26n_int8,true,8.40,5.71,0.01,2
../../val2017/000000098497.jpg,1789050413757,200,,49.20,yolo26m_fp16,true,19.18,14.53,0.01,0
../../val2017/000000099428.jpg,1789050413769,200,,42.06,yolo26n_int8,true,13.91,10.99,0.01,1
../../val2017/000000099182.jpg,1789050413777,200,,50.71,yolo26m_fp16,true,15.88,22.75,0.01,3
../../val2017/000000101068.jpg,1789050413794,200,,36.70,yolo26n_int8,true,9.41,11.59,0.01,2
../../val2017/000000100510.jpg,1789050413797,200,,61.33,yolo26m_fp16,true,14.78,33.14,0.01,4
../../val2017/000000103585.jpg,1789050413817,200,,39.87,yolo26n_int8,true,13.21,11.80,0.01,5
../../val2017/000000102331.jpg,1789050413817,200,,47.57,yolo26m_fp16,true,14.23,19.79,0.01,2
../../val2017/000000105455.jpg,1789050413837,200,,39.43,yolo26n_int8,true,11.60,11.82,0.01,3
../../val2017/000000104424.jpg,1789050413846,200,,51.40,yolo26m_fp16,true,12.41,20.13,0.01,2
../../val2017/000000108440.jpg,1789050413864,200,,47.01,yolo26m_fp16,true,13.44,20.21,0.00,1
../../val2017/000000108253.jpg,1789050413864,200,,47.28,yolo26n_int8,true,14.17,12.32,0.01,6
../../val2017/000000109798.jpg,1789050413885,200,,38.14,yolo26n_int8,true,14.77,10.66,0.01,3
../../val2017/000000108864.jpg,1789050413890,200,,52.53,yolo26m_fp16,true,13.28,20.17,0.01,2
../../val2017/000000109916.jpg,1789050413901,200,,36.01,yolo26n_int8,true,12.44,5.66,0.01,3
../../val2017/000000110211.jpg,1789050413915,200,,50.70,yolo26m_fp16,true,15.63,14.40,0.01,6
../../val2017/000000111951.jpg,1789050413928,200,,37.99,yolo26n_int8,true,13.89,8.32,0.01,3
../../val2017/000000110784.jpg,1789050413939,200,,53.91,yolo26m_fp16,true,16.35,15.32,0.01,2
../../val2017/000000113235.jpg,1789050413957,200,,41.71,yolo26n_int8,true,13.45,11.40,0.01,4
../../val2017/000000112997.jpg,1789050413959,200,,57.76,yolo26m_fp16,true,12.86,29.56,0.00,2
../../val2017/000000113867.jpg,1789050413976,200,,35.83,yolo26n_int8,true,7.99,6.58,0.01,0
../../val2017/000000113589.jpg,1789050413977,200,,48.46,yolo26m_fp16,true,13.93,19.93,0.01,7
../../val2017/000000116206.jpg,1789050414004,200,,44.88,yolo26n_int8,true,12.81,12.88,0.01,3
../../val2017/000000118209.jpg,1789050414014,200,,37.19,yolo26n_int8,true,8.76,10.69,0.01,2
../../val2017/000000114770.jpg,1789050414017,200,,59.12,yolo26m_fp16,true,16.26,25.39,0.01,3
../../val2017/000000117914.jpg,1789050414031,200,,54.91,yolo26m_fp16,true,18.87,22.59,0.01,2
../../val2017/000000118405.jpg,1789050414051,200,,46.69,yolo26m_fp16,true,12.91,14.94,0.01,1
../../val2017/000000118594.jpg,1789050414060,200,,45.51,yolo26n_int8,true,15.65,10.99,0.01,2
../../val2017/000000119516.jpg,1789050414073,200,,42.17,yolo26n_int8,true,13.77,12.73,0.01,3
../../val2017/000000119233.jpg,1789050414075,200,,58.08,yolo26m_fp16,true,14.15,30.83,0.01,5
../../val2017/000000119641.jpg,1789050414097,200,,46.34,yolo26m_fp16,true,13.06,17.34,0.01,20
../../val2017/000000119677.jpg,1789050414100,200,,39.65,yolo26n_int8,true,16.26,7.42,0.01,3
../../val2017/000000120584.jpg,1789050414112,200,,36.93,yolo26n_int8,true,12.83,10.82,0.01,1
../../val2017/000000119911.jpg,1789050414122,200,,47.83,yolo26m_fp16,true,12.69,17.43,0.01,7
../../val2017/000000123480.jpg,1789050414138,200,,37.62,yolo26n_int8,true,13.87,12.09,0.01,1
../../val2017/000000123213.jpg,1789050414145,200,,47.63,yolo26m_fp16,true,13.02,20.67,0.01,14
../../val2017/000000124636.jpg,1789050414169,200,,47.46,yolo26n_int8,true,13.42,10.70,0.01,2
../../val2017/000000123585.jpg,1789050414175,200,,61.79,yolo26m_fp16,true,16.21,21.85,0.01,6
../../val2017/000000125062.jpg,1789050414186,200,,40.47,yolo26n_int8,true,13.92,10.96,0.01,7
../../val2017/000000124798.jpg,1789050414196,200,,57.08,yolo26m_fp16,true,12.92,20.17,0.01,17
../../val2017/000000125936.jpg,1789050414213,200,,37.70,yolo26n_int8,true,14.46,10.75,0.01,9
../../val2017/000000125257.jpg,1789050414225,200,,55.08,yolo26m_fp16,true,13.84,18.89,0.01,2
../../val2017/000000126107.jpg,1789050414239,200,,52.81,yolo26m_fp16,true,13.94,24.65,0.01,8
../../val2017/000000127135.jpg,1789050414246,200,,49.89,yolo26n_int8,true,14.91,11.92,0.01,1
../../val2017/000000128051.jpg,1789050414258,200,,45.25,yolo26m_fp16,true,13.30,17.94,0.01,5
../../val2017/000000128699.jpg,1789050414260,200,,35.05,yolo26n_int8,true,14.71,7.27,0.01,5
../../val2017/000000130386.jpg,1789050414285,200,,38.50,yolo26n_int8,true,14.09,12.30,0.01,5
../../val2017/000000129135.jpg,1789050414295,200,,55.46,yolo26m_fp16,true,13.23,22.67,0.01,2
../../val2017/000000130826.jpg,1789050414299,200,,38.45,yolo26n_int8,true,13.12,9.31,0.01,6
../../val2017/000000130579.jpg,1789050414310,200,,51.65,yolo26m_fp16,true,14.51,25.63,0.01,2
../../val2017/000000131379.jpg,1789050414330,200,,45.12,yolo26m_fp16,true,13.52,14.98,0.01,2
../../val2017/000000131938.jpg,1789050414335,200,,39.68,yolo26n_int8,true,14.72,6.51,0.01,2
../../val2017/000000132931.jpg,1789050414352,200,,41.58,yolo26n_int8,true,13.17,11.43,0.01,3
../../val2017/000000132622.jpg,1789050414354,200,,54.80,yolo26m_fp16,true,17.58,19.92,0.01,1
../../val2017/000000133233.jpg,1789050414371,200,,35.38,yolo26n_int8,true,12.22,10.62,0.01,0
../../val2017/000000133000.jpg,1789050414380,200,,49.85,yolo26m_fp16,true,12.96,19.18,0.01,5
../../val2017/000000133645.jpg,1789050414399,200,,44.66,yolo26n_int8,true,14.28,9.43,0.00,2
../../val2017/000000133343.jpg,1789050414399,200,,46.95,yolo26m_fp16,true,13.98,23.44,0.01,2
../../val2017/000000134096.jpg,1789050414420,200,,39.89,yolo26n_int8,true,12.84,11.65,0.01,1
../../val2017/000000133969.jpg,1789050414424,200,,53.18,yolo26m_fp16,true,13.89,19.75,0.01,19
../../val2017/000000134112.jpg,1789050414438,200,,38.57,yolo26n_int8,true,12.66,12.49,0.01,2
../../val2017/000000134856.jpg,1789050414445,200,,46.19,yolo26m_fp16,true,12.49,20.51,0.01,6
../../val2017/000000135561.jpg,1789050414458,200,,33.24,yolo26n_int8,true,9.28,10.95,0.01,2
../../val2017/000000134886.jpg,1789050414469,200,,48.04,yolo26m_fp16,true,14.63,18.45,0.01,5
../../val2017/000000137106.jpg,1789050414489,200,,50.87,yolo26m_fp16,true,13.36,24.90,0.01,2
../../val2017/000000137294.jpg,1789050414490,200,,44.10,yolo26n_int8,true,13.24,10.37,0.01,1
../../val2017/000000138492.jpg,1789050414505,200,,47.32,yolo26m_fp16,true,13.09,17.47,0.01,2
../../val2017/000000138856.jpg,1789050414506,200,,37.55,yolo26n_int8,true,9.58,7.01,0.01,2
../../val2017/000000140076.jpg,1789050414529,200,,38.91,yolo26n_int8,true,13.77,12.17,0.01,8
../../val2017/000000140270.jpg,1789050414539,200,,32.22,yolo26n_int8,true,10.27,11.38,0.01,2
../../val2017/000000139077.jpg,1789050414542,200,,52.41,yolo26m_fp16,true,14.58,25.78,0.01,3
../../val2017/000000140203.jpg,1789050414556,200,,50.59,yolo26m_fp16,true,12.88,23.34,0.01,7
../../val2017/000000140840.jpg,1789050414580,200,,40.77,yolo26n_int8,true,15.00,12.17,0.01,9
../../val2017/000000140556.jpg,1789050414584,200,,54.04,yolo26m_fp16,true,14.51,20.21,0.01,7
../../val2017/000000142092.jpg,1789050414603,200,,46.43,yolo26n_int8,true,14.11,11.16,0.01,1
../../val2017/000000141328.jpg,1789050414605,200,,63.16,yolo26m_fp16,true,13.84,27.08,0.01,13
../../val2017/000000143068.jpg,1789050414623,200,,42.33,yolo26m_fp16,true,12.25,19.58,0.01,9
../../val2017/000000143961.jpg,1789050414623,200,,39.05,yolo26n_int8,true,14.15,8.97,0.01,10
../../val2017/000000144784.jpg,1789050414646,200,,40.80,yolo26n_int8,true,14.40,12.69,0.01,1
../../val2017/000000144003.jpg,1789050414651,200,,47.18,yolo26m_fp16,true,14.31,20.16,0.01,14
../../val2017/000000145620.jpg,1789050414663,200,,40.14,yolo26n_int8,true,9.03,13.58,0.01,4
../../val2017/000000144798.jpg,1789050414671,200,,48.24,yolo26m_fp16,true,13.29,20.23,0.01,4
../../val2017/000000146457.jpg,1789050414691,200,,39.76,yolo26n_int8,true,14.40,10.75,0.01,11
../../val2017/000000146358.jpg,1789050414694,200,,47.36,yolo26m_fp16,true,12.28,19.73,0.01,17
../../val2017/000000146498.jpg,1789050414712,200,,40.40,yolo26n_int8,true,11.31,11.96,0.01,0
../../val2017/000000146489.jpg,1789050414716,200,,51.92,yolo26m_fp16,true,12.11,20.32,0.01,5
../../val2017/000000147415.jpg,1789050414728,200,,33.62,yolo26n_int8,true,12.90,8.13,0.01,3
../../val2017/000000146667.jpg,1789050414740,200,,48.72,yolo26m_fp16,true,12.80,16.13,0.01,21
../../val2017/000000148730.jpg,1789050414744,200,,27.86,yolo26n_int8,true,8.96,5.75,0.01,0
../../val2017/000000147498.jpg,1789050414765,200,,53.28,yolo26m_fp16,true,18.58,14.34,0.01,6
../../val2017/000000150417.jpg,1789050414785,200,,45.27,yolo26n_int8,true,14.22,10.91,0.01,8
../../val2017/000000150224.jpg,1789050414786,200,,57.26,yolo26m_fp16,true,11.73,33.25,0.01,13
../../val2017/000000151051.jpg,1789050414799,200,,54.57,yolo26m_fp16,true,12.80,30.24,0.01,2
../../val2017/000000151480.jpg,1789050414807,200,,41.17,yolo26n_int8,true,17.33,5.67,0.01,7
../../val2017/000000151662.jpg,1789050414829,200,,43.01,yolo26n_int8,true,12.85,12.66,0.01,1
../../val2017/000000151657.jpg,1789050414838,200,,52.14,yolo26m_fp16,true,12.13,19.76,0.01,3
../../val2017/000000151962.jpg,1789050414854,200,,45.78,yolo26n_int8,true,13.42,11.55,0.01,2
../../val2017/000000151820.jpg,1789050414856,200,,57.06,yolo26m_fp16,true,19.92,19.77,0.01,27
../../val2017/000000152214.jpg,1789050414886,200,,56.98,yolo26m_fp16,true,12.45,20.06,0.01,2
../../val2017/000000152465.jpg,1789050414888,200,,49.27,yolo26n_int8,true,13.43,12.21,0.01,1
../../val2017/000000152870.jpg,1789050414891,200,,34.45,yolo26n_int8,true,8.69,9.09,0.01,2
../../val2017/000000152740.jpg,1789050414904,200,,49.77,yolo26m_fp16,true,13.32,17.28,0.01,19
../../val2017/000000153632.jpg,1789050414923,200,,35.36,yolo26n_int8,true,12.42,8.27,0.01,3
../../val2017/000000153299.jpg,1789050414933,200,,46.63,yolo26m_fp16,true,13.87,15.18,0.01,2
../../val2017/000000154358.jpg,1789050414947,200,,41.84,yolo26n_int8,true,13.84,11.77,0.01,4
../../val2017/000000154087.jpg,1789050414954,200,,63.08,yolo26m_fp16,true,15.79,34.62,0.01,5
../../val2017/000000154705.jpg,1789050414973,200,,49.87,yolo26m_fp16,true,15.56,19.91,0.01,7
../../val2017/000000155145.jpg,1789050414974,200,,39.95,yolo26n_int8,true,15.99,10.95,0.01,5
../../val2017/000000155443.jpg,1789050414997,200,,42.34,yolo26n_int8,true,13.89,10.42,0.01,2
../../val2017/000000155154.jpg,1789050414998,200,,50.19,yolo26m_fp16,true,17.01,20.22,0.01,1
../../val2017/000000156292.jpg,1789050415022,200,,47.82,yolo26n_int8,true,13.04,12.22,0.01,5
../../val2017/000000156071.jpg,1789050415028,200,,54.86,yolo26m_fp16,true,12.57,20.17,0.01,11
../../val2017/000000157756.jpg,1789050415042,200,,43.94,yolo26n_int8,true,14.34,13.28,0.01,7
../../val2017/000000157365.jpg,1789050415048,200,,51.41,yolo26m_fp16,true,13.34,24.44,0.01,9
../../val2017/000000158744.jpg,1789050415070,200,,41.21,yolo26n_int8,true,13.17,10.70,0.01,3
../../val2017/000000158548.jpg,1789050415078,200,,56.16,yolo26m_fp16,true,13.84,17.82,0.01,4
../../val2017/000000159977.jpg,1789050415091,200,,42.02,yolo26n_int8,true,14.04,11.56,0.01,2
../../val2017/000000159791.jpg,1789050415099,200,,57.15,yolo26m_fp16,true,14.11,28.19,0.01,6
../../val2017/000000161799.jpg,1789050415119,200,,48.60,yolo26m_fp16,true,12.65,19.40,0.01,7
../../val2017/000000161820.jpg,1789050415119,200,,40.89,yolo26n_int8,true,13.69,9.10,0.01,1
../../val2017/000000162366.jpg,1789050415137,200,,37.39,yolo26n_int8,true,14.86,10.83,0.01,0
../../val2017/000000162035.jpg,1789050415137,200,,45.98,yolo26m_fp16,true,13.15,19.62,0.01,5
../../val2017/000000163562.jpg,1789050415148,200,,28.80,yolo26n_int8,true,12.67,5.72,0.01,2
../../val2017/000000163611.jpg,1789050415181,200,,43.75,yolo26n_int8,true,8.05,12.90,0.01,3
../../val2017/000000163290.jpg,1789050415188,200,,68.47,yolo26m_fp16,true,21.82,19.82,0.01,3
../../val2017/000000163682.jpg,1789050415205,200,,67.60,yolo26m_fp16,true,13.13,30.44,0.01,4
../../val2017/000000164115.jpg,1789050415221,200,,72.50,yolo26m_fp16,true,15.46,35.93,0.01,0
../../val2017/000000165351.jpg,1789050415225,200,,43.79,yolo26n_int8,true,16.31,9.48,0.01,0
../../val2017/000000166426.jpg,1789050415237,200,,49.26,yolo26m_fp16,true,15.28,17.52,0.01,10
../../val2017/000000166563.jpg,1789050415240,200,,34.64,yolo26n_int8,true,14.17,7.65,0.01,0
../../val2017/000000169169.jpg,1789050415267,200,,41.56,yolo26n_int8,true,13.35,11.35,0.01,14
../../val2017/000000166918.jpg,1789050415275,200,,53.90,yolo26m_fp16,true,12.61,22.66,0.01,33
../../val2017/000000170099.jpg,1789050415281,200,,40.20,yolo26n_int8,true,12.80,11.06,0.01,4
../../val2017/000000169996.jpg,1789050415290,200,,52.63,yolo26m_fp16,true,13.90,24.40,0.01,11
../../val2017/000000170595.jpg,1789050415313,200,,45.06,yolo26m_fp16,true,14.55,17.15,0.01,0
../../val2017/000000171740.jpg,1789050415318,200,,42.41,yolo26n_int8,true,14.63,10.65,0.01,3
../../val2017/000000172877.jpg,1789050415328,200,,37.73,yolo26n_int8,true,8.81,16.93,0.04,4
../../val2017/000000172083.jpg,1789050415334,200,,52.89,yolo26m_fp16,true,14.94,24.44,0.01,3
../../val2017/000000172935.jpg,1789050415356,200,,42.61,yolo26m_fp16,true,15.29,17.01,0.01,3
../../val2017/000000173371.jpg,1789050415359,200,,40.84,yolo26n_int8,true,16.06,7.35,0.01,10
../../val2017/000000174482.jpg,1789050415372,200,,36.70,yolo26n_int8,true,9.04,10.64,0.01,7
../../val2017/000000173799.jpg,1789050415383,200,,53.85,yolo26m_fp16,true,13.07,18.25,0.01,22
../../val2017/000000175535.jpg,1789050415398,200,,38.91,yolo26n_int8,true,13.69,8.23,0.01,4
../../val2017/000000175251.jpg,1789050415410,200,,54.10,yolo26m_fp16,true,17.52,15.61,0.01,2
../../val2017/000000176606.jpg,1789050415423,200,,40.19,yolo26n_int8,true,8.18,11.60,0.01,2
../../val2017/000000176037.jpg,1789050415431,200,,58.26,yolo26m_fp16,true,13.93,23.77,0.01,8
../../val2017/000000176901.jpg,1789050415447,200,,47.82,yolo26m_fp16,true,16.81,19.95,0.01,5
../../val2017/000000177015.jpg,1789050415450,200,,39.20,yolo26n_int8,true,15.17,6.52,0.01,4
../../val2017/000000177213.jpg,1789050415458,200,,26.45,yolo26n_int8,true,8.25,5.80,0.01,6
../../val2017/000000177065.jpg,1789050415481,200,,57.25,yolo26m_fp16,true,13.57,14.42,0.01,12
../../val2017/000000179141.jpg,1789050415488,200,,37.88,yolo26n_int8,true,14.38,8.26,0.01,6
../../val2017/000000178469.jpg,1789050415500,200,,53.56,yolo26m_fp16,true,13.64,16.56,0.01,7
../../val2017/000000180560.jpg,1789050415514,200,,33.16,yolo26n_int8,true,8.67,12.32,0.01,3
../../val2017/000000179214.jpg,1789050415520,200,,62.16,yolo26m_fp16,true,12.63,32.33,0.01,1
../../val2017/000000180798.jpg,1789050415538,200,,50.38,yolo26m_fp16,true,15.66,22.91,0.01,2
../../val2017/000000181796.jpg,1789050415539,200,,38.10,yolo26n_int8,true,13.88,9.39,0.00,4
../../val2017/000000182441.jpg,1789050415563,200,,41.20,yolo26n_int8,true,13.51,10.98,0.01,1
../../val2017/000000181859.jpg,1789050415563,200,,48.06,yolo26m_fp16,true,15.27,20.08,0.01,3
../../val2017/000000184400.jpg,1789050415579,200,,40.08,yolo26n_int8,true,13.80,10.57,0.01,1
../../val2017/000000183127.jpg,1789050415587,200,,48.52,yolo26m_fp16,true,12.54,20.15,0.01,2
../../val2017/000000184762.jpg,1789050415605,200,,42.35,yolo26n_int8,true,16.07,11.19,0.01,0
../../val2017/000000184611.jpg,1789050415614,200,,50.74,yolo26m_fp16,true,14.53,19.71,0.01,21
../../val2017/000000186449.jpg,1789050415628,200,,40.90,yolo26n_int8,true,15.20,10.92,0.01,6
../../val2017/000000185473.jpg,1789050415635,200,,55.84,yolo26m_fp16,true,13.67,29.32,0.01,16
../../val2017/000000187243.jpg,1789050415652,200,,37.61,yolo26n_int8,true,13.28,11.22,0.01,2
../../val2017/000000186873.jpg,1789050415658,200,,51.93,yolo26m_fp16,true,13.66,21.86,0.01,10
../../val2017/000000190637.jpg,1789050415672,200,,43.19,yolo26m_fp16,true,13.23,18.52,0.02,5
../../val2017/000000191614.jpg,1789050415680,200,,44.57,yolo26n_int8,true,16.26,5.73,0.01,3
../../val2017/000000191672.jpg,1789050415702,200,,49.69,yolo26m_fp16,true,12.87,19.93,0.01,2
../../val2017/000000191761.jpg,1789050415702,200,,44.54,yolo26n_int8,true,14.57,13.29,0.01,2
../../val2017/000000192904.jpg,1789050415724,200,,43.19,yolo26n_int8,true,14.18,10.81,0.01,4
../../val2017/000000192191.jpg,1789050415730,200,,57.38,yolo26m_fp16,true,13.48,20.27,0.01,2
../../val2017/000000193181.jpg,1789050415749,200,,46.49,yolo26n_int8,true,14.29,10.51,0.01,4
../../val2017/000000192964.jpg,1789050415749,200,,46.90,yolo26m_fp16,true,12.75,19.88,0.01,2
../../val2017/000000194216.jpg,1789050415775,200,,51.19,yolo26m_fp16,true,12.59,19.59,0.01,3
../../val2017/000000194471.jpg,1789050415774,200,,44.48,yolo26n_int8,true,20.60,9.51,0.01,2
../../val2017/000000194506.jpg,1789050415798,200,,48.98,yolo26n_int8,true,14.06,11.53,0.01,2
../../val2017/000000194940.jpg,1789050415799,200,,49.58,yolo26m_fp16,true,12.40,20.30,0.01,7
../../val2017/000000196442.jpg,1789050415820,200,,44.86,yolo26m_fp16,true,12.18,19.50,0.01,11
../../val2017/000000195045.jpg,1789050415821,200,,45.04,yolo26n_int8,true,15.23,10.07,0.00,1
../../val2017/000000197022.jpg,1789050415843,200,,44.29,yolo26n_int8,true,11.98,10.69,0.01,2
../../val2017/000000198805.jpg,1789050415856,200,,35.69,yolo26n_int8,true,9.04,10.78,0.01,3
../../val2017/000000196843.jpg,1789050415857,200,,58.82,yolo26m_fp16,true,12.34,24.77,0.01,4
../../val2017/000000197528.jpg,1789050415872,200,,51.03,yolo26m_fp16,true,14.02,20.84,0.01,1
../../val2017/000000198928.jpg,1789050415887,200,,43.15,yolo26m_fp16,true,14.77,14.57,0.01,4
../../val2017/000000199442.jpg,1789050415895,200,,37.76,yolo26n_int8,true,14.33,8.37,0.01,2
../../val2017/000000201426.jpg,1789050415911,200,,52.47,yolo26m_fp16,true,13.85,21.37,0.01,7
../../val2017/000000201775.jpg,1789050415912,200,,39.90,yolo26n_int8,true,14.79,11.01,0.01,3
../../val2017/000000202001.jpg,1789050415933,200,,45.87,yolo26m_fp16,true,12.31,17.42,0.01,4
../../val2017/000000203389.jpg,1789050415936,200,,39.98,yolo26n_int8,true,14.14,8.13,0.01,9
../../val2017/000000203580.jpg,1789050415954,200,,42.01,yolo26n_int8,true,12.93,10.93,0.01,2
../../val2017/000000203546.jpg,1789050415963,200,,51.34,yolo26m_fp16,true,12.21,19.13,0.01,1
../../val2017/000000205776.jpg,1789050415974,200,,37.18,yolo26n_int8,true,12.37,5.71,0.01,1
../../val2017/000000204186.jpg,1789050415991,200,,57.55,yolo26m_fp16,true,12.65,16.85,0.01,9
../../val2017/000000208423.jpg,1789050415994,200,,30.53,yolo26n_int8,true,10.08,9.90,0.01,9
../../val2017/000000207538.jpg,1789050416007,200,,52.63,yolo26m_fp16,true,15.43,23.95,0.01,1
../../val2017/000000208901.jpg,1789050416021,200,,46.96,yolo26m_fp16,true,12.83,21.83,0.01,1
../../val2017/000000209142.jpg,1789050416036,200,,43.99,yolo26n_int8,true,14.24,11.88,0.01,5
../../val2017/000000210030.jpg,1789050416046,200,,39.05,yolo26n_int8,true,14.81,10.46,0.01,3
../../val2017/000000209753.jpg,1789050416047,200,,53.46,yolo26m_fp16,true,14.36,26.82,0.01,3
../../val2017/000000210032.jpg,1789050416063,200,,42.28,yolo26m_fp16,true,13.09,14.81,0.01,12
../../val2017/000000210520.jpg,1789050416078,200,,42.34,yolo26n_int8,true,14.77,5.69,0.01,9
../../val2017/000000211069.jpg,1789050416095,200,,47.07,yolo26n_int8,true,14.75,11.36,0.01,2
../../val2017/000000211674.jpg,1789050416102,200,,54.75,yolo26m_fp16,true,12.76,20.23,0.01,18
../../val2017/000000213171.jpg,1789050416119,200,,40.08,yolo26n_int8,true,14.50,11.30,0.01,2
../../val2017/000000212166.jpg,1789050416120,200,,55.85,yolo26m_fp16,true,14.95,26.64,0.01,2
../../val2017/000000215072.jpg,1789050416139,200,,35.95,yolo26n_int8,true,9.42,12.22,0.01,5
../../val2017/000000214720.jpg,1789050416145,200,,49.56,yolo26m_fp16,true,14.15,19.79,0.01,10
../../val2017/000000215723.jpg,1789050416157,200,,37.40,yolo26n_int8,true,13.33,8.49,0.01,5
../../val2017/000000215644.jpg,1789050416167,200,,47.69,yolo26m_fp16,true,12.73,16.37,0.01,4
../../val2017/000000219485.jpg,1789050416181,200,,35.59,yolo26n_int8,true,9.13,11.97,0.01,1
../../val2017/000000217400.jpg,1789050416188,200,,48.67,yolo26m_fp16,true,13.88,20.14,0.01,1
../../val2017/000000220310.jpg,1789050416207,200,,39.37,yolo26n_int8,true,15.37,12.15,0.01,1
../../val2017/000000219578.jpg,1789050416212,200,,54.14,yolo26m_fp16,true,13.61,20.44,0.01,2
../../val2017/000000222455.jpg,1789050416228,200,,39.58,yolo26n_int8,true,10.43,12.66,0.01,0
../../val2017/000000221155.jpg,1789050416231,200,,49.67,yolo26m_fp16,true,13.38,19.94,0.01,3
../../val2017/000000223090.jpg,1789050416251,200,,43.76,yolo26m_fp16,true,12.93,14.76,0.01,5
../../val2017/000000223182.jpg,1789050416258,200,,45.47,yolo26n_int8,true,17.42,5.70,0.01,8
../../val2017/000000223789.jpg,1789050416267,200,,36.21,yolo26n_int8,true,13.59,11.34,0.01,1
../../val2017/000000223188.jpg,1789050416276,200,,48.64,yolo26m_fp16,true,12.43,17.14,0.01,1
../../val2017/000000224051.jpg,1789050416291,200,,32.47,yolo26n_int8,true,8.38,11.69,0.01,3
../../val2017/000000223959.jpg,1789050416299,200,,48.23,yolo26m_fp16,true,13.62,19.85,0.01,2
../../val2017/000000224222.jpg,1789050416318,200,,41.44,yolo26n_int8,true,12.99,12.49,0.01,4
../../val2017/000000224119.jpg,1789050416320,200,,52.57,yolo26m_fp16,true,13.67,24.62,0.01,9
../../val2017/000000225670.jpg,1789050416340,200,,40.63,yolo26n_int8,true,13.87,13.03,0.01,4
../../val2017/000000224807.jpg,1789050416344,200,,53.11,yolo26m_fp16,true,14.17,20.60,0.01,37
../../val2017/000000226408.jpg,1789050416351,200,,30.83,yolo26n_int8,true,12.59,5.67,0.01,1
../../val2017/000000226171.jpg,1789050416368,200,,49.38,yolo26m_fp16,true,15.52,14.33,0.01,5
../../val2017/000000226592.jpg,1789050416381,200,,36.77,yolo26n_int8,true,8.13,11.93,0.01,2
../../val2017/000000226417.jpg,1789050416390,200,,49.65,yolo26m_fp16,true,16.87,20.27,0.01,22
../../val2017/000000227686.jpg,1789050416411,200,,59.28,yolo26m_fp16,true,13.69,21.07,0.01,2
../../val2017/000000227985.jpg,1789050416412,200,,43.52,yolo26n_int8,true,13.89,9.02,0.01,4
../../val2017/000000229747.jpg,1789050416423,200,,32.76,yolo26n_int8,true,8.48,11.36,0.01,1
../../val2017/000000229216.jpg,1789050416431,200,,49.29,yolo26m_fp16,true,12.35,20.22,0.01,3
../../val2017/000000230362.jpg,1789050416453,200,,40.93,yolo26n_int8,true,12.63,13.00,0.01,3
../../val2017/000000231508.jpg,1789050416463,200,,31.68,yolo26n_int8,true,9.92,10.93,0.01,9
../../val2017/000000229948.jpg,1789050416465,200,,54.17,yolo26m_fp16,true,13.63,26.12,0.01,15
../../val2017/000000231169.jpg,1789050416480,200,,57.11,yolo26m_fp16,true,13.85,27.28,0.01,1
../../val2017/000000231822.jpg,1789050416504,200,,41.28,yolo26n_int8,true,13.92,12.56,0.01,5
../../val2017/000000231580.jpg,1789050416508,200,,55.18,yolo26m_fp16,true,13.28,20.24,0.01,11
../../val2017/000000232244.jpg,1789050416519,200,,38.81,yolo26n_int8,true,13.41,12.00,0.01,2
../../val2017/000000232088.jpg,1789050416525,200,,59.01,yolo26m_fp16,true,14.44,26.88,0.01,4
../../val2017/000000235778.jpg,1789050416539,200,,29.95,yolo26n_int8,true,13.49,5.95,0.01,2
../../val2017/000000235064.jpg,1789050416557,200,,51.76,yolo26m_fp16,true,13.85,14.27,0.01,1
../../val2017/000000236690.jpg,1789050416568,200,,43.04,yolo26n_int8,true,13.37,13.35,0.01,1
../../val2017/000000236426.jpg,1789050416574,200,,54.04,yolo26m_fp16,true,13.26,28.95,0.01,17
../../val2017/000000237864.jpg,1789050416589,200,,50.22,yolo26m_fp16,true,15.00,18.24,0.01,2
../../val2017/000000238039.jpg,1789050416602,200,,44.63,yolo26n_int8,true,16.25,5.82,0.01,1
../../val2017/000000239041.jpg,1789050416612,200,,37.83,yolo26n_int8,true,12.29,11.48,0.01,5
../../val2017/000000238410.jpg,1789050416619,200,,50.87,yolo26m_fp16,true,13.41,19.88,0.01,34
../../val2017/000000239857.jpg,1789050416641,200,,39.12,yolo26n_int8,true,15.93,9.78,0.01,9
../../val2017/000000239537.jpg,1789050416641,200,,51.51,yolo26m_fp16,true,14.54,19.14,0.01,3
../../val2017/000000240250.jpg,1789050416667,200,,54.25,yolo26m_fp16,true,13.45,19.95,0.01,16
../../val2017/000000241297.jpg,1789050416668,200,,48.23,yolo26n_int8,true,14.46,12.43,0.01,1
../../val2017/000000243989.jpg,1789050416674,200,,32.10,yolo26n_int8,true,9.45,5.65,0.01,6
../../val2017/000000243344.jpg,1789050416687,200,,45.44,yolo26m_fp16,true,12.12,14.77,0.01,2
../../val2017/000000244496.jpg,1789050416700,200,,31.64,yolo26n_int8,true,13.60,8.23,0.01,2
../../val2017/000000244019.jpg,1789050416714,200,,46.95,yolo26m_fp16,true,11.98,15.64,0.01,1
../../val2017/000000245026.jpg,1789050416729,200,,54.66,yolo26m_fp16,true,14.52,26.94,0.01,6
../../val2017/000000245173.jpg,1789050416732,200,,45.23,yolo26n_int8,true,16.23,8.87,0.01,1
../../val2017/000000246308.jpg,1789050416753,200,,38.72,yolo26n_int8,true,13.80,9.38,0.01,8
../../val2017/000000245311.jpg,1789050416753,200,,52.79,yolo26m_fp16,true,15.04,19.52,0.01,22
../../val2017/000000246522.jpg,1789050416778,200,,49.17,yolo26m_fp16,true,15.57,19.53,0.01,2
../../val2017/000000247917.jpg,1789050416778,200,,45.58,yolo26n_int8,true,15.98,10.43,0.01,13
../../val2017/000000248111.jpg,1789050416789,200,,34.90,yolo26n_int8,true,12.41,10.79,0.01,3
../../val2017/000000248112.jpg,1789050416798,200,,44.27,yolo26m_fp16,true,12.56,17.87,0.01,4
../../val2017/000000248752.jpg,1789050416816,200,,37.67,yolo26n_int8,true,14.92,10.73,0.01,2
../../val2017/000000248334.jpg,1789050416826,200,,47.72,yolo26m_fp16,true,13.44,18.26,0.01,8
../../val2017/000000250619.jpg,1789050416838,200,,39.43,yolo26n_int8,true,13.37,10.85,0.01,1
../../val2017/000000250282.jpg,1789050416848,200,,58.68,yolo26m_fp16,true,13.44,32.68,0.01,22
../../val2017/000000251119.jpg,1789050416867,200,,40.23,yolo26n_int8,true,16.34,11.54,0.01,0
../../val2017/000000250901.jpg,1789050416871,200,,53.96,yolo26m_fp16,true,15.15,19.77,0.01,6
../../val2017/000000253742.jpg,1789050416889,200,,41.21,yolo26n_int8,true,14.05,10.46,0.01,19
../../val2017/000000251572.jpg,1789050416890,200,,51.63,yolo26m_fp16,true,12.15,21.84,0.01,2
../../val2017/000000256518.jpg,1789050416902,200,,31.10,yolo26n_int8,true,12.79,5.69,0.01,5
../../val2017/000000255912.jpg,1789050416916,200,,49.18,yolo26m_fp16,true,13.84,14.59,0.01,7
../../val2017/000000257169.jpg,1789050416929,200,,39.07,yolo26n_int8,true,14.51,11.07,0.01,1
../../val2017/000000256868.jpg,1789050416939,200,,49.96,yolo26m_fp16,true,13.94,21.00,0.01,10
../../val2017/000000259597.jpg,1789050416957,200,,40.56,yolo26n_int8,true,14.61,12.09,0.01,10
../../val2017/000000258911.jpg,1789050416960,200,,57.44,yolo26m_fp16,true,13.67,28.99,0.01,9
../../val2017/000000260925.jpg,1789050416979,200,,39.24,yolo26n_int8,true,13.52,9.15,0.01,2
../../val2017/000000260657.jpg,1789050416979,200,,50.23,yolo26m_fp16,true,16.06,23.90,0.01,0
../../val2017/000000261097.jpg,1789050417000,200,,39.16,yolo26n_int8,true,13.51,11.46,0.01,3
../../val2017/000000261061.jpg,1789050417007,200,,49.30,yolo26m_fp16,true,12.86,20.51,0.01,2
../../val2017/000000263463.jpg,1789050417024,200,,44.00,yolo26n_int8,true,12.99,10.79,0.01,0
../../val2017/000000262487.jpg,1789050417034,200,,54.00,yolo26m_fp16,true,13.22,16.91,0.01,4
../../val2017/000000263474.jpg,1789050417050,200,,50.40,yolo26m_fp16,true,13.09,23.16,0.01,1
../../val2017/000000264535.jpg,1789050417054,200,,47.38,yolo26n_int8,true,16.26,6.83,0.01,4
../../val2017/000000266206.jpg,1789050417074,200,,39.93,yolo26n_int8,true,13.42,9.77,0.01,0
../../val2017/000000264968.jpg,1789050417074,200,,50.28,yolo26m_fp16,true,18.20,19.18,0.01,7
../../val2017/000000267300.jpg,1789050417094,200,,39.43,yolo26n_int8,true,12.89,12.19,0.01,2
../../val2017/000000267670.jpg,1789050417104,200,,29.34,yolo26n_int8,true,9.91,9.36,0.01,1
../../val2017/000000266400.jpg,1789050417109,200,,58.13,yolo26m_fp16,true,12.61,25.30,0.01,11
../../val2017/000000267537.jpg,1789050417121,200,,46.60,yolo26m_fp16,true,12.33,14.48,0.01,14
../../val2017/000000269682.jpg,1789050417135,200,,40.28,yolo26m_fp16,true,13.63,15.25,0.01,9
../../val2017/000000270244.jpg,1789050417149,200,,44.63,yolo26n_int8,true,15.30,8.04,0.01,1
../../val2017/000000270297.jpg,1789050417161,200,,51.71,yolo26m_fp16,true,12.30,16.58,0.01,3
../../val2017/000000270677.jpg,1789050417181,200,,59.33,yolo26n_int8,true,14.03,12.18,0.01,2
../../val2017/000000272364.jpg,1789050417191,200,,41.85,yolo26n_int8,true,13.38,12.07,0.01,2
../../val2017/000000271997.jpg,1789050417192,200,,57.07,yolo26m_fp16,true,14.10,26.38,0.01,2
../../val2017/000000273642.jpg,1789050417207,200,,45.51,yolo26m_fp16,true,14.55,14.98,0.01,3
../../val2017/000000273711.jpg,1789050417215,200,,33.33,yolo26n_int8,true,13.63,5.81,0.01,9
../../val2017/000000275791.jpg,1789050417236,200,,44.21,yolo26n_int8,true,13.50,11.37,0.01,4
../../val2017/000000273715.jpg,1789050417238,200,,46.69,yolo26m_fp16,true,13.30,20.14,0.01,6
../../val2017/000000276720.jpg,1789050417256,200,,41.17,yolo26n_int8,true,13.14,12.20,0.01,4
../../val2017/000000276285.jpg,1789050417261,200,,52.41,yolo26m_fp16,true,13.39,19.99,0.01,12
../../val2017/000000278006.jpg,1789050417273,200,,34.30,yolo26n_int8,true,12.42,8.18,0.01,0
../../val2017/000000277197.jpg,1789050417285,200,,48.75,yolo26m_fp16,true,14.99,15.13,0.01,7
../../val2017/000000280891.jpg,1789050417305,200,,43.38,yolo26n_int8,true,15.16,10.78,0.01,7
../../val2017/000000278848.jpg,1789050417305,200,,48.81,yolo26m_fp16,true,14.08,19.73,0.01,11
../../val2017/000000281687.jpg,1789050417321,200,,47.92,yolo26m_fp16,true,14.70,19.34,0.01,15
../../val2017/000000281754.jpg,1789050417324,200,,37.69,yolo26n_int8,true,14.03,7.32,0.01,3
../../val2017/000000282046.jpg,1789050417344,200,,38.67,yolo26m_fp16,true,13.44,14.49,0.01,1
../../val2017/000000283070.jpg,1789050417348,200,,42.78,yolo26n_int8,true,10.22,5.66,0.01,5
../../val2017/000000283412.jpg,1789050417361,200,,36.85,yolo26n_int8,true,12.14,8.15,0.01,3
../../val2017/000000283113.jpg,1789050417371,200,,50.03,yolo26m_fp16,true,12.46,15.63,0.01,4
../../val2017/000000285349.jpg,1789050417392,200,,43.70,yolo26n_int8,true,18.54,10.84,0.01,1
../../val2017/000000284991.jpg,1789050417393,200,,48.66,yolo26m_fp16,true,14.99,19.96,0.00,2
../../val2017/000000286849.jpg,1789050417407,200,,45.59,yolo26m_fp16,true,19.32,14.01,0.01,4
../../val2017/000000286908.jpg,1789050417420,200,,48.08,yolo26n_int8,true,12.72,5.72,0.01,19
../../val2017/000000287527.jpg,1789050417441,200,,47.88,yolo26n_int8,true,14.70,11.36,0.01,3
../../val2017/000000289516.jpg,1789050417443,200,,50.41,yolo26m_fp16,true,11.95,19.70,0.01,3
../../val2017/000000290163.jpg,1789050417460,200,,40.00,yolo26n_int8,true,12.52,10.78,0.01,6
../../val2017/000000289594.jpg,1789050417464,200,,56.92,yolo26m_fp16,true,14.02,28.79,0.01,3
../../val2017/000000292225.jpg,1789050417469,200,,25.84,yolo26n_int8,true,12.79,5.78,0.01,4
../../val2017/000000291619.jpg,1789050417487,200,,45.77,yolo26m_fp16,true,13.12,14.69,0.01,3
../../val2017/000000292488.jpg,1789050417495,200,,31.11,yolo26n_int8,true,13.39,8.29,0.01,2
../../val2017/000000292456.jpg,1789050417509,200,,48.89,yolo26m_fp16,true,14.50,17.14,0.01,7
../../val2017/000000292908.jpg,1789050417524,200,,54.59,yolo26m_fp16,true,13.99,24.59,0.01,2
../../val2017/000000292997.jpg,1789050417529,200,,42.06,yolo26n_int8,true,14.82,9.54,0.01,8
../../val2017/000000293071.jpg,1789050417540,200,,45.11,yolo26m_fp16,true,16.51,15.63,0.01,4
../../val2017/000000293245.jpg,1789050417546,200,,36.07,yolo26n_int8,true,13.23,5.66,0.01,1
../../val2017/000000293794.jpg,1789050417567,200,,37.84,yolo26n_int8,true,13.46,10.85,0.01,8
../../val2017/000000293300.jpg,1789050417579,200,,54.28,yolo26m_fp16,true,12.70,21.49,0.01,4
../../val2017/000000294831.jpg,1789050417584,200,,38.23,yolo26n_int8,true,13.39,11.14,0.01,5
../../val2017/000000294783.jpg,1789050417595,200,,54.48,yolo26m_fp16,true,14.51,21.44,0.02,5
../../val2017/000000296224.jpg,1789050417624,200,,44.06,yolo26n_int8,true,14.50,10.48,0.01,1
../../val2017/000000295420.jpg,1789050417625,200,,56.99,yolo26m_fp16,true,15.90,19.47,0.01,6
../../val2017/000000297353.jpg,1789050417633,200,,37.72,yolo26n_int8,true,8.02,17.56,0.01,2
../../val2017/000000296284.jpg,1789050417642,200,,57.25,yolo26m_fp16,true,13.43,34.10,0.01,9
../../val2017/000000299355.jpg,1789050417661,200,,36.64,yolo26n_int8,true,14.60,10.78,0.01,1
../../val2017/000000297681.jpg,1789050417670,200,,45.87,yolo26m_fp16,true,12.07,17.93,0.01,2
../../val2017/000000301718.jpg,1789050417682,200,,40.31,yolo26n_int8,true,12.65,10.72,0.01,9
../../val2017/000000301376.jpg,1789050417689,200,,56.19,yolo26m_fp16,true,15.15,30.38,0.01,20
../../val2017/000000303653.jpg,1789050417709,200,,38.73,yolo26n_int8,true,8.63,12.40,0.01,6
../../val2017/000000303305.jpg,1789050417713,200,,51.03,yolo26m_fp16,true,13.10,19.98,0.01,2
../../val2017/000000304396.jpg,1789050417729,200,,39.16,yolo26n_int8,true,13.05,11.89,0.01,2
../../val2017/000000304291.jpg,1789050417736,200,,52.99,yolo26m_fp16,true,13.37,19.81,0.01,1
../../val2017/000000305309.jpg,1789050417740,200,,27.43,yolo26n_int8,true,9.81,5.74,0.01,3
../../val2017/000000304560.jpg,1789050417757,200,,47.11,yolo26m_fp16,true,14.72,14.39,0.01,1
../../val2017/000000305609.jpg,1789050417782,200,,53.10,yolo26m_fp16,true,13.97,19.41,0.01,9
../../val2017/000000306582.jpg,1789050417783,200,,47.30,yolo26n_int8,true,15.71,10.57,0.01,0
../../val2017/000000307145.jpg,1789050417793,200,,35.82,yolo26n_int8,true,10.33,19.53,0.01,2
../../val2017/000000306733.jpg,1789050417801,200,,60.21,yolo26m_fp16,true,14.40,28.56,0.01,7
../../val2017/000000308328.jpg,1789050417826,200,,42.42,yolo26n_int8,true,14.89,10.94,0.01,6
../../val2017/000000307598.jpg,1789050417833,200,,50.19,yolo26m_fp16,true,12.52,22.59,0.01,1
../../val2017/000000309173.jpg,1789050417838,200,,36.96,yolo26n_int8,true,16.61,9.22,0.01,1
../../val2017/000000308476.jpg,1789050417850,200,,56.89,yolo26m_fp16,true,15.49,24.00,0.01,2
../../val2017/000000309938.jpg,1789050417869,200,,36.18,yolo26n_int8,true,10.43,12.24,0.01,1
../../val2017/000000309678.jpg,1789050417880,200,,53.70,yolo26m_fp16,true,14.44,22.80,0.01,2
../../val2017/000000311789.jpg,1789050417885,200,,34.76,yolo26n_int8,true,13.38,10.28,0.01,2
../../val2017/000000311518.jpg,1789050417900,200,,61.42,yolo26m_fp16,true,14.55,22.58,0.01,1
../../val2017/000000312406.jpg,1789050417916,200,,35.41,yolo26n_int8,true,9.51,11.92,0.01,3
../../val2017/000000312278.jpg,1789050417920,200,,50.49,yolo26m_fp16,true,12.91,20.58,0.01,3
../../val2017/000000313130.jpg,1789050417934,200,,49.14,yolo26m_fp16,true,14.51,18.28,0.01,6
../../val2017/000000313182.jpg,1789050417938,200,,37.99,yolo26n_int8,true,17.72,5.83,0.01,4
../../val2017/000000314182.jpg,1789050417948,200,,27.40,yolo26n_int8,true,9.53,8.17,0.01,8
../../val2017/000000313562.jpg,1789050417961,200,,44.34,yolo26m_fp16,true,12.33,15.21,0.01,4
../../val2017/000000316054.jpg,1789050417988,200,,48.55,yolo26n_int8,true,14.66,12.55,0.01,2
../../val2017/000000314914.jpg,1789050417988,200,,53.37,yolo26m_fp16,true,13.74,20.36,0.01,2
../../val2017/000000322429.jpg,1789050418005,200,,44.10,yolo26n_int8,true,10.76,10.65,0.01,7
../../val2017/000000319607.jpg,1789050418009,200,,60.97,yolo26m_fp16,true,14.49,25.70,0.01,6
../../val2017/000000322959.jpg,1789050418032,200,,43.41,yolo26n_int8,true,14.84,10.95,0.01,4
../../val2017/000000326462.jpg,1789050418044,200,,33.94,yolo26n_int8,true,9.59,9.75,0.01,0
../../val2017/000000322610.jpg,1789050418045,200,,57.24,yolo26m_fp16,true,13.58,25.64,0.01,24
../../val2017/000000323263.jpg,1789050418059,200,,53.15,yolo26m_fp16,true,14.55,18.36,0.01,8
../../val2017/000000327601.jpg,1789050418074,200,,41.63,yolo26m_fp16,true,14.47,15.02,0.01,4
../../val2017/000000327617.jpg,1789050418084,200,,40.26,yolo26n_int8,true,14.43,10.99,0.01,2
../../val2017/000000328337.jpg,1789050418100,200,,40.17,yolo26n_int8,true,16.05,9.51,0.01,1
../../val2017/000000328030.jpg,1789050418100,200,,54.82,yolo26m_fp16,true,14.17,24.12,0.01,5
../../val2017/000000329614.jpg,1789050418112,200,,38.40,yolo26m_fp16,true,12.85,16.53,0.01,13
../../val2017/000000330554.jpg,1789050418119,200,,34.47,yolo26n_int8,true,16.11,5.53,0.01,0
../../val2017/000000331075.jpg,1789050418146,200,,45.69,yolo26n_int8,true,13.78,12.29,0.01,1
../../val2017/000000331799.jpg,1789050418158,200,,38.88,yolo26n_int8,true,8.82,10.20,0.01,5
../../val2017/000000330790.jpg,1789050418159,200,,59.42,yolo26m_fp16,true,14.24,24.99,0.01,3
../../val2017/000000331352.jpg,1789050418171,200,,58.77,yolo26m_fp16,true,14.45,34.31,0.01,1
../../val2017/000000332351.jpg,1789050418190,200,,43.83,yolo26m_fp16,true,14.44,15.13,0.01,19
../../val2017/000000332570.jpg,1789050418200,200,,40.61,yolo26n_int8,true,17.23,11.16,0.01,2
../../val2017/000000332901.jpg,1789050418212,200,,52.74,yolo26m_fp16,true,14.62,22.36,0.01,6
../../val2017/000000333697.jpg,1789050418214,200,,42.68,yolo26n_int8,true,14.73,8.08,0.01,0
../../val2017/000000333956.jpg,1789050418233,200,,32.70,yolo26n_int8,true,10.04,12.18,0.01,1
../../val2017/000000333745.jpg,1789050418237,200,,46.38,yolo26m_fp16,true,13.61,19.92,0.01,6
../../val2017/000000334555.jpg,1789050418257,200,,42.33,yolo26n_int8,true,12.79,11.32,0.01,13
../../val2017/000000334483.jpg,1789050418268,200,,55.10,yolo26m_fp16,true,12.86,22.37,0.01,20
../../val2017/000000336209.jpg,1789050418270,200,,32.69,yolo26n_int8,true,10.32,9.99,0.02,1
../../val2017/000000335427.jpg,1789050418285,200,,52.03,yolo26m_fp16,true,12.94,19.21,0.01,8
../../val2017/000000336265.jpg,1789050418300,200,,42.80,yolo26m_fp16,true,13.49,14.60,0.01,2
../../val2017/000000336658.jpg,1789050418306,200,,37.59,yolo26n_int8,true,14.00,5.95,0.01,3
../../val2017/000000338304.jpg,1789050418329,200,,44.03,yolo26n_int8,true,15.97,13.08,0.01,7
../../val2017/000000338191.jpg,1789050418334,200,,63.88,yolo26m_fp16,true,14.04,20.76,0.01,9
../../val2017/000000339823.jpg,1789050418352,200,,44.98,yolo26n_int8,true,13.89,11.90,0.01,1
../../val2017/000000338901.jpg,1789050418354,200,,53.45,yolo26m_fp16,true,14.55,26.38,0.01,5
../../val2017/000000339870.jpg,1789050418377,200,,46.94,yolo26m_fp16,true,12.32,19.46,0.01,4
../../val2017/000000342186.jpg,1789050418380,200,,45.24,yolo26n_int8,true,15.66,9.22,0.01,2
../../val2017/000000343524.jpg,1789050418386,200,,32.25,yolo26n_int8,true,11.51,5.74,0.01,2
../../val2017/000000343315.jpg,1789050418402,200,,48.96,yolo26m_fp16,true,12.64,14.32,0.01,1
../../val2017/000000345356.jpg,1789050418416,200,,35.73,yolo26n_int8,true,13.40,8.26,0.01,4
../../val2017/000000345397.jpg,1789050418427,200,,40.09,yolo26m_fp16,true,12.58,15.38,0.01,3
../../val2017/000000346703.jpg,1789050418445,200,,42.83,yolo26n_int8,true,13.66,10.84,0.01,14
../../val2017/000000343706.jpg,1789050418449,200,,71.68,yolo26m_fp16,true,13.78,34.30,0.01,2
../../val2017/000000347174.jpg,1789050418467,200,,50.98,yolo26m_fp16,true,12.31,19.70,0.01,2
../../val2017/000000347254.jpg,1789050418468,200,,40.56,yolo26n_int8,true,16.00,10.37,0.00,3
../../val2017/000000347370.jpg,1789050418479,200,,30.47,yolo26n_int8,true,12.31,5.69,0.01,1
../../val2017/000000347265.jpg,1789050418510,200,,64.75,yolo26m_fp16,true,16.51,19.29,0.01,2
../../val2017/000000347664.jpg,1789050418511,200,,43.45,yolo26n_int8,true,14.29,9.67,0.01,14
../../val2017/000000347456.jpg,1789050418525,200,,56.92,yolo26m_fp16,true,13.75,27.08,0.01,2
../../val2017/000000348012.jpg,1789050418538,200,,58.68,yolo26m_fp16,true,13.28,34.48,0.01,2
../../val2017/000000349184.jpg,1789050418543,200,,32.80,yolo26n_int8,true,9.91,5.69,0.01,7
../../val2017/000000349860.jpg,1789050418562,200,,37.52,yolo26n_int8,true,12.85,10.84,0.01,4
../../val2017/000000350148.jpg,1789050418576,200,,32.87,yolo26n_int8,true,8.89,9.55,0.01,8
../../val2017/000000349302.jpg,1789050418578,200,,65.53,yolo26m_fp16,true,14.16,24.16,0.01,2
../../val2017/000000350054.jpg,1789050418591,200,,52.97,yolo26m_fp16,true,13.90,27.11,0.01,2
../../val2017/000000351559.jpg,1789050418608,200,,44.87,yolo26m_fp16,true,18.28,14.64,0.01,1
../../val2017/000000351589.jpg,1789050418622,200,,45.19,yolo26n_int8,true,15.42,12.43,0.01,2
../../val2017/000000352584.jpg,1789050418632,200,,40.71,yolo26n_int8,true,14.39,12.52,0.01,0
../../val2017/000000351810.jpg,1789050418633,200,,54.91,yolo26m_fp16,true,14.98,26.60,0.01,12
../../val2017/000000353180.jpg,1789050418653,200,,31.45,yolo26n_int8,true,10.45,10.82,0.01,10
../../val2017/000000353027.jpg,1789050418655,200,,47.50,yolo26m_fp16,true,13.50,19.68,0.01,3
../../val2017/000000355610.jpg,1789050418667,200,,34.30,yolo26n_int8,true,12.40,10.71,0.01,2
../../val2017/000000354072.jpg,1789050418676,200,,43.14,yolo26m_fp16,true,13.51,17.36,0.01,3
../../val2017/000000356248.jpg,1789050418700,200,,43.86,yolo26n_int8,true,10.94,11.26,0.01,10
../../val2017/000000355817.jpg,1789050418707,200,,53.29,yolo26m_fp16,true,11.77,19.93,0.01,2
../../val2017/000000356387.jpg,1789050418715,200,,39.08,yolo26n_int8,true,14.22,8.08,0.01,7
../../val2017/000000356261.jpg,1789050418727,200,,59.09,yolo26m_fp16,true,13.46,25.45,0.01,1
../../val2017/000000356498.jpg,1789050418744,200,,36.58,yolo26n_int8,true,10.90,12.09,0.01,0
../../val2017/000000356432.jpg,1789050418747,200,,47.01,yolo26m_fp16,true,13.79,19.76,0.01,4
../../val2017/000000357459.jpg,1789050418765,200,,49.33,yolo26m_fp16,true,11.45,17.03,0.01,3
../../val2017/000000357742.jpg,1789050418766,200,,39.47,yolo26n_int8,true,16.44,7.75,0.01,3
../../val2017/000000360097.jpg,1789050418774,200,,25.98,yolo26n_int8,true,9.74,5.76,0.01,1
../../val2017/000000359937.jpg,1789050418793,200,,49.20,yolo26m_fp16,true,13.99,14.51,0.01,2
../../val2017/000000361142.jpg,1789050418804,200,,37.85,yolo26n_int8,true,14.96,10.89,0.01,7
../../val2017/000000360325.jpg,1789050418820,200,,54.91,yolo26m_fp16,true,14.74,22.22,0.01,13
../../val2017/000000361506.jpg,1789050418838,200,,43.28,yolo26n_int8,true,17.67,10.52,0.01,1
../../val2017/000000361238.jpg,1789050418839,200,,64.83,yolo26m_fp16,true,13.45,31.48,0.01,11
../../val2017/000000361919.jpg,1789050418856,200,,35.57,yolo26n_int8,true,11.18,9.50,0.01,10
../../val2017/000000361621.jpg,1789050418857,200,,51.90,yolo26m_fp16,true,14.38,24.65,0.01,2
../../val2017/000000364884.jpg,1789050418875,200,,36.25,yolo26n_int8,true,12.63,8.16,0.01,1
../../val2017/000000364126.jpg,1789050418888,200,,49.55,yolo26m_fp16,true,14.53,18.44,0.01,2
../../val2017/000000365098.jpg,1789050418890,200,,33.94,yolo26n_int8,true,10.99,6.81,0.01,0
../../val2017/000000365207.jpg,1789050418910,200,,52.76,yolo26m_fp16,true,12.80,14.46,0.01,3
../../val2017/000000366141.jpg,1789050418928,200,,40.02,yolo26n_int8,true,14.57,11.45,0.01,2
../../val2017/000000365766.jpg,1789050418931,200,,55.81,yolo26m_fp16,true,13.94,23.73,0.01,4
../../val2017/000000366178.jpg,1789050418947,200,,56.08,yolo26m_fp16,true,14.95,29.17,0.01,4
../../val2017/000000366225.jpg,1789050418951,200,,41.59,yolo26n_int8,true,15.15,7.91,0.01,4
../../val2017/000000366884.jpg,1789050418963,200,,31.22,yolo26n_int8,true,11.90,5.70,0.01,3
../../val2017/000000366711.jpg,1789050418979,200,,50.45,yolo26m_fp16,true,13.17,14.96,0.01,4
../../val2017/000000367680.jpg,1789050418988,200,,35.91,yolo26n_int8,true,16.08,11.16,0.01,10
../../val2017/000000367228.jpg,1789050418997,200,,50.35,yolo26m_fp16,true,16.81,21.10,0.01,3
../../val2017/000000369541.jpg,1789050419013,200,,50.26,yolo26m_fp16,true,15.05,19.06,0.01,7
../../val2017/000000370478.jpg,1789050419018,200,,38.65,yolo26n_int8,true,13.96,7.47,0.01,3
../../val2017/000000370999.jpg,1789050419031,200,,33.04,yolo26n_int8,true,8.68,12.67,0.01,2
../../val2017/000000370818.jpg,1789050419035,200,,46.80,yolo26m_fp16,true,12.39,19.69,0.01,3
../../val2017/000000372349.jpg,1789050419056,200,,38.17,yolo26n_int8,true,13.65,10.96,0.01,2
../../val2017/000000374551.jpg,1789050419066,200,,30.92,yolo26n_int8,true,9.05,11.86,0.01,1
../../val2017/000000371552.jpg,1789050419072,200,,57.54,yolo26m_fp16,true,12.48,25.82,0.01,7
../../val2017/000000373705.jpg,1789050419087,200,,55.88,yolo26m_fp16,true,15.11,26.82,0.01,8
../../val2017/000000376307.jpg,1789050419100,200,,43.37,yolo26m_fp16,true,16.04,14.05,0.01,14
../../val2017/000000376856.jpg,1789050419110,200,,44.22,yolo26n_int8,true,14.94,8.27,0.01,1
../../val2017/000000376900.jpg,1789050419121,200,,48.79,yolo26m_fp16,true,14.76,16.32,0.01,15
../../val2017/000000377000.jpg,1789050419129,200,,41.94,yolo26n_int8,true,15.00,5.76,0.01,1
../../val2017/000000377670.jpg,1789050419154,200,,43.44,yolo26n_int8,true,14.66,10.09,0.01,3
../../val2017/000000377635.jpg,1789050419155,200,,54.55,yolo26m_fp16,true,12.40,19.51,0.01,6
../../val2017/000000377882.jpg,1789050419172,200,,42.32,yolo26n_int8,true,11.68,9.98,0.01,0
../../val2017/000000377723.jpg,1789050419173,200,,51.73,yolo26m_fp16,true,13.29,19.49,0.01,15
../../val2017/000000379453.jpg,1789050419184,200,,28.45,yolo26n_int8,true,13.72,5.71,0.01,1
../../val2017/000000378116.jpg,1789050419197,200,,42.77,yolo26m_fp16,true,12.16,14.89,0.01,2
../../val2017/000000382030.jpg,1789050419205,200,,31.56,yolo26n_int8,true,13.04,8.21,0.01,1
../../val2017/000000380913.jpg,1789050419218,200,,45.62,yolo26m_fp16,true,13.37,15.37,0.01,16
../../val2017/000000382122.jpg,1789050419238,200,,54.26,yolo26m_fp16,true,15.51,19.49,0.01,1
../../val2017/000000382734.jpg,1789050419239,200,,41.60,yolo26n_int8,true,13.70,10.09,0.01,0
../../val2017/000000383386.jpg,1789050419257,200,,51.78,yolo26m_fp16,true,13.91,21.07,0.01,4
../../val2017/000000383606.jpg,1789050419257,200,,39.11,yolo26n_int8,true,14.32,10.18,0.00,2
../../val2017/000000384527.jpg,1789050419279,200,,39.74,yolo26n_int8,true,12.50,10.70,0.01,7
../../val2017/000000383921.jpg,1789050419290,200,,51.73,yolo26m_fp16,true,12.41,17.92,0.01,13
../../val2017/000000386134.jpg,1789050419302,200,,44.30,yolo26n_int8,true,15.66,12.00,0.01,0
../../val2017/000000384666.jpg,1789050419310,200,,53.47,yolo26m_fp16,true,14.89,23.70,0.01,10
../../val2017/000000389197.jpg,1789050419331,200,,39.76,yolo26n_int8,true,14.27,10.07,0.01,5
../../val2017/000000387916.jpg,1789050419331,200,,51.56,yolo26m_fp16,true,14.52,19.61,0.01,14
../../val2017/000000389532.jpg,1789050419340,200,,29.20,yolo26n_int8,true,7.22,10.74,0.01,4
../../val2017/000000389451.jpg,1789050419351,200,,49.04,yolo26m_fp16,true,13.59,18.16,0.01,16
../../val2017/000000391140.jpg,1789050419368,200,,36.05,yolo26n_int8,true,12.79,8.23,0.01,1
../../val2017/000000389812.jpg,1789050419380,200,,49.48,yolo26m_fp16,true,12.14,15.64,0.01,2
../../val2017/000000393056.jpg,1789050419387,200,,35.33,yolo26n_int8,true,11.78,10.36,0.01,1
../../val2017/000000393014.jpg,1789050419402,200,,62.06,yolo26m_fp16,true,13.11,29.98,0.01,3
../../val2017/000000393093.jpg,1789050419418,200,,49.71,yolo26m_fp16,true,13.53,19.87,0.01,11
../../val2017/000000393226.jpg,1789050419425,200,,43.86,yolo26n_int8,true,14.29,9.57,0.01,7
../../val2017/000000395575.jpg,1789050419433,200,,46.16,yolo26m_fp16,true,15.25,15.61,0.01,3
../../val2017/000000396518.jpg,1789050419438,200,,35.01,yolo26n_int8,true,13.41,5.66,0.01,2
../../val2017/000000397354.jpg,1789050419460,200,,34.73,yolo26n_int8,true,13.11,8.32,0.01,15
../../val2017/000000399560.jpg,1789050419473,200,,34.64,yolo26n_int8,true,9.21,12.57,0.01,1
../../val2017/000000396580.jpg,1789050419477,200,,59.12,yolo26m_fp16,true,12.62,21.94,0.01,1
../../val2017/000000399296.jpg,1789050419490,200,,55.87,yolo26m_fp16,true,14.49,27.14,0.01,9
../../val2017/000000400082.jpg,1789050419505,200,,44.68,yolo26m_fp16,true,14.28,16.43,0.01,5
../../val2017/000000400573.jpg,1789050419529,200,,51.14,yolo26m_fp16,true,13.25,19.37,0.01,4
../../val2017/000000401244.jpg,1789050419529,200,,39.31,yolo26n_int8,true,13.51,9.93,0.01,2
../../val2017/000000400161.jpg,1789050419539,200,,64.63,yolo26n_int8,true,18.63,9.93,0.01,5
../../val2017/000000402096.jpg,1789050419548,200,,43.06,yolo26m_fp16,true,12.65,15.35,0.01,0
../../val2017/000000402334.jpg,1789050419561,200,,32.06,yolo26n_int8,true,12.31,5.71,0.01,2
../../val2017/000000402765.jpg,1789050419571,200,,32.29,yolo26n_int8,true,10.82,10.75,0.01,1
../../val2017/000000402615.jpg,1789050419583,200,,53.66,yolo26m_fp16,true,12.70,18.22,0.01,8
../../val2017/000000403122.jpg,1789050419600,200,,51.98,yolo26m_fp16,true,13.80,25.31,0.01,28
../../val2017/000000403385.jpg,1789050419601,200,,39.16,yolo26n_int8,true,15.27,10.57,0.01,3
../../val2017/000000404128.jpg,1789050419617,200,,33.20,yolo26n_int8,true,13.07,5.80,0.01,1
../../val2017/000000403584.jpg,1789050419635,200,,63.92,yolo26m_fp16,true,17.25,14.73,0.01,8
../../val2017/000000405691.jpg,1789050419643,200,,42.59,yolo26n_int8,true,14.99,10.95,0.01,6
../../val2017/000000404479.jpg,1789050419653,200,,52.54,yolo26m_fp16,true,13.65,24.52,0.01,2
../../val2017/000000407524.jpg,1789050419668,200,,32.56,yolo26n_int8,true,8.98,11.06,0.01,3
../../val2017/000000405972.jpg,1789050419674,200,,55.37,yolo26m_fp16,true,13.83,22.86,0.01,2
../../val2017/000000407825.jpg,1789050419687,200,,43.86,yolo26m_fp16,true,13.66,14.43,0.01,5
../../val2017/000000408120.jpg,1789050419699,200,,45.23,yolo26n_int8,true,19.96,5.78,0.01,2
../../val2017/000000410510.jpg,1789050419702,200,,28.63,yolo26n_int8,true,8.17,6.83,0.01,2
../../val2017/000000410496.jpg,1789050419722,200,,53.17,yolo26m_fp16,true,15.86,14.03,0.01,16
../../val2017/000000410880.jpg,1789050419738,200,,38.50,yolo26n_int8,true,14.01,11.72,0.01,3
../../val2017/000000410612.jpg,1789050419741,200,,53.70,yolo26m_fp16,true,13.17,28.57,0.01,2
../../val2017/000000411953.jpg,1789050419756,200,,53.70,yolo26m_fp16,true,14.48,24.48,0.01,3
../../val2017/000000412887.jpg,1789050419764,200,,41.86,yolo26n_int8,true,17.91,5.69,0.01,2
../../val2017/000000413552.jpg,1789050419774,200,,32.00,yolo26n_int8,true,7.85,13.68,0.01,1
../../val2017/000000413247.jpg,1789050419784,200,,45.71,yolo26m_fp16,true,13.06,17.61,0.01,4
../../val2017/000000414170.jpg,1789050419808,200,,51.10,yolo26m_fp16,true,13.53,19.97,0.01,7
../../val2017/000000415194.jpg,1789050419808,200,,43.77,yolo26n_int8,true,15.11,11.23,0.01,4
../../val2017/000000416256.jpg,1789050419826,200,,51.96,yolo26m_fp16,true,15.33,24.38,0.01,3
../../val2017/000000416745.jpg,1789050419826,200,,42.32,yolo26n_int8,true,15.29,10.98,0.01,1
../../val2017/000000416991.jpg,1789050419841,200,,32.76,yolo26n_int8,true,12.35,5.64,0.01,6
../../val2017/000000416758.jpg,1789050419861,200,,52.85,yolo26m_fp16,true,13.06,17.05,0.01,6
../../val2017/000000417465.jpg,1789050419863,200,,35.86,yolo26n_int8,true,10.13,10.95,0.01,3
../../val2017/000000417043.jpg,1789050419876,200,,49.47,yolo26m_fp16,true,14.41,20.75,0.01,1
../../val2017/000000417911.jpg,1789050419890,200,,48.29,yolo26m_fp16,true,15.48,15.55,0.01,2
../../val2017/000000419379.jpg,1789050419896,200,,34.44,yolo26n_int8,true,14.37,5.66,0.01,6
../../val2017/000000419653.jpg,1789050419918,200,,41.48,yolo26n_int8,true,14.46,11.89,0.01,7
../../val2017/000000419408.jpg,1789050419919,200,,55.69,yolo26m_fp16,true,12.70,20.35,0.01,11
../../val2017/000000419974.jpg,1789050419935,200,,39.21,yolo26n_int8,true,12.48,12.52,0.01,7
../../val2017/000000419882.jpg,1789050419941,200,,51.11,yolo26m_fp16,true,15.00,20.04,0.01,6
../../val2017/000000420840.jpg,1789050419958,200,,38.13,yolo26n_int8,true,13.75,10.84,0.01,3
../../val2017/000000420281.jpg,1789050419967,200,,48.61,yolo26m_fp16,true,13.33,19.40,0.01,4
../../val2017/000000423617.jpg,1789050419982,200,,40.43,yolo26n_int8,true,10.51,12.29,0.01,9
../../val2017/000000422886.jpg,1789050419993,200,,56.51,yolo26m_fp16,true,16.07,19.57,0.01,2
../../val2017/000000424162.jpg,1789050420014,200,,46.58,yolo26n_int8,true,14.18,10.81,0.01,8
../../val2017/000000423798.jpg,1789050420014,200,,56.07,yolo26m_fp16,true,13.23,27.16,0.01,5
../../val2017/000000424545.jpg,1789050420031,200,,38.30,yolo26n_int8,true,14.16,11.06,0.01,1
../../val2017/000000424349.jpg,1789050420032,200,,49.80,yolo26m_fp16,true,13.53,21.99,0.01,4
../../val2017/000000424642.jpg,1789050420058,200,,43.19,yolo26n_int8,true,15.66,11.33,0.01,4
../../val2017/000000424551.jpg,1789050420060,200,,45.99,yolo26m_fp16,true,11.84,19.82,0.01,3
../../val2017/000000426241.jpg,1789050420073,200,,40.96,yolo26n_int8,true,13.71,12.38,0.01,6
../../val2017/000000425906.jpg,1789050420079,200,,47.61,yolo26m_fp16,true,12.16,20.72,0.01,11
../../val2017/000000428867.jpg,1789050420096,200,,36.28,yolo26n_int8,true,14.83,10.52,0.01,6
../../val2017/000000430871.jpg,1789050420109,200,,29.85,yolo26n_int8,true,9.83,9.51,0.01,1
../../val2017/000000427649.jpg,1789050420111,200,,52.75,yolo26m_fp16,true,13.82,24.46,0.01,1
../../val2017/000000429598.jpg,1789050420125,200,,51.55,yolo26m_fp16,true,15.15,18.59,0.01,4
../../val2017/000000430961.jpg,1789050420139,200,,42.48,yolo26m_fp16,true,14.33,21.02,0.01,8
../../val2017/000000431876.jpg,1789050420160,200,,50.17,yolo26n_int8,true,14.97,11.10,0.01,8
../../val2017/000000432898.jpg,1789050420164,200,,53.30,yolo26m_fp16,true,16.13,22.29,0.01,25
../../val2017/000000433243.jpg,1789050420168,200,,42.21,yolo26n_int8,true,13.08,7.98,0.01,2
../../val2017/000000433374.jpg,1789050420183,200,,43.55,yolo26m_fp16,true,12.90,14.49,0.01,7
../../val2017/000000434247.jpg,1789050420198,200,,38.17,yolo26n_int8,true,13.22,8.22,0.01,6
../../val2017/000000434548.jpg,1789050420210,200,,41.53,yolo26n_int8,true,12.93,12.02,0.01,3
../../val2017/000000434479.jpg,1789050420215,200,,50.70,yolo26m_fp16,true,13.49,21.92,0.01,2
../../val2017/000000437110.jpg,1789050420229,200,,45.59,yolo26m_fp16,true,14.09,14.07,0.01,1
../../val2017/000000437898.jpg,1789050420234,200,,35.33,yolo26n_int8,true,15.18,5.78,0.01,4
../../val2017/000000439994.jpg,1789050420255,200,,39.65,yolo26n_int8,true,12.00,12.61,0.01,3
../../val2017/000000439180.jpg,1789050420261,200,,50.51,yolo26m_fp16,true,12.93,20.15,0.02,31
../../val2017/000000441553.jpg,1789050420275,200,,40.44,yolo26n_int8,true,13.92,12.40,0.01,9
../../val2017/000000441247.jpg,1789050420283,200,,53.36,yolo26m_fp16,true,13.87,22.48,0.01,17
../../val2017/000000442463.jpg,1789050420292,200,,30.49,yolo26n_int8,true,10.19,8.30,0.01,2
../../val2017/000000441586.jpg,1789050420304,200,,48.88,yolo26m_fp16,true,13.15,16.09,0.01,11
../../val2017/000000442661.jpg,1789050420319,200,,43.79,yolo26m_fp16,true,13.59,14.43,0.01,1
../../val2017/000000442836.jpg,1789050420337,200,,52.71,yolo26n_int8,true,14.62,13.26,0.01,3
../../val2017/000000445722.jpg,1789050420344,200,,39.26,yolo26n_int8,true,11.20,16.26,0.01,3
../../val2017/000000445602.jpg,1789050420347,200,,54.41,yolo26m_fp16,true,14.88,25.54,0.01,7
../../val2017/000000445846.jpg,1789050420365,200,,46.01,yolo26m_fp16,true,15.39,14.59,0.01,2
../../val2017/000000445999.jpg,1789050420368,200,,31.37,yolo26n_int8,true,14.22,5.74,0.01,1
../../val2017/000000446522.jpg,1789050420390,200,,42.89,yolo26n_int8,true,13.20,12.70,0.01,4
../../val2017/000000446207.jpg,1789050420397,200,,52.37,yolo26m_fp16,true,13.67,19.92,0.01,1
../../val2017/000000446574.jpg,1789050420410,200,,44.85,yolo26m_fp16,true,14.48,16.60,0.01,4
../../val2017/000000447313.jpg,1789050420414,200,,44.91,yolo26n_int8,true,14.27,5.58,0.01,2
../../val2017/000000447314.jpg,1789050420431,200,,40.40,yolo26m_fp16,true,13.11,14.12,0.01,8
../../val2017/000000448448.jpg,1789050420445,200,,46.90,yolo26n_int8,true,15.81,10.83,0.01,1
../../val2017/000000449996.jpg,1789050420456,200,,41.94,yolo26n_int8,true,13.01,13.34,0.01,4
../../val2017/000000449579.jpg,1789050420460,200,,49.10,yolo26m_fp16,true,13.18,22.95,0.01,2
../../val2017/000000450100.jpg,1789050420477,200,,45.85,yolo26m_fp16,true,13.38,17.69,0.01,7
../../val2017/000000451043.jpg,1789050420477,200,,31.50,yolo26n_int8,true,9.84,8.61,0.01,1
../../val2017/000000451155.jpg,1789050420491,200,,31.16,yolo26n_int8,true,12.18,8.07,0.01,2
../../val2017/000000451144.jpg,1789050420504,200,,47.81,yolo26m_fp16,true,12.55,15.67,0.01,5
../../val2017/000000452084.jpg,1789050420517,200,,39.98,yolo26n_int8,true,8.23,13.03,0.01,0
../../val2017/000000452784.jpg,1789050420529,200,,51.41,yolo26m_fp16,true,14.60,20.34,0.01,4
../../val2017/000000453040.jpg,1789050420546,200,,40.70,yolo26n_int8,true,13.53,10.06,0.01,0
../../val2017/000000452891.jpg,1789050420547,200,,55.84,yolo26m_fp16,true,15.48,21.78,0.01,3
../../val2017/000000453860.jpg,1789050420563,200,,45.60,yolo26m_fp16,true,13.28,19.79,0.01,2
../../val2017/000000453981.jpg,1789050420564,200,,35.01,yolo26n_int8,true,12.38,6.74,0.01,1
../../val2017/000000454798.jpg,1789050420591,200,,43.00,yolo26n_int8,true,12.70,12.68,0.01,3
../../val2017/000000456292.jpg,1789050420599,200,,34.65,yolo26n_int8,true,9.35,14.43,0.01,0
../../val2017/000000454661.jpg,1789050420601,200,,55.51,yolo26m_fp16,true,12.98,25.05,0.01,9
../../val2017/000000455219.jpg,1789050420615,200,,51.88,yolo26m_fp16,true,12.85,19.09,0.01,4
../../val2017/000000457884.jpg,1789050420643,200,,43.69,yolo26n_int8,true,14.17,11.89,0.01,5
../../val2017/000000457262.jpg,1789050420644,200,,52.91,yolo26m_fp16,true,16.29,20.22,0.01,3
../../val2017/000000458410.jpg,1789050420661,200,,45.61,yolo26n_int8,true,12.77,12.73,0.02,2
../../val2017/000000458255.jpg,1789050420664,200,,61.96,yolo26m_fp16,true,15.48,27.19,0.01,4
../../val2017/000000459757.jpg,1789050420688,200,,44.11,yolo26n_int8,true,13.90,12.05,0.01,1
../../val2017/000000460494.jpg,1789050420700,200,,36.12,yolo26n_int8,true,10.60,9.86,0.01,4
../../val2017/000000458702.jpg,1789050420701,200,,57.92,yolo26m_fp16,true,12.52,25.26,0.01,4
../../val2017/000000460333.jpg,1789050420716,200,,54.59,yolo26m_fp16,true,14.47,20.75,0.01,4
../../val2017/000000460682.jpg,1789050420730,200,,41.42,yolo26m_fp16,true,14.75,17.61,0.01,1
../../val2017/000000460683.jpg,1789050420743,200,,42.13,yolo26n_int8,true,14.86,11.89,0.01,4
../../val2017/000000460927.jpg,1789050420750,200,,48.24,yolo26m_fp16,true,14.42,21.66,0.01,1
../../val2017/000000461573.jpg,1789050420757,200,,40.60,yolo26n_int8,true,14.98,5.78,0.01,1
../../val2017/000000461751.jpg,1789050420778,200,,47.35,yolo26m_fp16,true,14.28,14.50,0.01,6
../../val2017/000000462614.jpg,1789050420790,200,,46.65,yolo26n_int8,true,14.64,10.73,0.01,4
../../val2017/000000462728.jpg,1789050420801,200,,43.76,yolo26n_int8,true,13.65,15.51,0.01,2
../../val2017/000000462629.jpg,1789050420805,200,,54.92,yolo26m_fp16,true,15.36,24.20,0.01,9
../../val2017/000000463037.jpg,1789050420822,200,,44.53,yolo26m_fp16,true,12.43,17.10,0.01,2
../../val2017/000000463522.jpg,1789050420825,200,,34.75,yolo26n_int8,true,13.94,7.34,0.01,7
../../val2017/000000463802.jpg,1789050420845,200,,40.24,yolo26n_int8,true,14.44,11.24,0.01,1
../../val2017/000000463618.jpg,1789050420855,200,,53.43,yolo26m_fp16,true,12.69,19.82,0.01,6
../../val2017/000000465430.jpg,1789050420865,200,,39.46,yolo26n_int8,true,12.34,12.47,0.01,3
../../val2017/000000464358.jpg,1789050420876,200,,53.02,yolo26m_fp16,true,13.25,25.11,0.01,3
../../val2017/000000465585.jpg,1789050420892,200,,46.34,yolo26m_fp16,true,13.39,19.15,0.01,9
../../val2017/000000469067.jpg,1789050420894,200,,38.51,yolo26n_int8,true,14.65,9.00,0.00,2
../../val2017/000000470924.jpg,1789050420913,200,,36.55,yolo26n_int8,true,9.95,11.50,0.01,16
../../val2017/000000469192.jpg,1789050420918,200,,52.35,yolo26m_fp16,true,13.20,19.85,0.01,13
../../val2017/000000471991.jpg,1789050420935,200,,41.90,yolo26n_int8,true,12.27,10.84,0.01,1
../../val2017/000000472623.jpg,1789050420942,200,,48.36,yolo26m_fp16,true,13.71,19.77,0.01,4
../../val2017/000000473121.jpg,1789050420947,200,,28.71,yolo26n_int8,true,9.02,5.95,0.01,1
../../val2017/000000473015.jpg,1789050420962,200,,48.62,yolo26m_fp16,true,13.64,14.05,0.01,1
../../val2017/000000473821.jpg,1789050420977,200,,40.87,yolo26m_fp16,true,15.44,14.43,0.01,6
../../val2017/000000473974.jpg,1789050420989,200,,46.14,yolo26n_int8,true,14.61,8.21,0.01,5
../../val2017/000000474164.jpg,1789050420999,200,,51.50,yolo26m_fp16,true,13.34,16.05,0.01,3
../../val2017/000000474293.jpg,1789050421007,200,,44.81,yolo26n_int8,true,18.81,6.46,0.01,1
../../val2017/000000474452.jpg,1789050421024,200,,46.80,yolo26m_fp16,true,15.06,19.03,0.01,10
../../val2017/000000474786.jpg,1789050421025,200,,36.01,yolo26n_int8,true,15.27,10.47,0.01,4
../../val2017/000000475572.jpg,1789050421045,200,,37.95,yolo26n_int8,true,13.52,12.47,0.01,4
../../val2017/000000474881.jpg,1789050421050,200,,50.90,yolo26m_fp16,true,12.48,20.06,0.01,4
../../val2017/000000476514.jpg,1789050421066,200,,40.22,yolo26n_int8,true,9.85,11.62,0.01,3
../../val2017/000000476491.jpg,1789050421072,200,,47.96,yolo26m_fp16,true,14.34,20.19,0.01,1
../../val2017/000000477118.jpg,1789050421092,200,,40.33,yolo26n_int8,true,15.31,10.58,0.01,0
../../val2017/000000476787.jpg,1789050421097,200,,50.97,yolo26m_fp16,true,12.62,20.38,0.01,10
../../val2017/000000477288.jpg,1789050421114,200,,47.62,yolo26m_fp16,true,12.60,19.47,0.01,18
../../val2017/000000477955.jpg,1789050421117,200,,44.41,yolo26n_int8,true,15.45,7.13,0.01,3
../../val2017/000000479596.jpg,1789050421131,200,,33.15,yolo26n_int8,true,8.77,10.94,0.01,3
../../val2017/000000479448.jpg,1789050421141,200,,48.31,yolo26m_fp16,true,13.86,20.20,0.01,14
../../val2017/000000480122.jpg,1789050421167,200,,45.18,yolo26n_int8,true,14.96,9.75,0.01,12
../../val2017/000000479953.jpg,1789050421167,200,,52.69,yolo26m_fp16,true,12.71,19.74,0.01,2
../../val2017/000000481413.jpg,1789050421179,200,,37.91,yolo26n_int8,true,8.98,14.64,0.01,2
../../val2017/000000480212.jpg,1789050421187,200,,54.58,yolo26m_fp16,true,14.38,19.72,0.01,4
../../val2017/000000482719.jpg,1789050421213,200,,44.00,yolo26n_int8,true,12.38,12.14,0.01,1
../../val2017/000000482477.jpg,1789050421216,200,,48.33,yolo26m_fp16,true,13.06,19.59,0.01,1
../../val2017/000000484296.jpg,1789050421233,200,,45.77,yolo26n_int8,true,8.57,12.20,0.01,2
../../val2017/000000483999.jpg,1789050421237,200,,56.61,yolo26m_fp16,true,17.17,23.33,0.02,42
../../val2017/000000484404.jpg,1789050421255,200,,38.07,yolo26n_int8,true,12.53,10.87,0.01,4
../../val2017/000000485027.jpg,1789050421267,200,,29.21,yolo26n_int8,true,9.07,9.25,0.01,3
../../val2017/000000484351.jpg,1789050421269,200,,55.04,yolo26m_fp16,true,12.76,22.21,0.01,28
../../val2017/000000484893.jpg,1789050421284,200,,49.60,yolo26m_fp16,true,13.92,16.23,0.01,7
../../val2017/000000485480.jpg,1789050421305,200,,36.57,yolo26n_int8,true,12.29,12.35,0.01,5
../../val2017/000000485130.jpg,1789050421312,200,,56.83,yolo26m_fp16,true,17.95,19.71,0.01,1
../../val2017/000000486112.jpg,1789050421329,200,,44.62,yolo26n_int8,true,14.01,12.83,0.01,2
../../val2017/000000485802.jpg,1789050421332,200,,61.12,yolo26m_fp16,true,12.64,37.10,0.01,1
../../val2017/000000488592.jpg,1789050421351,200,,45.88,yolo26m_fp16,true,12.58,14.13,0.01,9
../../val2017/000000488736.jpg,1789050421356,200,,42.47,yolo26n_int8,true,13.86,5.73,0.01,3
../../val2017/000000489764.jpg,1789050421366,200,,33.83,yolo26n_int8,true,13.37,5.72,0.01,2
../../val2017/000000489611.jpg,1789050421385,200,,55.08,yolo26m_fp16,true,16.04,14.51,0.01,4
../../val2017/000000489924.jpg,1789050421399,200,,42.73,yolo26n_int8,true,15.75,11.52,0.01,4
../../val2017/000000489842.jpg,1789050421408,200,,56.08,yolo26m_fp16,true,14.57,23.15,0.01,26
../../val2017/000000490125.jpg,1789050421419,200,,52.22,yolo26m_fp16,true,15.19,23.24,0.01,17
../../val2017/000000490936.jpg,1789050421424,200,,38.35,yolo26n_int8,true,14.45,5.86,0.01,9
../../val2017/000000491464.jpg,1789050421450,200,,40.91,yolo26n_int8,true,15.88,10.74,0.01,1
../../val2017/000000491213.jpg,1789050421452,200,,51.71,yolo26m_fp16,true,12.35,19.88,0.01,7
../../val2017/000000492284.jpg,1789050421461,200,,36.27,yolo26n_int8,true,9.89,10.82,0.01,3
../../val2017/000000491867.jpg,1789050421473,200,,52.83,yolo26m_fp16,true,14.49,18.12,0.01,7
../../val2017/000000492968.jpg,1789050421493,200,,42.19,yolo26m_fp16,true,13.05,17.02,0.01,2
../../val2017/000000493799.jpg,1789050421498,200,,45.82,yolo26n_int8,true,15.28,10.42,0.01,4
../../val2017/000000494913.jpg,1789050421508,200,,34.90,yolo26n_int8,true,8.87,13.07,0.01,3
../../val2017/000000493864.jpg,1789050421514,200,,51.66,yolo26m_fp16,true,13.46,21.49,0.01,4
../../val2017/000000495054.jpg,1789050421537,200,,43.71,yolo26m_fp16,true,12.52,17.16,0.01,5
../../val2017/000000495448.jpg,1789050421540,200,,41.49,yolo26n_int8,true,14.75,6.99,0.01,0
../../val2017/000000499181.jpg,1789050421556,200,,41.81,yolo26n_int8,true,12.73,11.42,0.01,7
../../val2017/000000496571.jpg,1789050421564,200,,54.86,yolo26m_fp16,true,14.29,19.83,0.01,14
../../val2017/000000500464.jpg,1789050421587,200,,45.97,yolo26n_int8,true,13.85,11.09,0.01,1
../../val2017/000000499768.jpg,1789050421588,200,,49.63,yolo26m_fp16,true,12.80,20.16,0.00,2
../../val2017/000000502168.jpg,1789050421606,200,,41.16,yolo26n_int8,true,12.05,10.72,0.01,9
../../val2017/000000500663.jpg,1789050421606,200,,49.44,yolo26m_fp16,true,13.48,22.05,0.01,4
../../val2017/000000502732.jpg,1789050421627,200,,38.43,yolo26n_int8,true,13.08,10.96,0.01,1
../../val2017/000000502737.jpg,1789050421637,200,,48.80,yolo26m_fp16,true,14.03,19.47,0.01,4
../../val2017/000000503855.jpg,1789050421647,200,,38.85,yolo26n_int8,true,10.39,10.62,0.01,17
../../val2017/000000503841.jpg,1789050421662,200,,55.15,yolo26m_fp16,true,16.61,18.44,0.01,2
../../val2017/000000505573.jpg,1789050421674,200,,35.53,yolo26n_int8,true,13.73,11.23,0.01,1
../../val2017/000000505565.jpg,1789050421684,200,,55.77,yolo26m_fp16,true,14.88,19.01,0.01,3
../../val2017/000000507015.jpg,1789050421697,200,,34.16,yolo26n_int8,true,8.75,11.99,0.01,10
../../val2017/000000506178.jpg,1789050421703,200,,55.43,yolo26m_fp16,true,15.22,27.54,0.01,3
../../val2017/000000508101.jpg,1789050421725,200,,40.06,yolo26n_int8,true,13.78,12.59,0.01,2
../../val2017/000000507797.jpg,1789050421726,200,,51.30,yolo26m_fp16,true,12.12,23.35,0.01,16
../../val2017/000000508639.jpg,1789050421739,200,,35.55,yolo26n_int8,true,8.27,12.30,0.01,0
../../val2017/000000508586.jpg,1789050421746,200,,48.62,yolo26m_fp16,true,12.37,20.41,0.01,8
../../val2017/000000509699.jpg,1789050421769,200,,43.12,yolo26n_int8,true,14.06,12.62,0.01,2
../../val2017/000000509131.jpg,1789050421774,200,,48.05,yolo26m_fp16,true,13.25,19.85,0.01,7
../../val2017/000000511398.jpg,1789050421786,200,,39.16,yolo26n_int8,true,8.58,13.17,0.01,1
../../val2017/000000510329.jpg,1789050421793,200,,53.39,yolo26m_fp16,true,12.14,20.26,0.02,5
../../val2017/000000512929.jpg,1789050421819,200,,44.59,yolo26n_int8,true,15.21,11.15,0.01,3
../../val2017/000000511999.jpg,1789050421821,200,,50.45,yolo26m_fp16,true,12.93,20.01,0.01,7
../../val2017/000000513484.jpg,1789050421830,200,,36.01,yolo26n_int8,true,8.03,10.88,0.01,1
../../val2017/000000513283.jpg,1789050421840,200,,53.25,yolo26m_fp16,true,13.30,26.84,0.01,4
../../val2017/000000513580.jpg,1789050421862,200,,40.49,yolo26n_int8,true,13.51,13.03,0.01,3
../../val2017/000000514797.jpg,1789050421874,200,,33.32,yolo26n_int8,true,9.23,9.46,0.01,4
../../val2017/000000513567.jpg,1789050421874,200,,54.85,yolo26m_fp16,true,13.39,25.20,0.01,16
../../val2017/000000514586.jpg,1789050421894,200,,63.45,yolo26m_fp16,true,16.17,28.22,0.01,6
../../val2017/000000516601.jpg,1789050421906,200,,43.43,yolo26m_fp16,true,15.38,15.15,0.01,13
../../val2017/000000517069.jpg,1789050421921,200,,44.71,yolo26n_int8,true,15.82,12.88,0.01,5
../../val2017/000000518770.jpg,1789050421933,200,,38.01,yolo26n_int8,true,14.06,11.36,0.01,10
../../val2017/000000516871.jpg,1789050421938,200,,62.86,yolo26m_fp16,true,15.74,25.38,0.01,3
../../val2017/000000520832.jpg,1789050421962,200,,40.29,yolo26n_int8,true,14.44,11.22,0.01,2
../../val2017/000000520264.jpg,1789050421963,200,,55.56,yolo26m_fp16,true,13.08,20.88,0.01,13
../../val2017/000000522713.jpg,1789050421973,200,,34.21,yolo26n_int8,true,8.46,11.43,0.01,3
../../val2017/000000521956.jpg,1789050421984,200,,50.37,yolo26m_fp16,true,15.11,19.32,0.01,3
../../val2017/000000523782.jpg,1789050422002,200,,38.90,yolo26n_int8,true,13.84,11.62,0.01,2
../../val2017/000000522751.jpg,1789050422009,200,,45.94,yolo26m_fp16,true,13.70,20.08,0.01,6
../../val2017/000000525083.jpg,1789050422024,200,,40.02,yolo26n_int8,true,13.06,12.25,0.01,4
../../val2017/000000523811.jpg,1789050422029,200,,55.15,yolo26m_fp16,true,15.07,25.18,0.01,1
../../val2017/000000526728.jpg,1789050422047,200,,44.39,yolo26m_fp16,true,13.05,17.30,0.01,12
../../val2017/000000526751.jpg,1789050422050,200,,39.33,yolo26n_int8,true,15.44,8.64,0.01,2
../../val2017/000000530052.jpg,1789050422075,200,,44.51,yolo26n_int8,true,12.11,12.21,0.01,0
../../val2017/000000527215.jpg,1789050422079,200,,54.20,yolo26m_fp16,true,12.15,19.61,0.01,7
../../val2017/000000530466.jpg,1789050422091,200,,39.59,yolo26n_int8,true,8.66,12.17,0.01,1
../../val2017/000000530099.jpg,1789050422099,200,,50.69,yolo26m_fp16,true,14.59,24.76,0.01,2
../../val2017/000000531134.jpg,1789050422120,200,,40.22,yolo26n_int8,true,13.66,10.89,0.01,8
../../val2017/000000530470.jpg,1789050422121,200,,46.22,yolo26m_fp16,true,13.99,20.54,0.01,4
../../val2017/000000531495.jpg,1789050422139,200,,39.78,yolo26n_int8,true,10.63,11.02,0.01,0
../../val2017/000000531135.jpg,1789050422141,200,,49.27,yolo26m_fp16,true,13.62,22.15,0.01,12
../../val2017/000000533536.jpg,1789050422163,200,,41.30,yolo26n_int8,true,13.98,12.03,0.01,2
../../val2017/000000535306.jpg,1789050422173,200,,31.13,yolo26n_int8,true,8.49,11.15,0.01,2
../../val2017/000000532761.jpg,1789050422177,200,,55.38,yolo26m_fp16,true,12.48,25.51,0.01,8
../../val2017/000000533816.jpg,1789050422190,200,,49.20,yolo26m_fp16,true,13.03,19.66,0.01,30
../../val2017/000000536073.jpg,1789050422215,200,,50.62,yolo26m_fp16,true,14.17,17.21,0.01,4
../../val2017/000000537812.jpg,1789050422218,200,,44.01,yolo26n_int8,true,16.14,9.30,0.01,1
../../val2017/000000540466.jpg,1789050422235,200,,43.25,yolo26n_int8,true,14.30,10.61,0.01,1
../../val2017/000000540280.jpg,1789050422235,200,,57.48,yolo26m_fp16,true,15.35,28.14,0.01,2
../../val2017/000000540932.jpg,1789050422261,200,,41.92,yolo26n_int8,true,13.84,10.85,0.01,7
../../val2017/000000540502.jpg,1789050422266,200,,51.00,yolo26m_fp16,true,12.72,19.83,0.01,11
../../val2017/000000541123.jpg,1789050422284,200,,48.77,yolo26n_int8,true,13.64,11.32,0.01,7
../../val2017/000000541055.jpg,1789050422285,200,,49.75,yolo26m_fp16,true,13.65,24.41,0.01,8
../../val2017/000000544605.jpg,1789050422300,200,,33.18,yolo26n_int8,true,13.68,8.41,0.01,0
../../val2017/000000541634.jpg,1789050422310,200,,48.37,yolo26m_fp16,true,14.53,14.63,0.01,5
../../val2017/000000545594.jpg,1789050422335,200,,49.32,yolo26n_int8,true,14.99,10.67,0.01,4
../../val2017/000000544811.jpg,1789050422336,200,,50.71,yolo26m_fp16,true,13.79,20.14,0.01,2
../../val2017/000000546659.jpg,1789050422352,200,,41.15,yolo26n_int8,true,8.77,13.01,0.01,1
../../val2017/000000546325.jpg,1789050422357,200,,56.35,yolo26m_fp16,true,13.97,24.85,0.01,4
../../val2017/000000546826.jpg,1789050422372,200,,35.67,yolo26n_int8,true,12.50,10.61,0.01,0
../../val2017/000000546717.jpg,1789050422381,200,,45.80,yolo26m_fp16,true,12.92,17.66,0.01,6
../../val2017/000000547502.jpg,1789050422401,200,,41.25,yolo26n_int8,true,10.35,9.36,0.01,9
../../val2017/000000547144.jpg,1789050422402,200,,48.83,yolo26m_fp16,true,12.66,19.78,0.01,10
../../val2017/000000548246.jpg,1789050422416,200,,43.34,yolo26m_fp16,true,13.31,15.56,0.01,16
../../val2017/000000548339.jpg,1789050422428,200,,45.70,yolo26n_int8,true,14.40,5.98,0.01,2
../../val2017/000000548524.jpg,1789050422437,200,,34.53,yolo26n_int8,true,8.89,10.65,0.01,2
../../val2017/000000549738.jpg,1789050422447,200,,45.15,yolo26m_fp16,true,14.95,17.66,0.01,11
../../val2017/000000549930.jpg,1789050422467,200,,50.40,yolo26m_fp16,true,14.35,20.06,0.01,10
../../val2017/000000550471.jpg,1789050422468,200,,38.92,yolo26n_int8,true,14.28,10.00,0.01,1
../../val2017/000000550797.jpg,1789050422481,200,,43.69,yolo26m_fp16,true,13.37,17.60,0.01,1
../../val2017/000000551304.jpg,1789050422486,200,,37.78,yolo26n_int8,true,14.49,5.55,0.01,1
../../val2017/000000554266.jpg,1789050422507,200,,39.34,yolo26m_fp16,true,11.62,16.66,0.01,6
../../val2017/000000554328.jpg,1789050422510,200,,41.38,yolo26n_int8,true,14.30,6.88,0.01,4
../../val2017/000000555009.jpg,1789050422522,200,,35.55,yolo26n_int8,true,13.61,12.51,0.01,6
../../val2017/000000554735.jpg,1789050422530,200,,47.82,yolo26m_fp16,true,12.63,20.35,0.01,2
../../val2017/000000557501.jpg,1789050422553,200,,41.71,yolo26n_int8,true,13.46,11.90,0.01,2
../../val2017/000000555412.jpg,1789050422560,200,,52.05,yolo26m_fp16,true,12.36,20.30,0.01,1
../../val2017/000000559547.jpg,1789050422571,200,,40.50,yolo26n_int8,true,13.27,10.78,0.01,5
../../val2017/000000558114.jpg,1789050422582,200,,58.92,yolo26m_fp16,true,13.97,24.24,0.01,11
../../val2017/000000560178.jpg,1789050422593,200,,40.04,yolo26m_fp16,true,13.20,14.99,0.01,2
../../val2017/000000560474.jpg,1789050422603,200,,41.61,yolo26n_int8,true,14.72,5.74,0.01,6
../../val2017/000000560880.jpg,1789050422616,200,,44.19,yolo26m_fp16,true,12.52,14.13,0.01,3
../../val2017/000000561958.jpg,1789050422621,200,,38.23,yolo26n_int8,true,14.77,5.65,0.01,10
../../val2017/000000562443.jpg,1789050422645,200,,41.55,yolo26n_int8,true,10.37,12.50,0.01,1
../../val2017/000000562243.jpg,1789050422646,200,,51.32,yolo26m_fp16,true,13.69,19.61,0.01,2
../../val2017/000000562843.jpg,1789050422661,200,,38.79,yolo26n_int8,true,13.18,12.30,0.01,3
../../val2017/000000562561.jpg,1789050422665,200,,49.01,yolo26m_fp16,true,13.56,20.25,0.01,2
../../val2017/000000563604.jpg,1789050422690,200,,43.81,yolo26n_int8,true,13.09,11.38,0.01,11
../../val2017/000000564127.jpg,1789050422701,200,,35.57,yolo26n_int8,true,12.48,11.03,0.00,1
../../val2017/000000563267.jpg,1789050422703,200,,57.21,yolo26m_fp16,true,13.53,25.38,0.01,10
../../val2017/000000564091.jpg,1789050422718,200,,57.08,yolo26m_fp16,true,14.12,28.12,0.01,5
../../val2017/000000564133.jpg,1789050422736,200,,44.88,yolo26m_fp16,true,13.66,14.18,0.01,5
../../val2017/000000565012.jpg,1789050422748,200,,45.60,yolo26n_int8,true,15.01,11.46,0.01,2
../../val2017/000000568147.jpg,1789050422759,200,,54.27,yolo26m_fp16,true,15.96,23.24,0.01,7
../../val2017/000000568584.jpg,1789050422760,200,,41.14,yolo26n_int8,true,16.25,7.62,0.01,3
../../val2017/000000569059.jpg,1789050422782,200,,32.98,yolo26n_int8,true,9.12,12.72,0.01,5
../../val2017/000000568690.jpg,1789050422786,200,,49.37,yolo26m_fp16,true,11.97,20.03,0.01,2
../../val2017/000000570664.jpg,1789050422795,200,,34.70,yolo26n_int8,true,13.00,5.60,0.01,5
../../val2017/000000569273.jpg,1789050422807,200,,47.48,yolo26m_fp16,true,13.31,14.51,0.01,6
../../val2017/000000571804.jpg,1789050422827,200,,44.75,yolo26m_fp16,true,13.17,17.09,0.01,9
../../val2017/000000573391.jpg,1789050422831,200,,43.72,yolo26n_int8,true,8.88,9.55,0.01,1
../../val2017/000000575243.jpg,1789050422848,200,,39.99,yolo26n_int8,true,13.44,11.29,0.01,6
../../val2017/000000575081.jpg,1789050422848,200,,52.19,yolo26m_fp16,true,16.05,23.73,0.01,3
../../val2017/000000576566.jpg,1789050422863,200,,31.24,yolo26n_int8,true,8.25,11.15,0.01,1
../../val2017/000000575372.jpg,1789050422874,200,,45.72,yolo26m_fp16,true,12.53,19.16,0.01,4
../../val2017/000000577735.jpg,1789050422891,200,,42.09,yolo26n_int8,true,14.12,11.23,0.01,2
../../val2017/000000577584.jpg,1789050422900,200,,51.42,yolo26m_fp16,true,13.60,20.78,0.01,3
../../val2017/000000577864.jpg,1789050422909,200,,34.81,yolo26n_int8,true,9.19,11.82,0.01,3
../../val2017/000000577862.jpg,1789050422919,200,,55.54,yolo26m_fp16,true,13.39,20.61,0.01,2
../../val2017/000000577976.jpg,1789050422940,200,,39.51,yolo26n_int8,true,13.07,11.03,0.01,4
../../val2017/000000578489.jpg,1789050422951,200,,31.85,yolo26n_int8,true,9.04,12.04,0.01,7
../../val2017/000000577932.jpg,1789050422956,200,,63.81,yolo26m_fp16,true,12.78,24.66,0.01,20
../../val2017/000000578093.jpg,1789050422970,200,,59.42,yolo26m_fp16,true,14.09,25.66,0.01,7
../../val2017/000000578500.jpg,1789050422982,200,,41.17,yolo26m_fp16,true,14.66,16.88,0.01,13
../../val2017/000000578922.jpg,1789050423002,200,,49.16,yolo26n_int8,true,15.68,12.37,0.01,4
../../val2017/000000578967.jpg,1789050423012,200,,54.82,yolo26m_fp16,true,13.11,24.91,0.01,1
../../val2017/000000579070.jpg,1789050423017,200,,46.34,yolo26n_int8,true,14.27,12.22,0.01,24
../../val2017/000000579900.jpg,1789050423027,200,,44.55,yolo26m_fp16,true,14.49,14.33,0.01,11
../../val2017/000000581062.jpg,1789050423035,200,,32.53,yolo26n_int8,true,15.96,5.78,0.01,1
../../val2017/000000581317.jpg,1789050423054,200,,36.39,yolo26n_int8,true,12.51,10.76,0.01,2
../../val2017/000000581206.jpg,1789050423062,200,,48.09,yolo26m_fp16,true,12.49,18.36,0.01,4
../../val2017/000000581615.jpg,1789050423077,200,,41.41,yolo26n_int8,true,14.25,11.52,0.01,1
../../val2017/000000581482.jpg,1789050423084,200,,56.02,yolo26m_fp16,true,13.35,26.62,0.01,2
../../val2017/000000002157.jpg,1789050423103,200,,40.77,yolo26n_int8,true,14.42,12.24,0.01,7
../../val2017/000000001818.jpg,1789050423105,200,,50.90,yolo26m_fp16,true,12.76,19.67,0.01,2
../../val2017/000000002587.jpg,1789050423122,200,,37.43,yolo26n_int8,true,14.64,11.08,0.01,1
../../val2017/000000002299.jpg,1789050423123,200,,45.65,yolo26m_fp16,true,12.80,19.65,0.01,26
../../val2017/000000004795.jpg,1789050423139,200,,33.82,yolo26n_int8,true,12.25,5.66,0.01,2
../../val2017/000000005477.jpg,1789050423156,200,,32.51,yolo26n_int8,true,8.80,10.73,0.01,1
../../val2017/000000003501.jpg,1789050423168,200,,64.56,yolo26m_fp16,true,20.52,18.94,0.01,4
../../val2017/000000005193.jpg,1789050423183,200,,60.47,yolo26m_fp16,true,13.40,29.50,0.01,11
../../val2017/000000006471.jpg,1789050423195,200,,39.28,yolo26n_int8,true,15.70,12.56,0.01,9
../../val2017/000000005992.jpg,1789050423202,200,,62.71,yolo26m_fp16,true,14.27,29.88,0.01,5
../../val2017/000000006771.jpg,1789050423219,200,,51.27,yolo26m_fp16,true,14.93,20.34,0.01,11
../../val2017/000000007991.jpg,1789050423221,200,,38.06,yolo26n_int8,true,13.97,7.16,0.01,1
../../val2017/000000008690.jpg,1789050423238,200,,35.23,yolo26n_int8,true,9.63,8.19,0.01,4
../../val2017/000000008629.jpg,1789050423250,200,,54.56,yolo26m_fp16,true,14.22,16.31,0.01,8
../../val2017/000000009891.jpg,1789050423260,200,,39.02,yolo26n_int8,true,14.80,10.80,0.01,4
../../val2017/000000008844.jpg,1789050423270,200,,50.43,yolo26m_fp16,true,14.37,22.76,0.01,4
../../val2017/000000010092.jpg,1789050423288,200,,37.39,yolo26n_int8,true,12.07,10.45,0.01,5
../../val2017/000000009914.jpg,1789050423290,200,,52.70,yolo26m_fp16,true,13.89,19.70,0.01,5
../../val2017/000000010764.jpg,1789050423314,200,,43.87,yolo26n_int8,true,14.95,11.81,0.01,2
../../val2017/000000010583.jpg,1789050423320,200,,59.83,yolo26m_fp16,true,15.69,22.29,0.01,4
../../val2017/000000010995.jpg,1789050423322,200,,31.30,yolo26n_int8,true,8.62,12.67,0.01,1
../../val2017/000000010977.jpg,1789050423335,200,,46.69,yolo26m_fp16,true,14.11,22.57,0.01,4
../../val2017/000000011615.jpg,1789050423359,200,,38.16,yolo26n_int8,true,13.25,10.67,0.01,0
../../val2017/000000011511.jpg,1789050423370,200,,55.53,yolo26m_fp16,true,13.80,20.26,0.01,10
../../val2017/000000013004.jpg,1789050423376,200,,40.95,yolo26n_int8,true,15.34,10.43,0.01,1
../../val2017/000000012280.jpg,1789050423387,200,,64.83,yolo26m_fp16,true,12.94,35.16,0.01,5
../../val2017/000000013201.jpg,1789050423405,200,,45.60,yolo26m_fp16,true,13.54,17.20,0.01,2
../../val2017/000000013291.jpg,1789050423408,200,,37.51,yolo26n_int8,true,15.31,8.06,0.01,7
../../val2017/000000013597.jpg,1789050423422,200,,34.05,yolo26n_int8,true,12.74,8.12,0.01,1
../../val2017/000000013546.jpg,1789050423434,200,,57.92,yolo26m_fp16,true,19.05,15.32,0.01,10
../../val2017/000000014888.jpg,1789050423452,200,,43.82,yolo26n_int8,true,14.50,11.04,0.01,0
../../val2017/000000014226.jpg,1789050423454,200,,49.15,yolo26m_fp16,true,14.59,20.11,0.01,5
../../val2017/000000015079.jpg,1789050423471,200,,48.79,yolo26m_fp16,true,13.93,22.03,0.01,3
../../val2017/000000015597.jpg,1789050423472,200,,37.85,yolo26n_int8,true,15.02,7.97,0.01,2
../../val2017/000000015956.jpg,1789050423497,200,,42.97,yolo26n_int8,true,11.87,12.01,0.01,4
../../val2017/000000015746.jpg,1789050423508,200,,55.59,yolo26m_fp16,true,12.80,23.00,0.01,1
../../val2017/000000017182.jpg,1789050423513,200,,40.60,yolo26n_int8,true,14.59,11.40,0.01,2
../../val2017/000000016958.jpg,1789050423524,200,,53.08,yolo26m_fp16,true,14.14,23.55,0.01,8
../../val2017/000000017905.jpg,1789050423547,200,,38.24,yolo26n_int8,true,10.10,10.20,0.01,2
../../val2017/000000017714.jpg,1789050423547,200,,49.59,yolo26m_fp16,true,13.81,19.74,0.01,8
../../val2017/000000017959.jpg,1789050423564,200,,50.27,yolo26m_fp16,true,14.51,22.47,0.01,12
../../val2017/000000019432.jpg,1789050423566,200,,41.75,yolo26n_int8,true,14.78,7.23,0.01,10
../../val2017/000000020059.jpg,1789050423591,200,,42.97,yolo26n_int8,true,8.96,11.52,0.01,3
../../val2017/000000020333.jpg,1789050423594,200,,47.07,yolo26m_fp16,true,12.34,20.00,0.01,4
../../val2017/000000022192.jpg,1789050423599,200,,32.24,yolo26n_int8,true,13.11,6.41,0.01,3
../../val2017/000000020571.jpg,1789050423615,200,,50.84,yolo26m_fp16,true,14.57,14.09,0.01,11
../../val2017/000000022705.jpg,1789050423634,200,,43.25,yolo26m_fp16,true,13.86,14.55,0.01,8
../../val2017/000000023230.jpg,1789050423650,200,,54.84,yolo26n_int8,true,10.48,12.00,0.01,2
../../val2017/000000023781.jpg,1789050423655,200,,56.30,yolo26m_fp16,true,14.95,26.27,0.01,8
../../val2017/000000025096.jpg,1789050423660,200,,44.29,yolo26n_int8,true,17.20,8.90,0.01,2
../../val2017/000000025139.jpg,1789050423674,200,,39.18,yolo26m_fp16,true,13.45,14.15,0.01,2
../../val2017/000000025181.jpg,1789050423681,200,,31.39,yolo26n_int8,true,10.13,5.63,0.01,4
../../val2017/000000027696.jpg,1789050423704,200,,43.51,yolo26n_int8,true,14.56,10.74,0.01,4
../../val2017/000000029640.jpg,1789050423716,200,,34.64,yolo26n_int8,true,9.18,10.16,0.01,10
../../val2017/000000025593.jpg,1789050423719,200,,62.34,yolo26m_fp16,true,13.30,23.42,0.01,1
../../val2017/000000027982.jpg,1789050423731,200,,57.38,yolo26m_fp16,true,15.10,31.43,0.01,2
../../val2017/000000030828.jpg,1789050423749,200,,44.46,yolo26m_fp16,true,14.12,14.48,0.01,5
../../val2017/000000031050.jpg,1789050423760,200,,43.69,yolo26n_int8,true,14.28,10.87,0.01,3
../../val2017/000000031322.jpg,1789050423772,200,,52.81,yolo26m_fp16,true,12.87,20.01,0.01,24
../../val2017/000000031620.jpg,1789050423776,200,,44.00,yolo26n_int8,true,17.78,7.97,0.01,4
../../val2017/000000032081.jpg,1789050423793,200,,32.05,yolo26n_int8,true,9.88,10.69,0.01,2
../../val2017/000000031817.jpg,1789050423803,200,,53.84,yolo26m_fp16,true,15.54,18.33,0.01,7
../../val2017/000000032811.jpg,1789050423815,200,,39.68,yolo26n_int8,true,15.84,11.34,0.01,1
../../val2017/000000032285.jpg,1789050423823,200,,50.81,yolo26m_fp16,true,13.49,24.38,0.01,1
../../val2017/000000032861.jpg,1789050423839,200,,35.24,yolo26n_int8,true,10.02,10.77,0.01,2
../../val2017/000000032817.jpg,1789050423843,200,,50.23,yolo26m_fp16,true,12.97,21.78,0.01,6
../../val2017/000000033104.jpg,1789050423864,200,,40.81,yolo26n_int8,true,15.07,10.78,0.01,4
../../val2017/000000033005.jpg,1789050423869,200,,53.12,yolo26m_fp16,true,13.06,22.52,0.01,2
../../val2017/000000034071.jpg,1789050423872,200,,28.79,yolo26n_int8,true,7.41,11.49,0.01,0
../../val2017/000000033854.jpg,1789050423887,200,,47.48,yolo26m_fp16,true,12.80,15.58,0.01,17
../../val2017/000000035682.jpg,1789050423912,200,,43.16,yolo26n_int8,true,13.90,11.92,0.01,9
../../val2017/000000035279.jpg,1789050423922,200,,57.76,yolo26m_fp16,true,13.22,24.82,0.01,13
../../val2017/000000037740.jpg,1789050423923,200,,35.54,yolo26n_int8,true,12.90,8.72,0.01,7
../../val2017/000000035770.jpg,1789050423936,200,,63.55,yolo26m_fp16,true,13.78,36.16,0.01,5
../../val2017/000000038678.jpg,1789050423959,200,,45.96,yolo26m_fp16,true,13.06,14.13,0.01,9
../../val2017/000000039551.jpg,1789050423971,200,,48.55,yolo26n_int8,true,13.55,12.51,0.01,3
../../val2017/000000039477.jpg,1789050423983,200,,60.08,yolo26m_fp16,true,13.61,27.79,0.01,11
../../val2017/000000041888.jpg,1789050423985,200,,48.42,yolo26n_int8,true,15.76,9.41,0.01,3
../../val2017/000000042563.jpg,1789050424007,200,,35.36,yolo26n_int8,true,8.34,10.75,0.00,1
../../val2017/000000042296.jpg,1789050424008,200,,49.06,yolo26m_fp16,true,12.06,19.74,0.01,5
../../val2017/000000044652.jpg,1789050424015,200,,30.40,yolo26n_int8,true,12.72,5.74,0.01,1
../../val2017/000000042888.jpg,1789050424030,200,,46.96,yolo26m_fp16,true,14.53,15.04,0.01,0
../../val2017/000000045472.jpg,1789050424043,200,,34.23,yolo26n_int8,true,8.79,5.77,0.01,10
../../val2017/000000046497.jpg,1789050424059,200,,43.70,yolo26m_fp16,true,17.07,14.42,0.01,6
../../val2017/000000047585.jpg,1789050424077,200,,46.06,yolo26n_int8,true,15.05,12.89,0.01,7
../../val2017/000000045070.jpg,1789050424082,200,,74.55,yolo26m_fp16,true,14.77,32.98,0.01,3
../../val2017/000000050638.jpg,1789050424098,200,,38.14,yolo26n_int8,true,9.61,10.59,0.01,1
../../val2017/000000049269.jpg,1789050424100,200,,57.33,yolo26m_fp16,true,17.60,24.71,0.01,2
../../val2017/000000050844.jpg,1789050424122,200,,39.93,yolo26n_int8,true,13.69,11.88,0.01,4
../../val2017/000000050828.jpg,1789050424132,200,,55.28,yolo26m_fp16,true,13.68,22.81,0.01,3
../../val2017/000000052462.jpg,1789050424136,200,,35.12,yolo26n_int8,true,9.31,11.02,0.01,2
../../val2017/000000051961.jpg,1789050424147,200,,49.17,yolo26m_fp16,true,14.45,17.49,0.01,1
../../val2017/000000053909.jpg,1789050424170,200,,47.37,yolo26m_fp16,true,13.98,17.36,0.01,3
../../val2017/000000054605.jpg,1789050424175,200,,42.79,yolo26n_int8,true,16.49,9.50,0.01,9
../../val2017/000000055950.jpg,1789050424186,200,,38.49,yolo26n_int8,true,9.01,11.14,0.01,3
../../val2017/000000054967.jpg,1789050424191,200,,54.93,yolo26m_fp16,true,15.29,23.77,0.01,19
../../val2017/000000057150.jpg,1789050424210,200,,39.31,yolo26m_fp16,true,15.79,14.76,0.01,21
../../val2017/000000057672.jpg,1789050424218,200,,42.05,yolo26n_int8,true,14.30,8.34,0.01,9
../../val2017/000000058384.jpg,1789050424229,200,,37.37,yolo26n_int8,true,9.21,11.55,0.01,2
../../val2017/000000057760.jpg,1789050424233,200,,47.01,yolo26m_fp16,true,14.71,20.76,0.01,19
../../val2017/000000058655.jpg,1789050424254,200,,44.27,yolo26m_fp16,true,13.16,14.76,0.01,6
../../val2017/000000060823.jpg,1789050424259,200,,41.00,yolo26n_int8,true,15.95,5.92,0.01,10
../../val2017/000000061108.jpg,1789050424277,200,,41.93,yolo26n_int8,true,13.33,10.72,0.01,2
../../val2017/000000060835.jpg,1789050424285,200,,55.29,yolo26m_fp16,true,12.77,18.91,0.01,3
../../val2017/000000061418.jpg,1789050424298,200,,38.48,yolo26n_int8,true,14.37,11.43,0.01,9
../../val2017/000000061333.jpg,1789050424304,200,,49.30,yolo26m_fp16,true,14.43,23.05,0.01,3
../../val2017/000000062025.jpg,1789050424325,200,,39.91,yolo26n_int8,true,14.73,11.95,0.01,3
../../val2017/000000061747.jpg,1789050424330,200,,53.12,yolo26m_fp16,true,13.25,20.09,0.01,2
../../val2017/000000063552.jpg,1789050424347,200,,43.02,yolo26n_int8,true,14.30,10.86,0.01,1
../../val2017/000000063047.jpg,1789050424350,200,,51.50,yolo26m_fp16,true,13.12,19.94,0.01,7
../../val2017/000000064499.jpg,1789050424367,200,,36.65,yolo26n_int8,true,9.37,10.54,0.01,1
../../val2017/000000064462.jpg,1789050424372,200,,46.50,yolo26m_fp16,true,13.07,20.02,0.01,2
../../val2017/000000064718.jpg,1789050424394,200,,43.67,yolo26n_int8,true,13.26,11.87,0.01,3
../../val2017/000000064523.jpg,1789050424398,200,,50.82,yolo26m_fp16,true,13.43,20.19,0.01,20
../../val2017/000000065455.jpg,1789050424403,200,,31.28,yolo26n_int8,true,9.42,8.41,0.01,7
../../val2017/000000065350.jpg,1789050424416,200,,48.12,yolo26m_fp16,true,14.94,14.70,0.01,8
../../val2017/000000066523.jpg,1789050424430,200,,31.92,yolo26n_int8,true,11.59,5.72,0.01,1
../../val2017/000000066841.jpg,1789050424447,200,,31.58,yolo26n_int8,true,10.81,11.33,0.01,0
../../val2017/000000066038.jpg,1789050424452,200,,56.75,yolo26m_fp16,true,13.11,19.80,0.01,19
../../val2017/000000066706.jpg,1789050424465,200,,61.57,yolo26m_fp16,true,19.44,23.04,0.01,6
../../val2017/000000067310.jpg,1789050424484,200,,52.03,yolo26m_fp16,true,19.02,15.10,0.01,5
../../val2017/000000067616.jpg,1789050424489,200,,41.13,yolo26n_int8,true,14.95,5.97,0.01,9
../../val2017/000000068093.jpg,1789050424508,200,,55.74,yolo26m_fp16,true,14.93,19.12,0.01,6
../../val2017/000000068286.jpg,1789050424508,200,,42.81,yolo26n_int8,true,14.88,10.48,0.01,1
../../val2017/000000069138.jpg,1789050424519,200,,30.27,yolo26n_int8,true,13.10,5.72,0.01,2
../../val2017/000000068833.jpg,1789050424532,200,,47.72,yolo26m_fp16,true,14.81,13.84,0.01,7
../../val2017/000000070774.jpg,1789050424551,200,,41.07,yolo26n_int8,true,13.66,12.53,0.01,1
../../val2017/000000070048.jpg,1789050424557,200,,49.12,yolo26m_fp16,true,12.82,19.58,0.01,5
../../val2017/000000073153.jpg,1789050424570,200,,37.11,yolo26n_int8,true,12.96,12.08,0.01,1
../../val2017/000000071451.jpg,1789050424578,200,,57.96,yolo26m_fp16,true,12.16,30.09,0.01,2
../../val2017/000000074646.jpg,1789050424594,200,,43.47,yolo26m_fp16,true,13.24,17.41,0.01,9
../../val2017/000000076416.jpg,1789050424596,200,,38.15,yolo26n_int8,true,10.76,8.73,0.01,2
../../val2017/000000076625.jpg,1789050424625,200,,46.87,yolo26n_int8,true,15.79,11.25,0.01,7
../../val2017/000000076547.jpg,1789050424625,200,,54.95,yolo26m_fp16,true,12.80,19.64,0.01,6
../../val2017/000000077460.jpg,1789050424632,200,,35.87,yolo26n_int8,true,9.49,13.56,0.01,8
../../val2017/000000076731.jpg,1789050424642,200,,47.82,yolo26m_fp16,true,14.25,20.03,0.01,0
../../val2017/000000078420.jpg,1789050424666,200,,40.41,yolo26n_int8,true,13.88,10.83,0.01,3
../../val2017/000000078959.jpg,1789050424676,200,,33.25,yolo26n_int8,true,9.05,11.11,0.00,0
../../val2017/000000078426.jpg,1789050424679,200,,54.07,yolo26m_fp16,true,15.36,25.09,0.01,1
../../val2017/000000078823.jpg,1789050424692,200,,57.92,yolo26m_fp16,true,14.34,24.57,0.01,6
../../val2017/000000079565.jpg,1789050424718,200,,41.92,yolo26n_int8,true,17.70,12.04,0.01,2
../../val2017/000000079031.jpg,1789050424718,200,,52.55,yolo26m_fp16,true,13.30,19.68,0.01,2
../../val2017/000000079837.jpg,1789050424737,200,,44.64,yolo26n_int8,true,14.07,12.37,0.01,4
../../val2017/000000079588.jpg,1789050424738,200,,58.11,yolo26m_fp16,true,15.34,25.65,0.01,5
../../val2017/000000080932.jpg,1789050424759,200,,40.04,yolo26n_int8,true,13.30,5.88,0.01,7
../../val2017/000000081738.jpg,1789050424773,200,,34.55,yolo26n_int8,true,9.03,11.78,0.01,1
../../val2017/000000080274.jpg,1789050424778,200,,59.07,yolo26m_fp16,true,15.39,19.38,0.01,2
../../val2017/000000080949.jpg,1789050424793,200,,55.53,yolo26m_fp16,true,13.76,27.80,0.01,5
../../val2017/000000082807.jpg,1789050424810,200,,50.41,yolo26m_fp16,true,14.62,21.74,0.01,5
../../val2017/000000082812.jpg,1789050424815,200,,41.87,yolo26n_int8,true,14.08,9.66,0.01,10
../../val2017/000000083540.jpg,1789050424825,200,,47.43,yolo26m_fp16,true,15.55,16.12,0.01,2
../../val2017/000000084664.jpg,1789050424831,200,,38.09,yolo26n_int8,true,16.09,5.75,0.01,4
../../val2017/000000085329.jpg,1789050424852,200,,36.49,yolo26n_int8,true,12.88,12.87,0.01,2
../../val2017/000000085089.jpg,1789050424862,200,,51.57,yolo26m_fp16,true,12.89,20.31,0.01,8
../../val2017/000000087244.jpg,1789050424869,200,,37.71,yolo26n_int8,true,14.55,10.60,0.01,2
../../val2017/000000085823.jpg,1789050424879,200,,53.44,yolo26m_fp16,true,13.77,17.32,0.01,3
../../val2017/000000087742.jpg,1789050424901,200,,38.75,yolo26n_int8,true,15.03,10.53,0.00,1
../../val2017/000000087476.jpg,1789050424901,200,,48.70,yolo26m_fp16,true,12.48,19.51,0.01,14
../../val2017/000000088250.jpg,1789050424922,200,,42.83,yolo26n_int8,true,15.36,10.60,0.01,2
../../val2017/000000087875.jpg,1789050424923,200,,53.84,yolo26m_fp16,true,12.49,20.00,0.00,1
../../val2017/000000088432.jpg,1789050424936,200,,35.11,yolo26n_int8,true,12.18,5.71,0.01,3
../../val2017/000000088265.jpg,1789050424961,200,,60.33,yolo26m_fp16,true,16.98,19.73,0.01,1
../../val2017/000000089880.jpg,1789050424962,200,,38.80,yolo26n_int8,true,15.40,11.43,0.01,3
../../val2017/000000089045.jpg,1789050424976,200,,53.10,yolo26m_fp16,true,13.67,25.69,0.01,6
../../val2017/000000090155.jpg,1789050424991,200,,54.72,yolo26m_fp16,true,14.47,19.77,0.01,1
../../val2017/000000090631.jpg,1789050424994,200,,32.59,yolo26n_int8,true,13.66,6.33,0.01,1
../../val2017/000000090956.jpg,1789050425008,200,,45.62,yolo26m_fp16,true,13.53,14.83,0.01,2
../../val2017/000000091495.jpg,1789050425018,200,,40.53,yolo26n_int8,true,17.83,5.86,0.01,3
../../val2017/000000092660.jpg,1789050425031,200,,36.07,yolo26n_int8,true,9.28,8.42,0.01,1
../../val2017/000000092177.jpg,1789050425044,200,,52.03,yolo26m_fp16,true,16.60,17.09,0.01,2
../../val2017/000000093261.jpg,1789050425058,200,,48.77,yolo26m_fp16,true,17.54,19.89,0.01,4
../../val2017/000000094185.jpg,1789050425068,200,,49.27,yolo26n_int8,true,16.49,10.82,0.01,3
../../val2017/000000094614.jpg,1789050425077,200,,33.45,yolo26n_int8,true,8.92,14.62,0.01,1
../../val2017/000000094336.jpg,1789050425082,200,,51.09,yolo26m_fp16,true,14.69,23.07,0.01,4
../../val2017/000000095899.jpg,1789050425107,200,,39.36,yolo26n_int8,true,12.16,11.03,0.01,1
../../val2017/000000096549.jpg,1789050425117,200,,35.28,yolo26n_int8,true,8.61,18.59,0.01,1
../../val2017/000000094852.jpg,1789050425121,200,,62.54,yolo26m_fp16,true,12.87,25.19,0.01,2
../../val2017/000000096001.jpg,1789050425134,200,,56.39,yolo26m_fp16,true,13.45,27.82,0.01,6
../../val2017/000000097230.jpg,1789050425160,200,,42.11,yolo26n_int8,true,12.79,12.48,0.01,2
../../val2017/000000096825.jpg,1789050425165,200,,57.54,yolo26m_fp16,true,15.23,19.72,0.01,3
../../val2017/000000097585.jpg,1789050425180,200,,46.04,yolo26n_int8,true,12.48,11.53,0.01,3
../../val2017/000000097278.jpg,1789050425185,200,,64.05,yolo26m_fp16,true,12.02,38.24,0.01,2
../../val2017/000000098287.jpg,1789050425205,200,,39.35,yolo26n_int8,true,12.99,10.80,0.01,8
../../val2017/000000097994.jpg,1789050425214,200,,54.24,yolo26m_fp16,true,17.98,17.28,0.01,10
../../val2017/000000098520.jpg,1789050425224,200,,38.61,yolo26n_int8,true,12.91,10.81,0.01,2
../../val2017/000000098497.jpg,1789050425234,200,,53.67,yolo26m_fp16,true,14.53,24.46,0.01,0
../../val2017/000000099182.jpg,1789050425247,200,,41.98,yolo26m_fp16,true,15.99,15.05,0.01,3
../../val2017/000000099428.jpg,1789050425256,200,,40.95,yolo26n_int8,true,15.33,5.71,0.01,1
../../val2017/000000100510.jpg,1789050425268,200,,43.99,yolo26m_fp16,true,16.12,14.32,0.01,4
../../val2017/000000101068.jpg,1789050425274,200,,39.45,yolo26n_int8,true,14.31,5.94,0.01,2
../../val2017/000000103585.jpg,1789050425294,200,,37.54,yolo26n_int8,true,13.78,10.70,0.01,5
../../val2017/000000102331.jpg,1789050425297,200,,49.60,yolo26m_fp16,true,13.60,20.01,0.01,2
../../val2017/000000105455.jpg,1789050425317,200,,42.53,yolo26n_int8,true,13.27,12.05,0.01,3
../../val2017/000000104424.jpg,1789050425326,200,,57.05,yolo26m_fp16,true,12.93,22.33,0.01,2
../../val2017/000000108440.jpg,1789050425328,200,,30.78,yolo26n_int8,true,8.40,7.04,0.01,1
../../val2017/000000108253.jpg,1789050425343,200,,48.81,yolo26m_fp16,true,11.94,13.97,0.01,15
../../val2017/000000108864.jpg,1789050425366,200,,48.78,yolo26m_fp16,true,12.91,19.62,0.01,2
../../val2017/000000109798.jpg,1789050425369,200,,42.74,yolo26n_int8,true,15.85,10.36,0.01,3
../../val2017/000000109916.jpg,1789050425387,200,,57.84,yolo26m_fp16,true,14.74,26.13,0.01,4
../../val2017/000000110211.jpg,1789050425387,200,,43.05,yolo26n_int8,true,12.85,11.53,0.01,3
../../val2017/000000111951.jpg,1789050425397,200,,28.46,yolo26n_int8,true,8.67,5.68,0.01,3
../../val2017/000000110784.jpg,1789050425415,200,,47.34,yolo26m_fp16,true,12.87,14.09,0.01,2
../../val2017/000000113235.jpg,1789050425429,200,,41.44,yolo26n_int8,true,13.28,12.30,0.01,4
../../val2017/000000112997.jpg,1789050425433,200,,46.71,yolo26m_fp16,true,13.77,19.84,0.01,2
../../val2017/000000113867.jpg,1789050425452,200,,36.97,yolo26n_int8,true,8.83,8.64,0.01,0
../../val2017/000000113589.jpg,1789050425452,200,,54.67,yolo26m_fp16,true,14.07,24.68,0.01,7
../../val2017/000000114770.jpg,1789050425477,200,,48.50,yolo26m_fp16,true,12.77,19.47,0.03,3
../../val2017/000000116206.jpg,1789050425478,200,,43.85,yolo26n_int8,true,15.13,9.74,0.01,3
../../val2017/000000118209.jpg,1789050425490,200,,37.19,yolo26n_int8,true,8.25,11.00,0.01,2
../../val2017/000000117914.jpg,1789050425500,200,,47.68,yolo26m_fp16,true,15.50,18.80,0.01,2
../../val2017/000000118594.jpg,1789050425521,200,,43.26,yolo26n_int8,true,12.99,10.79,0.01,2
../../val2017/000000119516.jpg,1789050425533,200,,32.34,yolo26n_int8,true,9.11,9.72,0.00,3
../../val2017/000000118405.jpg,1789050425536,200,,58.50,yolo26m_fp16,true,12.93,22.63,0.01,1
../../val2017/000000119233.jpg,1789050425549,200,,58.24,yolo26m_fp16,true,14.83,32.14,0.01,5
../../val2017/000000119641.jpg,1789050425566,200,,44.32,yolo26m_fp16,true,14.50,14.35,0.01,20
../../val2017/000000119677.jpg,1789050425577,200,,43.76,yolo26n_int8,true,15.58,10.90,0.01,3
../../val2017/000000120584.jpg,1789050425589,200,,40.40,yolo26n_int8,true,13.35,11.71,0.01,1
../../val2017/000000119911.jpg,1789050425592,200,,55.06,yolo26m_fp16,true,13.98,25.15,0.01,7
../../val2017/000000123213.jpg,1789050425612,200,,45.73,yolo26m_fp16,true,12.99,19.57,0.01,14
../../val2017/000000123480.jpg,1789050425612,200,,35.09,yolo26n_int8,true,14.62,9.65,0.00,1
../../val2017/000000124636.jpg,1789050425643,200,,50.97,yolo26n_int8,true,16.19,10.93,0.01,2
../../val2017/000000123585.jpg,1789050425646,200,,55.19,yolo26m_fp16,true,12.17,20.17,0.01,6
../../val2017/000000125062.jpg,1789050425651,200,,38.76,yolo26n_int8,true,9.35,16.80,0.01,7
../../val2017/000000124798.jpg,1789050425662,200,,49.58,yolo26m_fp16,true,12.78,17.66,0.01,17
../../val2017/000000125936.jpg,1789050425687,200,,41.12,yolo26n_int8,true,15.03,12.14,0.01,9
../../val2017/000000125257.jpg,1789050425694,200,,50.33,yolo26m_fp16,true,12.49,19.92,0.01,2
../../val2017/000000127135.jpg,1789050425713,200,,50.98,yolo26n_int8,true,14.14,12.62,0.01,1
../../val2017/000000126107.jpg,1789050425715,200,,64.14,yolo26m_fp16,true,12.65,36.75,0.01,8
../../val2017/000000128699.jpg,1789050425734,200,,39.12,yolo26n_int8,true,14.50,11.28,0.01,5
../../val2017/000000128051.jpg,1789050425734,200,,47.06,yolo26m_fp16,true,12.32,19.77,0.01,5
../../val2017/000000130386.jpg,1789050425755,200,,39.00,yolo26n_int8,true,14.45,10.79,0.01,5
../../val2017/000000129135.jpg,1789050425766,200,,52.74,yolo26m_fp16,true,12.32,21.26,0.01,2
../../val2017/000000130826.jpg,1789050425770,200,,35.34,yolo26n_int8,true,10.06,10.71,0.01,6
../../val2017/000000130579.jpg,1789050425782,200,,48.11,yolo26m_fp16,true,14.26,21.71,0.01,2
../../val2017/000000131379.jpg,1789050425801,200,,45.56,yolo26m_fp16,true,13.26,14.42,0.01,2
../../val2017/000000131938.jpg,1789050425808,200,,41.16,yolo26n_int8,true,14.66,8.35,0.01,2
../../val2017/000000132931.jpg,1789050425820,200,,36.94,yolo26n_int8,true,9.58,11.89,0.01,3
../../val2017/000000132622.jpg,1789050425823,200,,52.91,yolo26m_fp16,true,14.79,21.40,0.01,1
../../val2017/000000133233.jpg,1789050425844,200,,35.50,yolo26n_int8,true,12.57,10.86,0.01,0
../../val2017/000000133000.jpg,1789050425852,200,,51.44,yolo26m_fp16,true,16.18,17.18,0.01,5
../../val2017/000000133645.jpg,1789050425866,200,,42.86,yolo26n_int8,true,13.55,11.70,0.01,2
../../val2017/000000133343.jpg,1789050425872,200,,52.17,yolo26m_fp16,true,13.92,27.42,0.01,2
../../val2017/000000134096.jpg,1789050425888,200,,35.24,yolo26n_int8,true,9.23,12.18,0.01,1
../../val2017/000000133969.jpg,1789050425893,200,,48.77,yolo26m_fp16,true,13.00,19.64,0.01,19
../../val2017/000000134856.jpg,1789050425907,200,,34.95,yolo26n_int8,true,12.09,10.77,0.01,2
../../val2017/000000134112.jpg,1789050425916,200,,49.90,yolo26m_fp16,true,16.26,19.39,0.01,3
../../val2017/000000135561.jpg,1789050425929,200,,36.14,yolo26n_int8,true,8.55,12.79,0.01,2
../../val2017/000000134886.jpg,1789050425938,200,,50.18,yolo26m_fp16,true,13.88,20.10,0.01,5
../../val2017/000000137106.jpg,1789050425950,200,,42.23,yolo26m_fp16,true,13.63,18.45,0.01,2
../../val2017/000000137294.jpg,1789050425954,200,,37.00,yolo26n_int8,true,14.26,5.68,0.01,1
../../val2017/000000138856.jpg,1789050425977,200,,38.78,yolo26n_int8,true,8.50,12.00,0.01,2
../../val2017/000000138492.jpg,1789050425985,200,,55.17,yolo26m_fp16,true,16.08,20.00,0.01,2
../../val2017/000000140076.jpg,1789050425999,200,,44.11,yolo26n_int8,true,15.17,12.98,0.01,8
../../val2017/000000139077.jpg,1789050426004,200,,54.43,yolo26m_fp16,true,15.62,26.33,0.01,3
../../val2017/000000140270.jpg,1789050426016,200,,31.49,yolo26n_int8,true,9.78,10.80,0.01,2
../../val2017/000000140203.jpg,1789050426026,200,,48.80,yolo26m_fp16,true,15.05,18.58,0.01,7
../../val2017/000000140840.jpg,1789050426046,200,,41.55,yolo26n_int8,true,14.07,12.94,0.01,9
../../val2017/000000140556.jpg,1789050426050,200,,51.29,yolo26m_fp16,true,13.39,19.85,0.01,7
../../val2017/000000141328.jpg,1789050426065,200,,48.34,yolo26m_fp16,true,12.69,15.29,0.01,13
../../val2017/000000142092.jpg,1789050426070,200,,42.16,yolo26n_int8,true,16.52,5.80,0.01,1
../../val2017/000000143961.jpg,1789050426095,200,,44.05,yolo26n_int8,true,14.51,10.87,0.01,10
../../val2017/000000143068.jpg,1789050426095,200,,48.43,yolo26m_fp16,true,14.13,19.94,0.01,9
../../val2017/000000144784.jpg,1789050426113,200,,43.04,yolo26n_int8,true,14.75,12.08,0.01,1
../../val2017/000000144003.jpg,1789050426114,200,,48.76,yolo26m_fp16,true,14.58,21.68,0.01,14
../../val2017/000000145620.jpg,1789050426131,200,,36.01,yolo26n_int8,true,10.26,10.74,0.01,4
../../val2017/000000144798.jpg,1789050426140,200,,44.54,yolo26m_fp16,true,13.79,18.04,0.01,4
../../val2017/000000146457.jpg,1789050426156,200,,41.79,yolo26n_int8,true,15.37,11.61,0.01,11
../../val2017/000000146358.jpg,1789050426163,200,,49.85,yolo26m_fp16,true,14.40,20.30,0.01,17
../../val2017/000000146498.jpg,1789050426178,200,,38.47,yolo26n_int8,true,10.12,10.91,0.01,0
../../val2017/000000146489.jpg,1789050426182,200,,50.28,yolo26m_fp16,true,13.64,20.37,0.01,5
../../val2017/000000147415.jpg,1789050426200,200,,36.39,yolo26n_int8,true,12.63,10.76,0.01,3
../../val2017/000000146667.jpg,1789050426208,200,,51.37,yolo26m_fp16,true,13.37,19.80,0.01,21
../../val2017/000000148730.jpg,1789050426217,200,,35.29,yolo26n_int8,true,10.97,10.90,0.01,0
../../val2017/000000147498.jpg,1789050426228,200,,48.84,yolo26m_fp16,true,14.85,18.14,0.01,6
../../val2017/000000150224.jpg,1789050426242,200,,41.93,yolo26m_fp16,true,15.09,15.41,0.01,13
../../val2017/000000150417.jpg,1789050426256,200,,47.58,yolo26n_int8,true,16.06,10.94,0.01,8
../../val2017/000000151480.jpg,1789050426265,200,,36.88,yolo26n_int8,true,9.03,10.74,0.01,7
../../val2017/000000151051.jpg,1789050426269,200,,51.08,yolo26m_fp16,true,14.92,23.66,0.01,2
../../val2017/000000151657.jpg,1789050426290,200,,47.73,yolo26m_fp16,true,14.92,14.57,0.01,3
../../val2017/000000151662.jpg,1789050426294,200,,37.63,yolo26n_int8,true,13.68,6.05,0.01,1
../../val2017/000000151962.jpg,1789050426304,200,,35.60,yolo26n_int8,true,8.23,8.15,0.01,2
../../val2017/000000151820.jpg,1789050426316,200,,51.04,yolo26m_fp16,true,15.27,15.78,0.01,27
../../val2017/000000152465.jpg,1789050426343,200,,48.70,yolo26n_int8,true,12.61,12.98,0.01,1
../../val2017/000000152870.jpg,1789050426352,200,,35.02,yolo26n_int8,true,8.86,10.91,0.01,2
../../val2017/000000152214.jpg,1789050426354,200,,64.31,yolo26m_fp16,true,13.56,25.28,0.01,2
../../val2017/000000152740.jpg,1789050426368,200,,63.32,yolo26m_fp16,true,14.21,30.28,0.01,19
../../val2017/000000153632.jpg,1789050426399,200,,46.70,yolo26n_int8,true,15.95,11.24,0.01,3
../../val2017/000000153299.jpg,1789050426400,200,,56.88,yolo26m_fp16,true,16.02,19.87,0.01,2
../../val2017/000000154358.jpg,1789050426409,200,,40.43,yolo26n_int8,true,13.17,10.68,0.01,4
../../val2017/000000154087.jpg,1789050426419,200,,64.46,yolo26m_fp16,true,12.84,36.50,0.01,5
../../val2017/000000155145.jpg,1789050426432,200,,32.22,yolo26n_int8,true,9.43,8.29,0.01,5
../../val2017/000000154705.jpg,1789050426444,200,,44.66,yolo26m_fp16,true,12.74,15.34,0.01,7
../../val2017/000000155443.jpg,1789050426463,200,,43.75,yolo26n_int8,true,13.50,12.51,0.01,2
../../val2017/000000155154.jpg,1789050426464,200,,54.93,yolo26m_fp16,true,15.21,28.78,0.01,1
../../val2017/000000156292.jpg,1789050426484,200,,40.07,yolo26n_int8,true,8.24,12.78,0.01,5
../../val2017/000000156071.jpg,1789050426493,200,,60.31,yolo26m_fp16,true,16.98,20.72,0.01,11
../../val2017/000000157756.jpg,1789050426500,200,,35.52,yolo26n_int8,true,14.18,5.63,0.01,7
../../val2017/000000157365.jpg,1789050426512,200,,48.86,yolo26m_fp16,true,17.88,14.10,0.01,9
../../val2017/000000158744.jpg,1789050426526,200,,32.46,yolo26n_int8,true,10.00,8.24,0.01,3
../../val2017/000000158548.jpg,1789050426539,200,,54.48,yolo26m_fp16,true,13.44,16.45,0.01,4
../../val2017/000000159977.jpg,1789050426559,200,,46.54,yolo26n_int8,true,14.38,12.31,0.01,2
../../val2017/000000159791.jpg,1789050426560,200,,59.59,yolo26m_fp16,true,12.47,32.69,0.01,6
../../val2017/000000161820.jpg,1789050426577,200,,37.62,yolo26n_int8,true,11.45,11.09,0.01,1
../../val2017/000000161799.jpg,1789050426584,200,,57.32,yolo26m_fp16,true,16.28,20.51,0.01,7
../../val2017/000000162366.jpg,1789050426592,200,,32.32,yolo26n_int8,true,12.88,8.18,0.01,0
../../val2017/000000162035.jpg,1789050426605,200,,45.67,yolo26m_fp16,true,13.52,16.40,0.01,5
../../val2017/000000163562.jpg,1789050426615,200,,31.10,yolo26n_int8,true,9.63,10.75,0.01,2
../../val2017/000000163290.jpg,1789050426626,200,,49.40,yolo26m_fp16,true,13.31,17.35,0.01,3
../../val2017/000000163682.jpg,1789050426654,200,,48.45,yolo26n_int8,true,13.97,10.56,0.01,3
../../val2017/000000163611.jpg,1789050426657,200,,63.23,yolo26m_fp16,true,13.15,20.19,0.01,9
../../val2017/000000165351.jpg,1789050426663,200,,36.20,yolo26n_int8,true,10.34,11.32,0.01,0
../../val2017/000000164115.jpg,1789050426674,200,,58.28,yolo26m_fp16,true,16.62,21.35,0.01,0
../../val2017/000000166563.jpg,1789050426692,200,,34.12,yolo26n_int8,true,12.41,8.41,0.01,0
../../val2017/000000166426.jpg,1789050426701,200,,46.62,yolo26m_fp16,true,13.48,16.46,0.01,10
../../val2017/000000169169.jpg,1789050426720,200,,45.72,yolo26n_int8,true,15.93,11.24,0.01,14
../../val2017/000000166918.jpg,1789050426724,200,,60.72,yolo26m_fp16,true,13.79,26.62,0.01,33
../../val2017/000000169996.jpg,1789050426741,200,,48.98,yolo26m_fp16,true,13.61,19.15,0.01,11
../../val2017/000000170099.jpg,1789050426741,200,,39.31,yolo26n_int8,true,14.64,10.44,0.01,4
../../val2017/000000171740.jpg,1789050426759,200,,35.12,yolo26n_int8,true,13.29,5.75,0.01,3
../../val2017/000000172877.jpg,1789050426779,200,,37.87,yolo26n_int8,true,13.65,12.12,0.01,4
../../val2017/000000170595.jpg,1789050426783,200,,62.67,yolo26m_fp16,true,19.59,19.76,0.01,0
../../val2017/000000172083.jpg,1789050426798,200,,56.97,yolo26m_fp16,true,13.56,27.30,0.01,3
../../val2017/000000172935.jpg,1789050426813,200,,53.31,yolo26m_fp16,true,13.10,29.99,0.01,3
../../val2017/000000173371.jpg,1789050426814,200,,34.49,yolo26n_int8,true,10.46,6.98,0.01,10
../../val2017/000000174482.jpg,1789050426841,200,,42.21,yolo26n_int8,true,14.73,10.57,0.01,7
../../val2017/000000173799.jpg,1789050426846,200,,62.92,yolo26m_fp16,true,16.09,20.03,0.01,22
../../val2017/000000175535.jpg,1789050426855,200,,40.26,yolo26n_int8,true,13.42,10.98,0.01,4
../../val2017/000000175251.jpg,1789050426863,200,,49.36,yolo26m_fp16,true,14.41,18.61,0.01,2
../../val2017/000000176606.jpg,1789050426894,200,,47.36,yolo26n_int8,true,14.21,10.85,0.01,2
../../val2017/000000176037.jpg,1789050426900,200,,58.58,yolo26m_fp16,true,13.79,22.11,0.01,8
../../val2017/000000177015.jpg,1789050426903,200,,39.98,yolo26n_int8,true,13.39,9.78,0.01,4
../../val2017/000000176901.jpg,1789050426913,200,,58.28,yolo26m_fp16,true,13.56,33.88,0.01,5
../../val2017/000000177213.jpg,1789050426936,200,,36.09,yolo26n_int8,true,13.30,8.23,0.01,6
../../val2017/000000177065.jpg,1789050426949,200,,54.93,yolo26m_fp16,true,12.07,17.49,0.01,12
../../val2017/000000179141.jpg,1789050426956,200,,42.59,yolo26n_int8,true,14.53,10.29,0.01,6
../../val2017/000000178469.jpg,1789050426966,200,,62.22,yolo26m_fp16,true,14.39,27.81,0.01,7
../../val2017/000000179214.jpg,1789050426984,200,,48.00,yolo26m_fp16,true,13.23,17.44,0.01,1
../../val2017/000000180560.jpg,1789050426989,200,,39.41,yolo26n_int8,true,15.29,9.84,0.01,3
../../val2017/000000180798.jpg,1789050427003,200,,46.30,yolo26m_fp16,true,14.49,18.23,0.01,2
../../val2017/000000181796.jpg,1789050427005,200,,38.47,yolo26n_int8,true,14.62,8.24,0.01,4
../../val2017/000000182441.jpg,1789050427030,200,,40.66,yolo26n_int8,true,14.31,10.90,0.01,1
../../val2017/000000181859.jpg,1789050427031,200,,45.95,yolo26m_fp16,true,13.96,20.29,0.01,3
../../val2017/000000184400.jpg,1789050427047,200,,41.70,yolo26n_int8,true,13.26,12.29,0.01,1
../../val2017/000000183127.jpg,1789050427051,200,,48.66,yolo26m_fp16,true,13.35,20.08,0.01,2
../../val2017/000000184762.jpg,1789050427071,200,,39.71,yolo26n_int8,true,14.63,10.80,0.01,0
../../val2017/000000184611.jpg,1789050427081,200,,50.51,yolo26m_fp16,true,13.53,19.06,0.01,21
../../val2017/000000186449.jpg,1789050427094,200,,42.36,yolo26n_int8,true,14.60,12.80,0.01,6
../../val2017/000000185473.jpg,1789050427099,200,,51.52,yolo26m_fp16,true,12.59,27.83,0.01,16
../../val2017/000000186873.jpg,1789050427120,200,,49.30,yolo26m_fp16,true,14.21,19.11,0.01,10
../../val2017/000000187243.jpg,1789050427121,200,,39.24,yolo26n_int8,true,14.71,10.59,0.01,2
../../val2017/000000191614.jpg,1789050427139,200,,39.13,yolo26n_int8,true,11.18,10.04,0.01,3
../../val2017/000000190637.jpg,1789050427139,200,,44.60,yolo26m_fp16,true,12.93,19.80,0.01,5
../../val2017/000000191761.jpg,1789050427158,200,,37.28,yolo26n_int8,true,13.96,8.30,0.01,2
../../val2017/000000192904.jpg,1789050427172,200,,33.04,yolo26n_int8,true,9.79,10.28,0.01,4
../../val2017/000000191672.jpg,1789050427176,200,,55.78,yolo26m_fp16,true,13.53,21.95,0.01,2
../../val2017/000000192191.jpg,1789050427189,200,,50.05,yolo26m_fp16,true,13.82,17.77,0.01,2
../../val2017/000000192964.jpg,1789050427203,200,,43.66,yolo26m_fp16,true,15.60,14.36,0.01,2
../../val2017/000000193181.jpg,1789050427222,200,,49.56,yolo26n_int8,true,16.29,11.86,0.01,4
../../val2017/000000194216.jpg,1789050427226,200,,48.85,yolo26m_fp16,true,13.80,22.19,0.01,3
../../val2017/000000194471.jpg,1789050427229,200,,39.55,yolo26n_int8,true,15.71,11.22,0.01,2
../../val2017/000000194506.jpg,1789050427251,200,,47.86,yolo26m_fp16,true,12.85,14.71,0.01,2
../../val2017/000000194940.jpg,1789050427255,200,,32.89,yolo26n_int8,true,15.16,6.20,0.02,7
../../val2017/000000196442.jpg,1789050427266,200,,37.01,yolo26n_int8,true,14.37,12.43,0.01,6
../../val2017/000000195045.jpg,1789050427274,200,,48.62,yolo26m_fp16,true,13.00,16.90,0.01,2
../../val2017/000000197022.jpg,1789050427302,200,,45.69,yolo26n_int8,true,12.82,12.68,0.01,2
../../val2017/000000196843.jpg,1789050427307,200,,54.74,yolo26m_fp16,true,13.18,20.27,0.01,4
../../val2017/000000198805.jpg,1789050427322,200,,47.50,yolo26n_int8,true,13.96,13.39,0.01,3
../../val2017/000000197528.jpg,1789050427326,200,,60.28,yolo26m_fp16,true,13.55,28.91,0.01,1
../../val2017/000000199442.jpg,1789050427345,200,,37.84,yolo26n_int8,true,13.75,11.42,0.01,2
../../val2017/000000198928.jpg,1789050427350,200,,48.20,yolo26m_fp16,true,13.94,20.32,0.01,4
../../val2017/000000201775.jpg,1789050427365,200,,38.27,yolo26n_int8,true,13.81,10.94,0.01,3
../../val2017/000000201426.jpg,1789050427372,200,,49.49,yolo26m_fp16,true,13.24,20.04,0.01,7
../../val2017/000000203389.jpg,1789050427387,200,,36.48,yolo26n_int8,true,9.07,11.37,0.01,9
../../val2017/000000202001.jpg,1789050427397,200,,51.09,yolo26m_fp16,true,13.70,20.05,0.01,4
../../val2017/000000203546.jpg,1789050427417,200,,51.43,yolo26m_fp16,true,13.40,19.40,0.01,1
../../val2017/000000203580.jpg,1789050427418,200,,46.09,yolo26n_int8,true,14.34,8.38,0.01,2
../../val2017/000000205776.jpg,1789050427426,200,,28.28,yolo26n_int8,true,8.28,5.69,0.01,1
../../val2017/000000204186.jpg,1789050427443,200,,55.72,yolo26m_fp16,true,14.12,14.44,0.01,9
../../val2017/000000208423.jpg,1789050427455,200,,36.75,yolo26n_int8,true,14.55,10.81,0.01,9
../../val2017/000000207538.jpg,1789050427464,200,,46.98,yolo26m_fp16,true,16.85,17.23,0.01,1
../../val2017/000000208901.jpg,1789050427484,200,,58.39,yolo26m_fp16,true,11.93,33.49,0.01,1
../../val2017/000000209142.jpg,1789050427487,200,,44.02,yolo26n_int8,true,14.68,9.57,0.01,5
../../val2017/000000210030.jpg,1789050427504,200,,39.99,yolo26n_int8,true,14.53,11.21,0.01,3
../../val2017/000000209753.jpg,1789050427505,200,,48.97,yolo26m_fp16,true,14.00,20.28,0.01,3
../../val2017/000000210520.jpg,1789050427535,200,,46.76,yolo26n_int8,true,16.94,10.19,0.01,9
../../val2017/000000210032.jpg,1789050427535,200,,50.03,yolo26m_fp16,true,13.00,19.14,0.01,12
../../val2017/000000211069.jpg,1789050427550,200,,44.62,yolo26n_int8,true,13.44,11.14,0.01,2
../../val2017/000000211674.jpg,1789050427555,200,,50.13,yolo26m_fp16,true,12.13,20.09,0.01,18
../../val2017/000000212166.jpg,1789050427579,200,,44.27,yolo26n_int8,true,16.26,12.03,0.01,2
../../val2017/000000213171.jpg,1789050427586,200,,51.11,yolo26m_fp16,true,13.88,22.88,0.01,2
../../val2017/000000215072.jpg,1789050427590,200,,34.87,yolo26n_int8,true,9.04,9.83,0.01,5
../../val2017/000000214720.jpg,1789050427603,200,,52.71,yolo26m_fp16,true,14.44,23.46,0.01,10
../../val2017/000000215723.jpg,1789050427625,200,,38.43,yolo26n_int8,true,13.77,11.55,0.01,5
../../val2017/000000215644.jpg,1789050427626,200,,46.57,yolo26m_fp16,true,13.72,19.62,0.01,4
../../val2017/000000219485.jpg,1789050427639,200,,36.17,yolo26n_int8,true,8.26,12.22,0.01,1
../../val2017/000000217400.jpg,1789050427647,200,,55.98,yolo26m_fp16,true,13.87,23.82,0.01,1
../../val2017/000000220310.jpg,1789050427658,200,,31.89,yolo26n_int8,true,13.69,5.68,0.01,1
../../val2017/000000219578.jpg,1789050427679,200,,53.72,yolo26m_fp16,true,12.68,17.12,0.01,2
../../val2017/000000222455.jpg,1789050427682,200,,34.82,yolo26n_int8,true,10.79,9.92,0.01,0
../../val2017/000000221155.jpg,1789050427695,200,,55.95,yolo26m_fp16,true,16.09,22.68,0.01,3
../../val2017/000000223090.jpg,1789050427709,200,,50.77,yolo26m_fp16,true,13.87,19.98,0.01,5
../../val2017/000000223182.jpg,1789050427729,200,,49.70,yolo26n_int8,true,14.72,11.47,0.01,8
../../val2017/000000223188.jpg,1789050427740,200,,58.00,yolo26m_fp16,true,15.07,25.02,0.01,1
../../val2017/000000223789.jpg,1789050427741,200,,45.00,yolo26n_int8,true,14.35,17.81,0.01,1
../../val2017/000000223959.jpg,1789050427755,200,,45.28,yolo26m_fp16,true,12.10,14.15,0.01,2
../../val2017/000000224051.jpg,1789050427763,200,,33.49,yolo26n_int8,true,14.57,5.80,0.01,3
../../val2017/000000224222.jpg,1789050427783,200,,41.66,yolo26n_int8,true,13.92,10.97,0.01,4
../../val2017/000000224119.jpg,1789050427789,200,,48.91,yolo26m_fp16,true,13.08,20.12,0.01,9
../../val2017/000000225670.jpg,1789050427801,200,,37.61,yolo26n_int8,true,13.38,11.67,0.02,4
../../val2017/000000224807.jpg,1789050427808,200,,52.97,yolo26m_fp16,true,13.97,22.71,0.01,37
../../val2017/000000226408.jpg,1789050427829,200,,39.38,yolo26n_int8,true,14.22,11.49,0.01,1
../../val2017/000000226171.jpg,1789050427834,200,,51.09,yolo26m_fp16,true,14.20,20.00,0.01,5
../../val2017/000000226417.jpg,1789050427849,200,,47.76,yolo26m_fp16,true,16.31,18.56,0.01,22
../../val2017/000000226592.jpg,1789050427851,200,,42.84,yolo26n_int8,true,15.18,9.00,0.01,2
../../val2017/000000227985.jpg,1789050427873,200,,38.97,yolo26n_int8,true,13.15,5.87,0.01,4
../../val2017/000000229747.jpg,1789050427891,200,,39.03,yolo26n_int8,true,14.30,10.55,0.01,1
../../val2017/000000227686.jpg,1789050427894,200,,64.79,yolo26m_fp16,true,14.28,19.69,0.01,2
../../val2017/000000229216.jpg,1789050427906,200,,56.19,yolo26m_fp16,true,14.13,27.54,0.01,3
../../val2017/000000229948.jpg,1789050427920,200,,46.42,yolo26m_fp16,true,14.73,17.40,0.01,15
../../val2017/000000230362.jpg,1789050427934,200,,42.91,yolo26n_int8,true,14.10,10.83,0.01,3
../../val2017/000000231508.jpg,1789050427943,200,,37.35,yolo26n_int8,true,10.19,15.42,0.01,9
../../val2017/000000231169.jpg,1789050427948,200,,54.01,yolo26m_fp16,true,15.05,23.04,0.01,1
../../val2017/000000231580.jpg,1789050427969,200,,48.56,yolo26m_fp16,true,13.53,17.09,0.01,11
../../val2017/000000231822.jpg,1789050427972,200,,38.38,yolo26n_int8,true,15.25,7.32,0.01,5
../../val2017/000000232244.jpg,1789050427979,200,,30.21,yolo26n_int8,true,9.54,8.41,0.01,2
../../val2017/000000232088.jpg,1789050427994,200,,49.84,yolo26m_fp16,true,13.99,15.64,0.01,4
../../val2017/000000235778.jpg,1789050428007,200,,34.20,yolo26n_int8,true,13.71,8.34,0.01,2
../../val2017/000000235064.jpg,1789050428019,200,,50.45,yolo26m_fp16,true,12.46,14.88,0.01,1
../../val2017/000000236690.jpg,1789050428030,200,,36.00,yolo26n_int8,true,9.82,11.07,0.01,1
../../val2017/000000236426.jpg,1789050428040,200,,61.17,yolo26m_fp16,true,12.46,33.15,0.01,17
../../val2017/000000237864.jpg,1789050428053,200,,45.91,yolo26m_fp16,true,13.22,17.72,0.01,2
../../val2017/000000238039.jpg,1789050428064,200,,43.80,yolo26n_int8,true,14.74,8.41,0.01,1
../../val2017/000000239041.jpg,1789050428073,200,,32.65,yolo26n_int8,true,9.51,10.92,0.01,5
../../val2017/000000238410.jpg,1789050428084,200,,53.41,yolo26m_fp16,true,13.60,22.31,0.01,34
../../val2017/000000239857.jpg,1789050428106,200,,41.64,yolo26n_int8,true,15.22,11.23,0.01,9
../../val2017/000000239537.jpg,1789050428106,200,,52.46,yolo26m_fp16,true,13.17,20.16,0.01,3
../../val2017/000000241297.jpg,1789050428123,200,,39.08,yolo26n_int8,true,8.90,11.51,0.01,1
../../val2017/000000240250.jpg,1789050428134,200,,60.67,yolo26m_fp16,true,16.41,18.41,0.01,16
../../val2017/000000243989.jpg,1789050428152,200,,45.94,yolo26n_int8,true,15.26,11.56,0.01,6
../../val2017/000000244496.jpg,1789050428162,200,,28.03,yolo26n_int8,true,9.41,9.70,0.01,2
../../val2017/000000243344.jpg,1789050428164,200,,58.54,yolo26m_fp16,true,15.88,25.20,0.01,2
../../val2017/000000244019.jpg,1789050428178,200,,54.51,yolo26m_fp16,true,13.50,22.88,0.01,1
../../val2017/000000245026.jpg,1789050428194,200,,41.45,yolo26m_fp16,true,13.37,14.10,0.01,6
../../val2017/000000245173.jpg,1789050428211,200,,47.75,yolo26n_int8,true,13.49,11.00,0.01,1
../../val2017/000000245311.jpg,1789050428223,200,,57.66,yolo26m_fp16,true,15.18,25.94,0.01,22
../../val2017/000000246308.jpg,1789050428223,200,,44.97,yolo26n_int8,true,13.89,13.71,0.01,8
../../val2017/000000246522.jpg,1789050428236,200,,41.96,yolo26m_fp16,true,13.49,16.42,0.01,2
../../val2017/000000247917.jpg,1789050428245,200,,34.21,yolo26n_int8,true,10.34,5.87,0.01,13
../../val2017/000000248112.jpg,1789050428267,200,,43.33,yolo26n_int8,true,15.49,11.15,0.01,4
../../val2017/000000248111.jpg,1789050428267,200,,43.60,yolo26m_fp16,true,12.27,19.76,0.01,6
../../val2017/000000248752.jpg,1789050428277,200,,31.60,yolo26n_int8,true,9.89,11.88,0.01,2
../../val2017/000000248334.jpg,1789050428287,200,,50.43,yolo26m_fp16,true,14.30,20.10,0.01,8
../../val2017/000000250619.jpg,1789050428308,200,,41.33,yolo26n_int8,true,12.74,12.08,0.01,1
../../val2017/000000250282.jpg,1789050428319,200,,51.90,yolo26m_fp16,true,13.11,22.84,0.01,22
../../val2017/000000251119.jpg,1789050428323,200,,35.77,yolo26n_int8,true,14.34,9.13,0.01,0
../../val2017/000000250901.jpg,1789050428334,200,,56.60,yolo26m_fp16,true,14.02,25.85,0.01,6
../../val2017/000000251572.jpg,1789050428350,200,,41.18,yolo26m_fp16,true,13.86,14.66,0.01,2
../../val2017/000000253742.jpg,1789050428362,200,,43.08,yolo26n_int8,true,15.02,8.21,0.01,19
../../val2017/000000256518.jpg,1789050428373,200,,38.70,yolo26n_int8,true,13.64,11.73,0.01,5
../../val2017/000000255912.jpg,1789050428379,200,,55.75,yolo26m_fp16,true,12.81,21.60,0.01,7
../../val2017/000000256868.jpg,1789050428393,200,,43.59,yolo26m_fp16,true,13.10,14.69,0.01,10
../../val2017/000000257169.jpg,1789050428397,200,,34.64,yolo26n_int8,true,14.72,5.70,0.01,1
../../val2017/000000259597.jpg,1789050428419,200,,39.91,yolo26n_int8,true,12.82,12.76,0.01,10
../../val2017/000000258911.jpg,1789050428425,200,,52.23,yolo26m_fp16,true,14.93,20.09,0.01,9
../../val2017/000000260925.jpg,1789050428439,200,,41.10,yolo26n_int8,true,13.83,11.23,0.01,2
../../val2017/000000260657.jpg,1789050428445,200,,50.80,yolo26m_fp16,true,14.27,24.88,0.01,0
../../val2017/000000261097.jpg,1789050428466,200,,40.82,yolo26n_int8,true,15.53,12.28,0.01,3
../../val2017/000000261061.jpg,1789050428467,200,,46.88,yolo26m_fp16,true,14.23,20.46,0.01,2
../../val2017/000000263463.jpg,1789050428478,200,,33.28,yolo26n_int8,true,12.66,5.65,0.01,0
../../val2017/000000262487.jpg,1789050428494,200,,55.07,yolo26m_fp16,true,12.39,14.31,0.01,4
../../val2017/000000263474.jpg,1789050428512,200,,45.61,yolo26m_fp16,true,16.40,14.24,0.01,1
../../val2017/000000264535.jpg,1789050428523,200,,56.47,yolo26n_int8,true,16.25,10.77,0.01,4
../../val2017/000000264968.jpg,1789050428533,200,,54.24,yolo26m_fp16,true,14.67,26.42,0.01,7
../../val2017/000000266206.jpg,1789050428536,200,,40.84,yolo26n_int8,true,13.70,9.00,0.01,0
../../val2017/000000267300.jpg,1789050428560,200,,36.17,yolo26n_int8,true,14.38,9.25,0.00,2
../../val2017/000000266400.jpg,1789050428560,200,,46.99,yolo26m_fp16,true,12.52,19.57,0.01,11
../../val2017/000000267670.jpg,1789050428572,200,,35.66,yolo26n_int8,true,15.16,8.32,0.01,1
../../val2017/000000267537.jpg,1789050428584,200,,50.63,yolo26m_fp16,true,12.85,16.47,0.01,14
../../val2017/000000270244.jpg,1789050428603,200,,43.55,yolo26n_int8,true,14.09,10.90,0.01,1
../../val2017/000000269682.jpg,1789050428605,200,,45.34,yolo26m_fp16,true,13.28,19.84,0.01,9
../../val2017/000000270297.jpg,1789050428623,200,,50.48,yolo26m_fp16,true,11.93,13.98,0.01,3
../../val2017/000000270677.jpg,1789050428639,200,,54.37,yolo26n_int8,true,13.34,8.23,0.01,2
../../val2017/000000272364.jpg,1789050428648,200,,42.85,yolo26n_int8,true,13.59,13.13,0.01,2
../../val2017/000000271997.jpg,1789050428654,200,,50.63,yolo26m_fp16,true,12.36,21.13,0.01,2
../../val2017/000000273642.jpg,1789050428668,200,,45.22,yolo26m_fp16,true,14.58,16.87,0.01,3
../../val2017/000000273711.jpg,1789050428676,200,,36.32,yolo26n_int8,true,13.61,5.63,0.01,9
../../val2017/000000275791.jpg,1789050428700,200,,44.94,yolo26n_int8,true,14.81,10.04,0.01,4
../../val2017/000000273715.jpg,1789050428702,200,,53.07,yolo26m_fp16,true,15.27,19.47,0.01,6
../../val2017/000000276720.jpg,1789050428719,200,,41.22,yolo26n_int8,true,13.94,12.20,0.01,4
../../val2017/000000276285.jpg,1789050428720,200,,51.09,yolo26m_fp16,true,12.47,20.29,0.01,12
../../val2017/000000278006.jpg,1789050428739,200,,36.85,yolo26n_int8,true,13.22,10.92,0.01,0
../../val2017/000000277197.jpg,1789050428749,200,,49.30,yolo26m_fp16,true,13.48,19.14,0.01,7
../../val2017/000000280891.jpg,1789050428761,200,,41.06,yolo26n_int8,true,13.81,10.94,0.01,7
../../val2017/000000278848.jpg,1789050428769,200,,49.61,yolo26m_fp16,true,13.49,22.51,0.01,11
../../val2017/000000281687.jpg,1789050428785,200,,45.79,yolo26m_fp16,true,14.58,18.43,0.01,15
../../val2017/000000281754.jpg,1789050428791,200,,41.34,yolo26n_int8,true,14.89,9.05,0.01,3
../../val2017/000000282046.jpg,1789050428804,200,,42.85,yolo26m_fp16,true,15.14,17.43,0.01,1
../../val2017/000000283070.jpg,1789050428804,200,,35.42,yolo26n_int8,true,12.04,7.11,0.01,5
../../val2017/000000283412.jpg,1789050428831,200,,39.77,yolo26n_int8,true,13.05,12.48,0.01,3
../../val2017/000000283113.jpg,1789050428837,200,,51.72,yolo26m_fp16,true,11.80,22.36,0.01,4
../../val2017/000000285349.jpg,1789050428841,200,,35.90,yolo26n_int8,true,10.25,13.38,0.01,1
../../val2017/000000284991.jpg,1789050428853,200,,48.32,yolo26m_fp16,true,14.91,19.09,0.01,2
../../val2017/000000286849.jpg,1789050428872,200,,40.69,yolo26m_fp16,true,13.21,14.45,0.01,4
../../val2017/000000286908.jpg,1789050428891,200,,53.54,yolo26n_int8,true,15.58,11.65,0.01,19
../../val2017/000000287527.jpg,1789050428895,200,,54.44,yolo26m_fp16,true,14.01,22.86,0.01,4
../../val2017/000000289516.jpg,1789050428903,200,,49.69,yolo26n_int8,true,13.86,11.38,0.01,2
../../val2017/000000289594.jpg,1789050428916,200,,43.30,yolo26m_fp16,true,14.58,14.54,0.01,3
../../val2017/000000290163.jpg,1789050428921,200,,29.90,yolo26n_int8,true,9.27,5.81,0.01,6
../../val2017/000000292225.jpg,1789050428938,200,,35.08,yolo26n_int8,true,14.45,12.67,0.01,4
../../val2017/000000292488.jpg,1789050428948,200,,26.86,yolo26n_int8,true,7.79,9.14,0.00,2
../../val2017/000000291619.jpg,1789050428951,200,,54.49,yolo26m_fp16,true,12.22,25.22,0.01,3
../../val2017/000000292456.jpg,1789050428964,200,,48.48,yolo26m_fp16,true,15.40,19.31,0.01,7
../../val2017/000000292908.jpg,1789050428983,200,,44.24,yolo26m_fp16,true,14.18,14.73,0.01,2
../../val2017/000000292997.jpg,1789050428993,200,,43.87,yolo26n_int8,true,15.94,11.10,0.01,8
../../val2017/000000293071.jpg,1789050429004,200,,53.05,yolo26m_fp16,true,14.85,25.36,0.01,4
../../val2017/000000293245.jpg,1789050429005,200,,40.68,yolo26n_int8,true,14.24,7.30,0.01,1
../../val2017/000000293794.jpg,1789050429032,200,,39.48,yolo26n_int8,true,14.05,11.66,0.01,8
../../val2017/000000293300.jpg,1789050429038,200,,54.47,yolo26m_fp16,true,12.74,19.77,0.01,4
../../val2017/000000294831.jpg,1789050429048,200,,41.72,yolo26n_int8,true,13.10,10.69,0.01,5
../../val2017/000000294783.jpg,1789050429057,200,,51.47,yolo26m_fp16,true,12.99,19.72,0.01,5
../../val2017/000000296224.jpg,1789050429081,200,,42.96,yolo26n_int8,true,13.85,11.50,0.01,1
../../val2017/000000295420.jpg,1789050429087,200,,54.30,yolo26m_fp16,true,13.18,22.46,0.01,6
../../val2017/000000297353.jpg,1789050429089,200,,31.36,yolo26n_int8,true,7.04,11.85,0.01,2
../../val2017/000000296284.jpg,1789050429104,200,,56.34,yolo26m_fp16,true,15.79,29.02,0.01,9
../../val2017/000000299355.jpg,1789050429128,200,,40.57,yolo26n_int8,true,16.29,12.76,0.01,1
../../val2017/000000297681.jpg,1789050429134,200,,53.06,yolo26m_fp16,true,13.89,19.72,0.01,2
../../val2017/000000301718.jpg,1789050429150,200,,44.66,yolo26n_int8,true,13.24,12.48,0.01,9
../../val2017/000000301376.jpg,1789050429154,200,,65.61,yolo26m_fp16,true,15.65,36.85,0.01,20
../../val2017/000000303653.jpg,1789050429179,200,,44.85,yolo26n_int8,true,13.67,11.77,0.01,6
../../val2017/000000303305.jpg,1789050429186,200,,57.85,yolo26m_fp16,true,13.52,22.57,0.01,2
../../val2017/000000304396.jpg,1789050429193,200,,37.94,yolo26n_int8,true,13.81,9.61,0.01,2
../../val2017/000000304291.jpg,1789050429204,200,,53.99,yolo26m_fp16,true,13.62,19.06,0.01,1
../../val2017/000000305309.jpg,1789050429227,200,,40.36,yolo26n_int8,true,12.94,12.00,0.01,3
../../val2017/000000304560.jpg,1789050429232,200,,52.40,yolo26m_fp16,true,13.08,20.73,0.01,1
../../val2017/000000306582.jpg,1789050429253,200,,48.35,yolo26n_int8,true,15.59,9.94,0.00,0
../../val2017/000000305609.jpg,1789050429253,200,,60.25,yolo26m_fp16,true,20.04,23.14,0.01,9
../../val2017/000000307145.jpg,1789050429258,200,,25.77,yolo26n_int8,true,10.59,8.17,0.02,2
../../val2017/000000306733.jpg,1789050429272,200,,45.02,yolo26m_fp16,true,12.73,14.32,0.01,7
../../val2017/000000308328.jpg,1789050429296,200,,42.26,yolo26n_int8,true,12.89,11.17,0.01,6
../../val2017/000000307598.jpg,1789050429305,200,,51.71,yolo26m_fp16,true,12.07,22.40,0.01,1
../../val2017/000000309173.jpg,1789050429311,200,,38.31,yolo26n_int8,true,15.17,10.99,0.01,1
../../val2017/000000308476.jpg,1789050429322,200,,63.06,yolo26m_fp16,true,14.68,29.55,0.01,2
../../val2017/000000309678.jpg,1789050429340,200,,44.07,yolo26m_fp16,true,13.58,15.05,0.01,2
../../val2017/000000309938.jpg,1789050429343,200,,37.91,yolo26n_int8,true,14.82,6.73,0.01,1
../../val2017/000000311789.jpg,1789050429355,200,,32.74,yolo26n_int8,true,9.50,11.10,0.01,2
../../val2017/000000311518.jpg,1789050429366,200,,54.60,yolo26m_fp16,true,15.12,19.07,0.01,1
../../val2017/000000312406.jpg,1789050429385,200,,41.59,yolo26n_int8,true,13.71,12.20,0.01,3
../../val2017/000000312278.jpg,1789050429390,200,,49.52,yolo26m_fp16,true,12.63,20.23,0.01,3
../../val2017/000000313182.jpg,1789050429406,200,,40.60,yolo26n_int8,true,12.41,12.73,0.01,4
../../val2017/000000313130.jpg,1789050429408,200,,52.83,yolo26m_fp16,true,13.78,24.46,0.01,6
../../val2017/000000314182.jpg,1789050429422,200,,31.97,yolo26n_int8,true,13.69,5.64,0.01,8
../../val2017/000000313562.jpg,1789050429437,200,,51.96,yolo26m_fp16,true,14.92,14.70,0.01,4
../../val2017/000000316054.jpg,1789050429441,200,,32.65,yolo26n_int8,true,10.12,5.39,0.01,2
../../val2017/000000314914.jpg,1789050429455,200,,48.41,yolo26m_fp16,true,13.54,14.19,0.01,2
../../val2017/000000319607.jpg,1789050429471,200,,48.45,yolo26m_fp16,true,13.62,14.25,0.01,6
../../val2017/000000322429.jpg,1789050429490,200,,52.20,yolo26n_int8,true,13.99,12.74,0.01,7
../../val2017/000000322610.jpg,1789050429493,200,,51.27,yolo26m_fp16,true,15.34,19.75,0.01,24
../../val2017/000000322959.jpg,1789050429496,200,,40.48,yolo26n_int8,true,14.68,5.51,0.01,4
../../val2017/000000323263.jpg,1789050429518,200,,46.18,yolo26m_fp16,true,12.41,14.55,0.01,8
../../val2017/000000326462.jpg,1789050429533,200,,42.41,yolo26n_int8,true,16.43,12.60,0.01,0
../../val2017/000000327617.jpg,1789050429545,200,,48.65,yolo26n_int8,true,13.52,18.46,0.01,2
../../val2017/000000327601.jpg,1789050429545,200,,52.33,yolo26m_fp16,true,15.99,25.41,0.01,4
../../val2017/000000328337.jpg,1789050429565,200,,31.79,yolo26n_int8,true,9.95,11.15,0.01,1
../../val2017/000000328030.jpg,1789050429566,200,,47.77,yolo26m_fp16,true,12.40,20.06,0.01,5
../../val2017/000000330554.jpg,1789050429588,200,,42.45,yolo26n_int8,true,14.67,12.46,0.01,0
../../val2017/000000329614.jpg,1789050429590,200,,44.59,yolo26m_fp16,true,14.85,20.07,0.01,13
../../val2017/000000331075.jpg,1789050429601,200,,34.52,yolo26n_int8,true,8.62,8.23,0.01,1
../../val2017/000000330790.jpg,1789050429615,200,,49.88,yolo26m_fp16,true,14.28,14.72,0.01,3
../../val2017/000000331352.jpg,1789050429629,200,,40.97,yolo26m_fp16,true,14.57,14.49,0.01,1
../../val2017/000000331799.jpg,1789050429642,200,,51.64,yolo26n_int8,true,15.27,11.39,0.01,5
../../val2017/000000332570.jpg,1789050429651,200,,35.56,yolo26n_int8,true,10.59,14.06,0.01,2
../../val2017/000000332351.jpg,1789050429656,200,,55.25,yolo26m_fp16,true,14.62,25.08,0.02,19
../../val2017/000000332901.jpg,1789050429677,200,,46.93,yolo26m_fp16,true,13.83,17.07,0.01,6
../../val2017/000000333697.jpg,1789050429680,200,,38.06,yolo26n_int8,true,15.01,6.69,0.01,0
../../val2017/000000333956.jpg,1789050429689,200,,32.55,yolo26n_int8,true,9.18,13.08,0.01,1
../../val2017/000000333745.jpg,1789050429698,200,,46.62,yolo26m_fp16,true,13.95,19.84,0.01,6
../../val2017/000000334555.jpg,1789050429717,200,,35.92,yolo26n_int8,true,13.05,5.97,0.01,13
../../val2017/000000336209.jpg,1789050429731,200,,33.62,yolo26n_int8,true,8.84,12.84,0.01,1
../../val2017/000000334483.jpg,1789050429738,200,,60.74,yolo26m_fp16,true,13.73,20.25,0.01,20
../../val2017/000000335427.jpg,1789050429752,200,,62.23,yolo26m_fp16,true,13.47,31.01,0.01,8
../../val2017/000000336265.jpg,1789050429768,200,,51.53,yolo26m_fp16,true,14.57,22.19,0.01,2
../../val2017/000000336658.jpg,1789050429771,200,,39.77,yolo26n_int8,true,15.09,6.99,0.01,3
../../val2017/000000338304.jpg,1789050429790,200,,38.20,yolo26n_int8,true,12.82,10.73,0.01,7
../../val2017/000000338191.jpg,1789050429801,200,,62.38,yolo26m_fp16,true,13.51,17.97,0.01,9
../../val2017/000000339823.jpg,1789050429819,200,,47.74,yolo26n_int8,true,15.25,12.40,0.01,1
../../val2017/000000338901.jpg,1789050429821,200,,52.53,yolo26m_fp16,true,14.05,21.22,0.01,5
../../val2017/000000342186.jpg,1789050429839,200,,37.09,yolo26n_int8,true,9.97,9.63,0.00,2
../../val2017/000000339870.jpg,1789050429839,200,,48.56,yolo26m_fp16,true,11.91,19.47,0.01,4
../../val2017/000000343524.jpg,1789050429851,200,,29.10,yolo26n_int8,true,12.23,5.67,0.01,2
../../val2017/000000345356.jpg,1789050429866,200,,27.02,yolo26n_int8,true,8.19,5.85,0.01,4
../../val2017/000000343315.jpg,1789050429881,200,,60.78,yolo26m_fp16,true,17.61,14.27,0.01,1
../../val2017/000000343706.jpg,1789050429896,200,,57.45,yolo26m_fp16,true,13.36,22.01,0.01,2
../../val2017/000000346703.jpg,1789050429914,200,,47.25,yolo26n_int8,true,14.88,11.96,0.01,14
../../val2017/000000345397.jpg,1789050429914,200,,63.38,yolo26m_fp16,true,14.79,36.11,0.01,3
../../val2017/000000347174.jpg,1789050429936,200,,53.79,yolo26m_fp16,true,14.71,19.81,0.01,2
../../val2017/000000347254.jpg,1789050429936,200,,39.77,yolo26n_int8,true,14.79,10.59,0.01,3
../../val2017/000000347370.jpg,1789050429946,200,,31.86,yolo26n_int8,true,10.89,5.74,0.01,1
../../val2017/000000347265.jpg,1789050429964,200,,49.90,yolo26m_fp16,true,13.64,14.82,0.01,2
../../val2017/000000347664.jpg,1789050429979,200,,41.85,yolo26n_int8,true,13.68,8.25,0.01,14
../../val2017/000000348012.jpg,1789050429989,200,,42.02,yolo26m_fp16,true,13.57,16.01,0.02,2
../../val2017/000000349184.jpg,1789050429998,200,,33.67,yolo26n_int8,true,8.75,10.69,0.01,7
../../val2017/000000347456.jpg,1789050430010,200,,74.16,yolo26m_fp16,true,18.38,33.24,0.01,2
../../val2017/000000349860.jpg,1789050430026,200,,37.41,yolo26n_int8,true,13.45,10.84,0.01,4
../../val2017/000000349302.jpg,1789050430036,200,,56.30,yolo26m_fp16,true,12.30,19.88,0.01,2
../../val2017/000000350148.jpg,1789050430047,200,,36.21,yolo26n_int8,true,10.18,10.72,0.01,8
../../val2017/000000350054.jpg,1789050430055,200,,56.49,yolo26m_fp16,true,17.24,25.68,0.02,2
../../val2017/000000351589.jpg,1789050430078,200,,42.19,yolo26n_int8,true,15.09,10.46,0.01,2
../../val2017/000000351559.jpg,1789050430078,200,,51.46,yolo26m_fp16,true,13.63,25.62,0.01,1
../../val2017/000000352584.jpg,1789050430089,200,,34.10,yolo26n_int8,true,10.10,10.72,0.01,0
../../val2017/000000351810.jpg,1789050430098,200,,50.72,yolo26m_fp16,true,14.79,20.42,0.01,12
../../val2017/000000353180.jpg,1789050430113,200,,34.63,yolo26n_int8,true,13.82,8.35,0.01,10
../../val2017/000000353027.jpg,1789050430126,200,,47.88,yolo26m_fp16,true,13.10,18.99,0.01,3
../../val2017/000000355610.jpg,1789050430130,200,,31.84,yolo26n_int8,true,11.31,9.47,0.01,2
../../val2017/000000354072.jpg,1789050430142,200,,52.35,yolo26m_fp16,true,14.03,24.92,0.01,3
../../val2017/000000355817.jpg,1789050430161,200,,47.62,yolo26m_fp16,true,13.51,15.46,0.01,2
../../val2017/000000356248.jpg,1789050430168,200,,41.42,yolo26n_int8,true,15.44,5.95,0.01,10
../../val2017/000000356387.jpg,1789050430180,200,,37.58,yolo26n_int8,true,9.41,12.35,0.01,7
../../val2017/000000356261.jpg,1789050430188,200,,57.09,yolo26m_fp16,true,13.77,20.00,0.01,1
../../val2017/000000356498.jpg,1789050430209,200,,40.53,yolo26n_int8,true,15.60,10.60,0.01,0
../../val2017/000000356432.jpg,1789050430209,200,,48.25,yolo26m_fp16,true,12.75,22.80,0.01,4
../../val2017/000000357742.jpg,1789050430222,200,,33.74,yolo26n_int8,true,8.23,10.83,0.01,3
../../val2017/000000357459.jpg,1789050430232,200,,51.80,yolo26m_fp16,true,13.41,18.79,0.01,3
../../val2017/000000360097.jpg,1789050430249,200,,38.55,yolo26n_int8,true,14.77,10.87,0.01,1
../../val2017/000000359937.jpg,1789050430258,200,,48.57,yolo26m_fp16,true,12.24,17.31,0.01,2
../../val2017/000000361142.jpg,1789050430266,200,,34.30,yolo26n_int8,true,10.75,10.83,0.01,7
../../val2017/000000360325.jpg,1789050430277,200,,55.30,yolo26m_fp16,true,13.45,26.00,0.01,13
../../val2017/000000361238.jpg,1789050430298,200,,49.12,yolo26m_fp16,true,14.79,17.76,0.01,11
../../val2017/000000361506.jpg,1789050430303,200,,44.47,yolo26n_int8,true,18.30,10.42,0.01,1
../../val2017/000000361919.jpg,1789050430317,200,,39.54,yolo26n_int8,true,9.62,12.09,0.01,10
../../val2017/000000361621.jpg,1789050430318,200,,51.49,yolo26m_fp16,true,14.46,25.20,0.01,2
../../val2017/000000364884.jpg,1789050430343,200,,40.09,yolo26n_int8,true,13.96,12.75,0.01,1
../../val2017/000000364126.jpg,1789050430346,200,,47.78,yolo26m_fp16,true,11.91,20.15,0.01,2
../../val2017/000000365207.jpg,1789050430357,200,,38.85,yolo26n_int8,true,8.69,12.57,0.01,3
../../val2017/000000365098.jpg,1789050430367,200,,48.54,yolo26m_fp16,true,13.28,20.56,0.01,1
../../val2017/000000366141.jpg,1789050430388,200,,41.54,yolo26n_int8,true,14.25,13.06,0.01,2
../../val2017/000000365766.jpg,1789050430398,200,,54.68,yolo26m_fp16,true,14.80,22.56,0.01,4
../../val2017/000000366225.jpg,1789050430401,200,,33.55,yolo26n_int8,true,8.97,10.78,0.01,4
../../val2017/000000366178.jpg,1789050430414,200,,56.40,yolo26m_fp16,true,14.44,29.57,0.01,4
../../val2017/000000366884.jpg,1789050430440,200,,41.33,yolo26n_int8,true,13.43,13.30,0.01,3
../../val2017/000000367680.jpg,1789050430452,200,,37.68,yolo26n_int8,true,14.95,13.19,0.01,10
../../val2017/000000366711.jpg,1789050430453,200,,64.63,yolo26m_fp16,true,15.14,25.34,0.01,4
../../val2017/000000367228.jpg,1789050430466,200,,65.64,yolo26m_fp16,true,14.49,37.45,0.01,3
../../val2017/000000370818.jpg,1789050430491,200,,37.52,yolo26n_int8,true,9.76,10.58,0.01,2
../../val2017/000000369541.jpg,1789050430494,200,,54.11,yolo26m_fp16,true,17.29,20.31,0.01,7
../../val2017/000000370999.jpg,1789050430509,200,,41.84,yolo26n_int8,true,14.22,12.62,0.01,2
../../val2017/000000370478.jpg,1789050430514,200,,61.22,yolo26m_fp16,true,16.63,26.99,0.01,8
../../val2017/000000372349.jpg,1789050430523,200,,27.96,yolo26n_int8,true,9.15,5.67,0.01,2
../../val2017/000000371552.jpg,1789050430541,200,,50.44,yolo26m_fp16,true,14.03,14.55,0.01,7
../../val2017/000000374551.jpg,1789050430557,200,,42.25,yolo26n_int8,true,16.01,12.86,0.01,1
../../val2017/000000373705.jpg,1789050430564,200,,55.13,yolo26m_fp16,true,20.42,20.02,0.01,8
../../val2017/000000376856.jpg,1789050430582,200,,40.20,yolo26n_int8,true,10.44,10.59,0.00,1
../../val2017/000000376307.jpg,1789050430582,200,,59.38,yolo26m_fp16,true,14.37,29.60,0.01,14
../../val2017/000000377000.jpg,1789050430611,200,,46.93,yolo26n_int8,true,15.43,12.61,0.01,1
../../val2017/000000376900.jpg,1789050430613,200,,55.60,yolo26m_fp16,true,14.48,19.58,0.01,15
../../val2017/000000377670.jpg,1789050430625,200,,41.98,yolo26n_int8,true,12.67,10.89,0.01,3
../../val2017/000000377635.jpg,1789050430635,200,,52.79,yolo26m_fp16,true,12.64,18.94,0.01,6
../../val2017/000000377882.jpg,1789050430658,200,,44.32,yolo26n_int8,true,13.41,10.80,0.01,0
../../val2017/000000377723.jpg,1789050430665,200,,53.23,yolo26m_fp16,true,12.89,20.24,0.01,15
../../val2017/000000379453.jpg,1789050430677,200,,41.98,yolo26n_int8,true,20.58,13.01,0.01,1
../../val2017/000000378116.jpg,1789050430683,200,,58.45,yolo26m_fp16,true,13.63,29.49,0.01,2
../../val2017/000000382030.jpg,1789050430704,200,,39.04,yolo26n_int8,true,14.65,12.04,0.01,1
../../val2017/000000380913.jpg,1789050430707,200,,49.57,yolo26m_fp16,true,13.34,20.06,0.01,16
../../val2017/000000382734.jpg,1789050430726,200,,42.19,yolo26n_int8,true,15.11,10.55,0.01,0
../../val2017/000000382122.jpg,1789050430727,200,,49.47,yolo26m_fp16,true,13.94,19.79,0.01,1
../../val2017/000000383606.jpg,1789050430747,200,,39.13,yolo26n_int8,true,12.94,10.67,0.01,2
../../val2017/000000383386.jpg,1789050430754,200,,49.13,yolo26m_fp16,true,13.85,17.33,0.01,4
../../val2017/000000384527.jpg,1789050430772,200,,42.71,yolo26n_int8,true,15.29,10.63,0.01,7
../../val2017/000000383921.jpg,1789050430782,200,,56.17,yolo26m_fp16,true,14.51,19.21,0.01,13
../../val2017/000000386134.jpg,1789050430793,200,,39.66,yolo26n_int8,true,12.13,12.26,0.01,0
../../val2017/000000384666.jpg,1789050430801,200,,53.79,yolo26m_fp16,true,14.26,24.57,0.01,10
../../val2017/000000389197.jpg,1789050430821,200,,38.28,yolo26n_int8,true,13.36,10.58,0.01,5
../../val2017/000000387916.jpg,1789050430827,200,,54.73,yolo26m_fp16,true,15.20,22.69,0.01,14
../../val2017/000000389532.jpg,1789050430829,200,,28.00,yolo26n_int8,true,7.65,11.93,0.01,4
../../val2017/000000389451.jpg,1789050430843,200,,49.00,yolo26m_fp16,true,13.09,17.08,0.01,16
../../val2017/000000391140.jpg,1789050430866,200,,38.58,yolo26n_int8,true,13.56,10.95,0.01,1
../../val2017/000000389812.jpg,1789050430880,200,,59.05,yolo26m_fp16,true,12.59,24.51,0.01,2
../../val2017/000000393056.jpg,1789050430881,200,,37.52,yolo26n_int8,true,13.40,9.29,0.00,1
../../val2017/000000393014.jpg,1789050430895,200,,65.46,yolo26m_fp16,true,14.22,30.48,0.01,3
../../val2017/000000393093.jpg,1789050430916,200,,49.38,yolo26m_fp16,true,15.55,17.32,0.01,11
../../val2017/000000393226.jpg,1789050430920,200,,39.22,yolo26n_int8,true,10.91,9.87,0.01,7
../../val2017/000000395575.jpg,1789050430937,200,,56.27,yolo26m_fp16,true,15.28,22.41,0.01,3
../../val2017/000000396518.jpg,1789050430937,200,,42.29,yolo26n_int8,true,15.25,10.52,0.01,2
../../val2017/000000397354.jpg,1789050430947,200,,26.68,yolo26n_int8,true,9.14,5.79,0.01,15
../../val2017/000000396580.jpg,1789050430970,200,,52.88,yolo26m_fp16,true,15.12,14.71,0.01,1
../../val2017/000000399560.jpg,1789050430980,200,,42.87,yolo26n_int8,true,15.18,12.48,0.03,1
../../val2017/000000399296.jpg,1789050430988,200,,50.54,yolo26m_fp16,true,14.35,20.80,0.01,9
../../val2017/000000400161.jpg,1789050431005,200,,35.30,yolo26n_int8,true,9.77,10.52,0.00,5
../../val2017/000000400082.jpg,1789050431007,200,,60.07,yolo26m_fp16,true,14.97,31.67,0.01,5
../../val2017/000000401244.jpg,1789050431028,200,,39.99,yolo26n_int8,true,13.77,11.44,0.01,2
../../val2017/000000400573.jpg,1789050431034,200,,52.83,yolo26m_fp16,true,12.39,22.34,0.01,4
../../val2017/000000402334.jpg,1789050431036,200,,28.72,yolo26n_int8,true,8.26,10.26,0.01,2
../../val2017/000000402096.jpg,1789050431049,200,,44.09,yolo26m_fp16,true,12.30,17.82,0.01,0
../../val2017/000000402765.jpg,1789050431077,200,,42.84,yolo26n_int8,true,19.11,12.39,0.01,1
../../val2017/000000402615.jpg,1789050431088,200,,59.03,yolo26m_fp16,true,12.97,24.62,0.01,8
../../val2017/000000403385.jpg,1789050431088,200,,38.04,yolo26n_int8,true,13.75,10.70,0.01,3
../../val2017/000000403122.jpg,1789050431101,200,,65.02,yolo26m_fp16,true,12.24,37.99,0.01,28
../../val2017/000000404479.jpg,1789050431122,200,,34.40,yolo26n_int8,true,10.06,10.77,0.01,1
../../val2017/000000403584.jpg,1789050431136,200,,58.69,yolo26m_fp16,true,14.00,17.72,0.01,8
../../val2017/000000405691.jpg,1789050431147,200,,45.32,yolo26n_int8,true,14.12,12.59,0.01,6
../../val2017/000000404128.jpg,1789050431154,200,,66.48,yolo26m_fp16,true,13.67,36.65,0.01,1
../../val2017/000000405972.jpg,1789050431169,200,,46.30,yolo26m_fp16,true,13.66,15.94,0.01,2
../../val2017/000000407524.jpg,1789050431174,200,,37.94,yolo26n_int8,true,15.70,6.72,0.01,3
../../val2017/000000407825.jpg,1789050431196,200,,48.91,yolo26m_fp16,true,16.84,17.38,0.01,5
../../val2017/000000408120.jpg,1789050431200,200,,44.91,yolo26n_int8,true,15.43,8.67,0.01,2
../../val2017/000000410496.jpg,1789050431223,200,,53.55,yolo26m_fp16,true,16.25,20.03,0.01,16
../../val2017/000000410510.jpg,1789050431223,200,,48.84,yolo26n_int8,true,16.45,12.30,0.01,2
../../val2017/000000410880.jpg,1789050431236,200,,36.34,yolo26n_int8,true,11.16,11.87,0.01,3
../../val2017/000000410612.jpg,1789050431247,200,,50.12,yolo26m_fp16,true,12.82,20.70,0.01,2
../../val2017/000000411953.jpg,1789050431275,200,,51.59,yolo26m_fp16,true,15.93,20.69,0.01,3
../../val2017/000000412887.jpg,1789050431276,200,,52.43,yolo26n_int8,true,18.20,10.85,0.01,2
../../val2017/000000413552.jpg,1789050431282,200,,35.09,yolo26n_int8,true,9.89,14.54,0.01,1
../../val2017/000000413247.jpg,1789050431294,200,,57.42,yolo26m_fp16,true,14.97,23.79,0.01,4
../../val2017/000000415194.jpg,1789050431312,200,,35.76,yolo26n_int8,true,12.92,8.23,0.01,4
../../val2017/000000414170.jpg,1789050431325,200,,49.60,yolo26m_fp16,true,13.82,18.16,0.01,7
../../val2017/000000416745.jpg,1789050431328,200,,33.80,yolo26n_int8,true,12.66,9.86,0.01,1
../../val2017/000000416256.jpg,1789050431341,200,,58.31,yolo26m_fp16,true,13.10,33.71,0.01,3
../../val2017/000000416991.jpg,1789050431365,200,,40.05,yolo26n_int8,true,13.51,12.08,0.01,6
../../val2017/000000416758.jpg,1789050431366,200,,53.88,yolo26m_fp16,true,14.23,19.82,0.01,6
../../val2017/000000417465.jpg,1789050431377,200,,34.97,yolo26n_int8,true,8.01,11.58,0.01,3
../../val2017/000000417043.jpg,1789050431385,200,,56.34,yolo26m_fp16,true,13.47,28.26,0.01,1
../../val2017/000000419379.jpg,1789050431405,200,,38.81,yolo26n_int8,true,13.14,10.67,0.01,6
../../val2017/000000419653.jpg,1789050431417,200,,32.35,yolo26n_int8,true,9.09,10.20,0.01,7
../../val2017/000000417911.jpg,1789050431418,200,,51.99,yolo26m_fp16,true,12.63,22.40,0.01,2
../../val2017/000000419408.jpg,1789050431433,200,,55.72,yolo26m_fp16,true,13.69,21.94,0.01,11
../../val2017/000000419882.jpg,1789050431455,200,,49.29,yolo26m_fp16,true,16.26,17.04,0.01,6
../../val2017/000000419974.jpg,1789050431462,200,,44.37,yolo26n_int8,true,15.76,9.97,0.01,7
../../val2017/000000420840.jpg,1789050431476,200,,42.73,yolo26n_int8,true,14.69,11.41,0.01,3
../../val2017/000000420281.jpg,1789050431476,200,,57.94,yolo26m_fp16,true,14.38,23.12,0.01,4
../../val2017/000000422886.jpg,1789050431503,200,,47.42,yolo26m_fp16,true,12.37,14.87,0.01,2
../../val2017/000000423617.jpg,1789050431510,200,,48.03,yolo26n_int8,true,19.78,8.03,0.01,9
../../val2017/000000424162.jpg,1789050431522,200,,45.86,yolo26n_int8,true,13.72,13.23,0.01,8
../../val2017/000000423798.jpg,1789050431526,200,,50.61,yolo26m_fp16,true,13.92,21.76,0.01,5
../../val2017/000000424545.jpg,1789050431543,200,,32.58,yolo26n_int8,true,10.87,11.78,0.01,1
../../val2017/000000424349.jpg,1789050431549,200,,46.49,yolo26m_fp16,true,12.00,20.65,0.01,4
../../val2017/000000424551.jpg,1789050431570,200,,47.28,yolo26m_fp16,true,13.25,19.41,0.01,3
../../val2017/000000424642.jpg,1789050431571,200,,44.16,yolo26n_int8,true,16.56,9.89,0.01,4
../../val2017/000000426241.jpg,1789050431588,200,,38.14,yolo26n_int8,true,14.78,10.69,0.01,6
../../val2017/000000425906.jpg,1789050431591,200,,47.53,yolo26m_fp16,true,14.56,19.95,0.01,11
../../val2017/000000427649.jpg,1789050431609,200,,38.32,yolo26m_fp16,true,12.01,13.42,0.01,1
