path,timestamp_ms,status_code,error,wall_ms,engine,auto_routed,preprocess_ms,inference_ms,postprocess_ms,num_detections
../../val2017/000000005193.jpg,1789050458409,200,,52.46,yolo26n_int8,true,11.66,11.51,0.01,8
../../val2017/000000005477.jpg,1789050458410,200,,52.85,yolo26n_int8,true,13.50,11.66,0.01,1
../../val2017/000000006771.jpg,1789050458422,200,,65.90,yolo26n_int8,true,13.97,22.55,0.01,7
../../val2017/000000005992.jpg,1789050458437,200,,80.39,yolo26n_int8,true,24.05,19.82,0.01,5
../../val2017/000000003501.jpg,1789050458443,200,,83.44,yolo26m_fp16,true,21.68,27.81,0.01,4
../../val2017/000000002299.jpg,1789050458455,200,,95.63,yolo26n_int8,true,13.68,13.99,0.01,9
../../val2017/000000002157.jpg,1789050458465,200,,104.57,yolo26n_int8,true,13.04,23.33,0.01,7
../../val2017/000000008844.jpg,1789050458469,200,,113.03,yolo26m_fp16,true,24.64,48.42,0.01,4
../../val2017/000000006471.jpg,1789050458485,200,,125.57,yolo26n_int8,true,17.39,32.35,0.01,9
../../val2017/000000002587.jpg,1789050458495,200,,137.55,yolo26m_fp16,true,20.52,75.87,0.01,2
../../val2017/000000007991.jpg,1789050458498,200,,137.41,yolo26n_int8,true,16.00,24.62,0.01,1
../../val2017/000000010092.jpg,1789050458509,200,,95.21,yolo26n_int8,true,15.32,24.34,0.01,5
../../val2017/000000009914.jpg,1789050458524,200,,112.97,yolo26n_int8,true,18.99,16.25,0.01,3
../../val2017/000000001818.jpg,1789050458530,200,,171.35,yolo26m_fp16,true,15.88,104.88,0.01,2
../../val2017/000000010583.jpg,1789050458531,200,,108.16,yolo26n_int8,true,13.03,15.12,0.01,2
../../val2017/000000010764.jpg,1789050458546,200,,108.20,yolo26n_int8,true,15.43,14.29,0.01,2
../../val2017/000000008690.jpg,1789050458561,200,,201.38,yolo26m_fp16,true,15.37,81.31,0.01,9
../../val2017/000000010995.jpg,1789050458561,200,,106.09,yolo26n_int8,true,14.52,20.75,0.01,1
../../val2017/000000011511.jpg,1789050458577,200,,111.52,yolo26n_int8,true,19.67,13.32,0.01,6
../../val2017/000000012280.jpg,1789050458590,200,,104.40,yolo26n_int8,true,15.57,23.44,0.01,2
../../val2017/000000004795.jpg,1789050458591,200,,231.83,yolo26m_fp16,true,13.87,86.78,0.01,5
../../val2017/000000013201.jpg,1789050458601,200,,102.58,yolo26n_int8,true,17.63,22.74,0.02,2
../../val2017/000000013291.jpg,1789050458611,200,,101.61,yolo26n_int8,true,12.72,25.65,0.01,7
../../val2017/000000008629.jpg,1789050458618,200,,258.50,yolo26m_fp16,true,18.58,82.60,0.01,8
../../val2017/000000013546.jpg,1789050458625,200,,99.93,yolo26n_int8,true,15.94,15.43,0.01,4
../../val2017/000000013597.jpg,1789050458637,200,,105.89,yolo26n_int8,true,13.54,24.36,0.01,1
../../val2017/000000014888.jpg,1789050458648,200,,102.14,yolo26n_int8,true,15.16,14.69,0.01,0
../../val2017/000000009891.jpg,1789050458649,200,,292.77,yolo26m_fp16,true,16.20,89.64,0.01,13
../../val2017/000000015597.jpg,1789050458658,200,,96.08,yolo26n_int8,true,10.13,23.57,0.01,2
../../val2017/000000015746.jpg,1789050458672,200,,94.59,yolo26n_int8,true,15.19,16.70,0.01,1
../../val2017/000000010977.jpg,1789050458678,200,,235.22,yolo26m_fp16,true,16.78,89.76,0.01,4
../../val2017/000000016958.jpg,1789050458688,200,,97.26,yolo26n_int8,true,18.24,10.56,0.01,5
../../val2017/000000017182.jpg,1789050458699,200,,97.30,yolo26n_int8,true,14.05,21.42,0.01,2
../../val2017/000000017714.jpg,1789050458709,200,,98.23,yolo26n_int8,true,14.91,18.30,0.01,3
../../val2017/000000011615.jpg,1789050458710,200,,240.12,yolo26m_fp16,true,17.93,90.72,0.01,0
../../val2017/000000017959.jpg,1789050458721,200,,95.70,yolo26n_int8,true,12.84,24.21,0.01,4
../../val2017/000000013004.jpg,1789050458740,200,,244.90,yolo26m_fp16,true,16.11,82.16,0.01,1
../../val2017/000000019432.jpg,1789050458743,200,,105.18,yolo26n_int8,true,21.29,11.60,0.01,10
../../val2017/000000020059.jpg,1789050458753,200,,104.45,yolo26n_int8,true,22.20,16.42,0.01,3
../../val2017/000000014226.jpg,1789050458769,200,,237.99,yolo26m_fp16,true,15.28,84.37,0.01,5
../../val2017/000000020571.jpg,1789050458773,200,,115.33,yolo26n_int8,true,14.16,23.13,0.01,4
../../val2017/000000022192.jpg,1789050458783,200,,110.24,yolo26n_int8,true,12.07,39.80,0.01,3
../../val2017/000000015079.jpg,1789050458787,200,,225.90,yolo26m_fp16,true,16.47,77.88,0.01,3
../../val2017/000000023230.jpg,1789050458798,200,,109.53,yolo26n_int8,true,17.32,15.56,0.01,2
../../val2017/000000023781.jpg,1789050458812,200,,112.92,yolo26n_int8,true,15.46,26.33,0.01,5
../../val2017/000000015956.jpg,1789050458820,200,,229.58,yolo26m_fp16,true,19.35,68.12,0.01,3
../../val2017/000000025139.jpg,1789050458823,200,,112.88,yolo26n_int8,true,18.55,15.15,0.01,1
../../val2017/000000025181.jpg,1789050458839,200,,118.42,yolo26n_int8,true,13.11,22.70,0.01,4
../../val2017/000000027696.jpg,1789050458852,200,,109.33,yolo26n_int8,true,16.91,20.50,0.01,4
../../val2017/000000017905.jpg,1789050458853,200,,234.39,yolo26m_fp16,true,18.96,74.21,0.01,2
../../val2017/000000027982.jpg,1789050458863,200,,109.74,yolo26n_int8,true,18.74,21.64,0.01,2
../../val2017/000000030828.jpg,1789050458874,200,,99.48,yolo26n_int8,true,14.88,21.97,0.01,4
../../val2017/000000025096.jpg,1789050458886,200,,176.42,yolo26m_fp16,true,17.00,33.72,0.01,6
../../val2017/000000031050.jpg,1789050458889,200,,105.20,yolo26n_int8,true,17.38,13.86,0.01,3
../../val2017/000000031620.jpg,1789050458905,200,,105.90,yolo26n_int8,true,14.01,23.01,0.01,4
../../val2017/000000031817.jpg,1789050458916,200,,103.31,yolo26n_int8,true,13.20,23.94,0.01,3
../../val2017/000000022705.jpg,1789050458916,200,,237.22,yolo26m_fp16,true,17.35,96.63,0.01,8
../../val2017/000000032285.jpg,1789050458931,200,,107.47,yolo26n_int8,true,17.00,26.96,0.01,1
../../val2017/000000020333.jpg,1789050458946,200,,296.47,yolo26m_fp16,true,18.19,142.96,0.01,4
../../val2017/000000032817.jpg,1789050458947,200,,94.64,yolo26n_int8,true,14.55,12.22,0.01,6
../../val2017/000000032811.jpg,1789050458959,200,,119.65,yolo26n_int8,true,15.28,41.17,0.01,1
../../val2017/000000033005.jpg,1789050458968,200,,103.99,yolo26n_int8,true,14.05,22.42,0.01,2
../../val2017/000000025593.jpg,1789050458981,200,,240.28,yolo26m_fp16,true,16.97,86.77,0.01,1
../../val2017/000000033104.jpg,1789050458989,200,,114.66,yolo26n_int8,true,16.59,13.05,0.01,4
../../val2017/000000034071.jpg,1789050458997,200,,107.94,yolo26n_int8,true,17.35,19.26,0.01,0
../../val2017/000000029640.jpg,1789050459009,200,,239.69,yolo26m_fp16,true,17.35,83.10,0.02,31
../../val2017/000000035279.jpg,1789050459011,200,,105.85,yolo26n_int8,true,14.93,15.19,0.01,5
../../val2017/000000035682.jpg,1789050459027,200,,110.04,yolo26n_int8,true,21.24,15.22,0.01,9
../../val2017/000000037740.jpg,1789050459040,200,,108.45,yolo26n_int8,true,16.11,23.39,0.01,7
../../val2017/000000031322.jpg,1789050459041,200,,253.34,yolo26m_fp16,true,13.99,86.17,0.01,24
../../val2017/000000038678.jpg,1789050459049,200,,102.82,yolo26n_int8,true,11.36,24.37,0.01,6
../../val2017/000000032081.jpg,1789050459062,200,,241.07,yolo26m_fp16,true,17.49,80.90,0.01,2
../../val2017/000000039551.jpg,1789050459068,200,,108.00,yolo26n_int8,true,16.40,21.31,0.05,3
../../val2017/000000041888.jpg,1789050459081,200,,111.36,yolo26n_int8,true,16.80,11.67,0.01,3
../../val2017/000000032861.jpg,1789050459082,200,,228.61,yolo26m_fp16,true,15.05,70.47,0.01,2
../../val2017/000000042563.jpg,1789050459091,200,,101.82,yolo26n_int8,true,18.52,11.56,0.01,1
../../val2017/000000042888.jpg,1789050459102,200,,104.97,yolo26n_int8,true,27.63,12.92,0.01,0
../../val2017/000000033854.jpg,1789050459108,200,,221.07,yolo26m_fp16,true,12.93,68.68,0.01,17
../../val2017/000000045070.jpg,1789050459113,200,,101.63,yolo26n_int8,true,15.22,9.59,0.01,1
../../val2017/000000045472.jpg,1789050459128,200,,100.81,yolo26n_int8,true,13.75,11.96,0.01,10
../../val2017/000000046497.jpg,1789050459135,200,,94.77,yolo26n_int8,true,18.34,13.75,0.01,3
../../val2017/000000035770.jpg,1789050459137,200,,220.00,yolo26m_fp16,true,17.96,66.29,0.01,5
../../val2017/000000049269.jpg,1789050459147,200,,97.81,yolo26n_int8,true,9.78,19.17,0.01,2
../../val2017/000000050828.jpg,1789050459159,200,,90.72,yolo26n_int8,true,13.75,17.11,0.01,3
../../val2017/000000039477.jpg,1789050459165,200,,217.92,yolo26m_fp16,true,16.66,66.48,0.01,11
../../val2017/000000052462.jpg,1789050459172,200,,80.43,yolo26n_int8,true,12.57,14.58,0.01,2
../../val2017/000000050844.jpg,1789050459183,200,,102.26,yolo26n_int8,true,20.58,11.03,0.01,4
../../val2017/000000042296.jpg,1789050459193,200,,211.77,yolo26m_fp16,true,20.78,68.08,0.01,5
../../val2017/000000053909.jpg,1789050459198,200,,95.34,yolo26n_int8,true,15.68,20.84,0.01,3
../../val2017/000000054967.jpg,1789050459211,200,,97.43,yolo26n_int8,true,17.09,20.52,0.01,12
../../val2017/000000044652.jpg,1789050459215,200,,205.06,yolo26m_fp16,true,13.42,74.88,0.01,1
../../val2017/000000055950.jpg,1789050459220,200,,92.13,yolo26n_int8,true,14.57,22.32,0.01,3
../../val2017/000000057150.jpg,1789050459233,200,,96.99,yolo26n_int8,true,15.13,25.90,0.01,10
../../val2017/000000047585.jpg,1789050459240,200,,198.89,yolo26m_fp16,true,14.55,71.74,0.01,8
../../val2017/000000057760.jpg,1789050459243,200,,95.47,yolo26n_int8,true,10.65,22.97,0.01,11
../../val2017/000000058384.jpg,1789050459255,200,,95.33,yolo26n_int8,true,14.66,12.55,0.01,2
../../val2017/000000050638.jpg,1789050459265,200,,202.72,yolo26m_fp16,true,17.24,64.47,0.01,2
../../val2017/000000060823.jpg,1789050459274,200,,102.44,yolo26n_int8,true,15.10,15.65,0.01,10
../../val2017/000000051961.jpg,1789050459286,200,,204.44,yolo26m_fp16,true,14.89,62.62,0.01,1
../../val2017/000000061333.jpg,1789050459287,200,,89.14,yolo26n_int8,true,14.54,12.28,0.01,2
../../val2017/000000060835.jpg,1789050459297,200,,113.46,yolo26n_int8,true,16.32,21.34,0.01,1
../../val2017/000000061418.jpg,1789050459310,200,,98.94,yolo26n_int8,true,14.76,26.46,0.01,9
../../val2017/000000054605.jpg,1789050459315,200,,206.83,yolo26m_fp16,true,16.73,67.52,0.01,16
../../val2017/000000062025.jpg,1789050459319,200,,98.96,yolo26n_int8,true,15.84,19.14,0.01,3
../../val2017/000000063047.jpg,1789050459333,200,,100.20,yolo26n_int8,true,14.61,12.59,0.01,4
../../val2017/000000057672.jpg,1789050459341,200,,204.05,yolo26m_fp16,true,14.44,63.41,0.01,23
../../val2017/000000064462.jpg,1789050459342,200,,99.39,yolo26n_int8,true,16.24,15.36,0.01,2
../../val2017/000000064499.jpg,1789050459353,200,,98.10,yolo26n_int8,true,9.58,14.17,0.01,1
../../val2017/000000058655.jpg,1789050459370,200,,204.02,yolo26m_fp16,true,14.79,68.53,0.01,6
../../val2017/000000064718.jpg,1789050459374,200,,99.69,yolo26n_int8,true,20.73,13.66,0.01,3
../../val2017/000000065350.jpg,1789050459382,200,,95.60,yolo26n_int8,true,17.51,16.82,0.01,6
../../val2017/000000066523.jpg,1789050459392,200,,81.75,yolo26n_int8,true,12.64,14.18,0.01,1
../../val2017/000000061108.jpg,1789050459394,200,,200.63,yolo26m_fp16,true,16.96,74.66,0.01,5
../../val2017/000000066038.jpg,1789050459411,200,,113.32,yolo26n_int8,true,17.02,20.04,0.02,12
../../val2017/000000066841.jpg,1789050459419,200,,98.57,yolo26n_int8,true,12.91,23.32,0.01,0
../../val2017/000000061747.jpg,1789050459423,200,,206.24,yolo26m_fp16,true,13.46,71.68,0.01,2
../../val2017/000000067310.jpg,1789050459432,200,,98.16,yolo26n_int8,true,16.99,15.66,0.01,4
../../val2017/000000068093.jpg,1789050459443,200,,100.14,yolo26n_int8,true,13.84,16.63,0.01,4
../../val2017/000000063552.jpg,1789050459449,200,,208.84,yolo26m_fp16,true,14.66,74.11,0.01,2
../../val2017/000000068286.jpg,1789050459453,200,,99.49,yolo26n_int8,true,13.96,18.09,0.01,1
../../val2017/000000068833.jpg,1789050459466,200,,95.36,yolo26n_int8,true,15.37,12.48,0.01,6
../../val2017/000000064523.jpg,1789050459473,200,,207.75,yolo26m_fp16,true,12.48,72.85,0.01,20
../../val2017/000000070048.jpg,1789050459477,200,,94.78,yolo26n_int8,true,14.35,14.25,0.01,5
../../val2017/000000070774.jpg,1789050459495,200,,102.78,yolo26n_int8,true,14.08,17.20,0.01,1
../../val2017/000000065455.jpg,1789050459498,200,,210.00,yolo26m_fp16,true,16.11,73.66,0.01,10
../../val2017/000000073153.jpg,1789050459502,200,,90.65,yolo26n_int8,true,15.81,21.99,0.01,1
../../val2017/000000074646.jpg,1789050459515,200,,95.97,yolo26n_int8,true,16.18,15.16,0.01,6
../../val2017/000000066706.jpg,1789050459527,200,,209.51,yolo26m_fp16,true,15.44,72.19,0.01,6
../../val2017/000000076547.jpg,1789050459528,200,,95.36,yolo26n_int8,true,14.44,14.20,0.01,5
../../val2017/000000076625.jpg,1789050459536,200,,93.09,yolo26n_int8,true,12.19,12.15,0.01,7
../../val2017/000000077460.jpg,1789050459552,200,,98.55,yolo26n_int8,true,14.38,21.49,0.01,8
../../val2017/000000067616.jpg,1789050459554,200,,211.61,yolo26m_fp16,true,19.48,64.97,0.01,19
../../val2017/000000078420.jpg,1789050459559,200,,93.03,yolo26n_int8,true,15.93,13.66,0.01,3
../../val2017/000000078959.jpg,1789050459570,200,,75.29,yolo26n_int8,true,9.34,12.84,0.01,0
../../val2017/000000069138.jpg,1789050459582,200,,207.31,yolo26m_fp16,true,12.44,82.67,0.01,2
../../val2017/000000078823.jpg,1789050459582,200,,104.30,yolo26n_int8,true,14.82,24.69,0.01,4
../../val2017/000000079565.jpg,1789050459593,200,,91.68,yolo26n_int8,true,13.52,15.80,0.01,2
../../val2017/000000079588.jpg,1789050459602,200,,86.44,yolo26n_int8,true,13.84,11.43,0.01,5
../../val2017/000000071451.jpg,1789050459611,200,,216.45,yolo26m_fp16,true,16.88,78.86,0.01,2
../../val2017/000000080274.jpg,1789050459615,200,,86.38,yolo26n_int8,true,10.50,10.67,0.01,2
../../val2017/000000080932.jpg,1789050459627,200,,90.84,yolo26n_int8,true,14.70,11.74,0.01,7
../../val2017/000000080949.jpg,1789050459637,200,,85.13,yolo26n_int8,true,16.43,15.44,0.01,2
../../val2017/000000076416.jpg,1789050459640,200,,217.27,yolo26m_fp16,true,15.48,78.58,0.01,4
../../val2017/000000082807.jpg,1789050459645,200,,86.17,yolo26n_int8,true,13.34,17.14,0.01,2
../../val2017/000000082812.jpg,1789050459661,200,,89.83,yolo26n_int8,true,12.36,15.64,0.01,10
../../val2017/000000076731.jpg,1789050459668,200,,218.62,yolo26m_fp16,true,16.74,82.69,0.01,0
../../val2017/000000083540.jpg,1789050459669,200,,86.68,yolo26n_int8,true,16.07,11.60,0.01,1
../../val2017/000000085089.jpg,1789050459682,200,,88.42,yolo26n_int8,true,8.65,20.16,0.01,4
../../val2017/000000085329.jpg,1789050459694,200,,91.79,yolo26n_int8,true,14.25,22.18,0.01,2
../../val2017/000000078426.jpg,1789050459697,200,,223.32,yolo26m_fp16,true,16.60,86.03,0.01,1
../../val2017/000000085823.jpg,1789050459706,200,,94.54,yolo26n_int8,true,15.60,10.86,0.01,3
../../val2017/000000087476.jpg,1789050459717,200,,88.88,yolo26n_int8,true,13.56,19.26,0.01,11
../../val2017/000000087742.jpg,1789050459724,200,,86.77,yolo26n_int8,true,12.80,18.15,0.01,1
../../val2017/000000081738.jpg,1789050459725,200,,170.64,yolo26m_fp16,true,12.54,29.90,0.01,5
../../val2017/000000088250.jpg,1789050459741,200,,95.28,yolo26n_int8,true,12.36,18.80,0.01,2
../../val2017/000000079837.jpg,1789050459745,200,,218.37,yolo26m_fp16,true,17.21,73.65,0.01,8
../../val2017/000000088265.jpg,1789050459752,200,,90.87,yolo26n_int8,true,18.20,8.41,0.01,1
../../val2017/000000089045.jpg,1789050459766,200,,95.72,yolo26n_int8,true,15.79,19.28,0.01,2
../../val2017/000000079031.jpg,1789050459774,200,,276.11,yolo26m_fp16,true,13.46,133.85,0.01,2
../../val2017/000000089880.jpg,1789050459778,200,,92.39,yolo26n_int8,true,15.22,28.35,0.01,3
../../val2017/000000090956.jpg,1789050459789,200,,82.71,yolo26n_int8,true,12.77,11.39,0.01,1
../../val2017/000000090155.jpg,1789050459803,200,,108.83,yolo26n_int8,true,14.57,29.48,0.01,1
../../val2017/000000084664.jpg,1789050459804,200,,221.55,yolo26m_fp16,true,20.14,68.25,0.01,4
../../val2017/000000091495.jpg,1789050459810,200,,92.67,yolo26n_int8,true,9.21,20.92,0.01,3
../../val2017/000000092660.jpg,1789050459824,200,,99.17,yolo26n_int8,true,14.70,13.57,0.01,1
../../val2017/000000087244.jpg,1789050459830,200,,214.89,yolo26m_fp16,true,15.06,76.51,0.01,2
../../val2017/000000093261.jpg,1789050459834,200,,92.33,yolo26n_int8,true,15.13,19.56,0.01,3
../../val2017/000000094336.jpg,1789050459845,200,,92.90,yolo26n_int8,true,18.72,15.93,0.01,3
../../val2017/000000087875.jpg,1789050459861,200,,220.11,yolo26m_fp16,true,17.16,73.97,0.02,1
../../val2017/000000094614.jpg,1789050459861,200,,94.22,yolo26n_int8,true,12.83,26.47,0.01,1
../../val2017/000000095899.jpg,1789050459871,200,,92.94,yolo26n_int8,true,14.66,13.28,0.01,1
../../val2017/000000096549.jpg,1789050459882,200,,78.90,yolo26n_int8,true,7.95,17.35,0.01,1
../../val2017/000000088432.jpg,1789050459883,200,,213.90,yolo26m_fp16,true,16.18,70.02,0.01,4
../../val2017/000000096001.jpg,1789050459895,200,,104.78,yolo26n_int8,true,15.77,29.74,0.01,0
../../val2017/000000090631.jpg,1789050459904,200,,207.31,yolo26m_fp16,true,14.83,73.31,0.01,1
../../val2017/000000097230.jpg,1789050459910,200,,99.62,yolo26n_int8,true,15.67,18.58,0.01,2
../../val2017/000000097278.jpg,1789050459922,200,,97.00,yolo26n_int8,true,14.25,23.89,0.01,1
../../val2017/000000092177.jpg,1789050459929,200,,204.29,yolo26m_fp16,true,19.95,59.35,0.01,2
../../val2017/000000097994.jpg,1789050459942,200,,108.46,yolo26n_int8,true,14.15,31.72,0.01,8
../../val2017/000000098287.jpg,1789050459952,200,,106.59,yolo26n_int8,true,14.06,26.74,0.01,8
../../val2017/000000094185.jpg,1789050459954,200,,208.03,yolo26m_fp16,true,16.56,61.10,0.01,11
../../val2017/000000098520.jpg,1789050459965,200,,103.98,yolo26n_int8,true,10.56,33.86,0.01,2
../../val2017/000000094852.jpg,1789050459982,200,,206.62,yolo26m_fp16,true,15.62,60.02,0.01,2
../../val2017/000000099182.jpg,1789050459983,200,,111.35,yolo26n_int8,true,15.66,27.93,0.01,2
../../val2017/000000100510.jpg,1789050459987,200,,103.49,yolo26n_int8,true,14.18,20.51,0.03,4
../../val2017/000000101068.jpg,1789050460000,200,,104.38,yolo26n_int8,true,13.55,16.07,0.01,2
../../val2017/000000103585.jpg,1789050460010,200,,99.72,yolo26n_int8,true,11.15,19.66,0.01,5
../../val2017/000000096825.jpg,1789050460013,200,,209.45,yolo26m_fp16,true,18.93,67.50,0.01,3
../../val2017/000000104424.jpg,1789050460021,200,,99.21,yolo26n_int8,true,13.52,10.77,0.01,2
../../val2017/000000108253.jpg,1789050460032,200,,89.64,yolo26n_int8,true,12.74,14.77,0.01,6
../../val2017/000000097585.jpg,1789050460039,200,,209.19,yolo26m_fp16,true,17.10,74.68,0.01,10
../../val2017/000000108440.jpg,1789050460045,200,,91.60,yolo26n_int8,true,16.63,14.49,0.01,1
../../val2017/000000109798.jpg,1789050460056,200,,90.40,yolo26n_int8,true,15.31,18.94,0.01,3
../../val2017/000000098497.jpg,1789050460067,200,,205.59,yolo26m_fp16,true,14.37,83.41,0.01,0
../../val2017/000000109916.jpg,1789050460068,200,,85.59,yolo26n_int8,true,14.41,12.58,0.01,3
../../val2017/000000110784.jpg,1789050460079,200,,92.09,yolo26n_int8,true,8.90,20.69,0.01,3
../../val2017/000000099428.jpg,1789050460096,200,,213.31,yolo26m_fp16,true,14.44,82.78,0.01,3
../../val2017/000000111951.jpg,1789050460097,200,,97.04,yolo26n_int8,true,15.97,15.53,0.01,3
../../val2017/000000112997.jpg,1789050460103,200,,92.73,yolo26n_int8,true,16.17,15.53,0.01,2
../../val2017/000000113589.jpg,1789050460113,200,,91.33,yolo26n_int8,true,14.60,16.51,0.01,7
../../val2017/000000102331.jpg,1789050460121,200,,216.33,yolo26m_fp16,true,14.57,81.65,0.01,2
../../val2017/000000113867.jpg,1789050460130,200,,97.01,yolo26n_int8,true,19.66,8.30,0.01,0
../../val2017/000000116206.jpg,1789050460141,200,,95.48,yolo26n_int8,true,10.86,16.38,0.01,3
../../val2017/000000117914.jpg,1789050460152,200,,94.93,yolo26n_int8,true,18.58,21.45,0.01,1
../../val2017/000000105455.jpg,1789050460155,200,,225.20,yolo26m_fp16,true,16.37,78.49,0.01,6
../../val2017/000000118405.jpg,1789050460164,200,,96.20,yolo26n_int8,true,14.53,16.85,0.01,0
../../val2017/000000108864.jpg,1789050460180,200,,225.57,yolo26m_fp16,true,14.86,79.48,0.01,2
../../val2017/000000118594.jpg,1789050460180,200,,100.37,yolo26n_int8,true,15.15,13.81,0.01,2
../../val2017/000000119233.jpg,1789050460187,200,,90.43,yolo26n_int8,true,21.26,15.53,0.01,3
../../val2017/000000119641.jpg,1789050460198,200,,95.00,yolo26n_int8,true,8.86,21.93,0.01,17
../../val2017/000000110211.jpg,1789050460205,200,,222.22,yolo26m_fp16,true,15.10,79.02,0.01,6
../../val2017/000000119677.jpg,1789050460211,200,,97.09,yolo26n_int8,true,14.82,16.94,0.01,3
../../val2017/000000120584.jpg,1789050460223,200,,92.92,yolo26n_int8,true,15.62,13.06,0.01,1
../../val2017/000000113235.jpg,1789050460233,200,,219.62,yolo26m_fp16,true,17.26,75.66,0.01,5
../../val2017/000000123213.jpg,1789050460233,200,,91.73,yolo26n_int8,true,13.44,19.36,0.01,9
../../val2017/000000123480.jpg,1789050460243,200,,90.51,yolo26n_int8,true,11.33,23.66,0.01,1
../../val2017/000000119516.jpg,1789050460260,200,,162.73,yolo26m_fp16,true,13.93,25.22,0.01,6
../../val2017/000000124636.jpg,1789050460262,200,,97.28,yolo26n_int8,true,15.97,11.05,0.01,2
../../val2017/000000124798.jpg,1789050460274,200,,91.98,yolo26n_int8,true,15.08,20.07,0.01,10
../../val2017/000000118209.jpg,1789050460281,200,,214.08,yolo26m_fp16,true,13.13,71.32,0.01,2
../../val2017/000000125257.jpg,1789050460287,200,,99.77,yolo26n_int8,true,16.75,17.53,0.01,2
../../val2017/000000125936.jpg,1789050460299,200,,101.29,yolo26n_int8,true,17.14,25.15,0.01,9
../../val2017/000000114770.jpg,1789050460306,200,,266.18,yolo26m_fp16,true,13.07,119.73,0.01,3
../../val2017/000000127135.jpg,1789050460315,200,,104.14,yolo26n_int8,true,14.05,18.39,0.01,1
../../val2017/000000119911.jpg,1789050460328,200,,206.41,yolo26m_fp16,true,15.98,64.06,0.01,7
../../val2017/000000128051.jpg,1789050460329,200,,105.52,yolo26n_int8,true,14.88,23.81,0.01,2
../../val2017/000000128699.jpg,1789050460336,200,,103.09,yolo26n_int8,true,18.54,18.90,0.01,5
../../val2017/000000130386.jpg,1789050460354,200,,110.83,yolo26n_int8,true,16.83,19.18,0.01,5
../../val2017/000000130579.jpg,1789050460356,200,,95.91,yolo26n_int8,true,12.46,18.16,0.01,2
../../val2017/000000123585.jpg,1789050460361,200,,205.74,yolo26m_fp16,true,17.52,56.52,0.01,6
../../val2017/000000132622.jpg,1789050460374,200,,86.61,yolo26n_int8,true,10.40,11.65,0.01,1
../../val2017/000000125062.jpg,1789050460381,200,,197.66,yolo26m_fp16,true,18.76,61.49,0.01,10
../../val2017/000000131379.jpg,1789050460387,200,,111.97,yolo26n_int8,true,20.80,20.19,0.01,1
../../val2017/000000133000.jpg,1789050460398,200,,91.99,yolo26n_int8,true,14.86,11.28,0.01,2
../../val2017/000000126107.jpg,1789050460408,200,,202.36,yolo26m_fp16,true,14.74,67.45,0.01,8
../../val2017/000000132931.jpg,1789050460410,200,,109.81,yolo26n_int8,true,14.84,18.67,0.01,3
../../val2017/000000133645.jpg,1789050460418,200,,88.94,yolo26n_int8,true,11.96,16.50,0.01,2
../../val2017/000000129135.jpg,1789050460435,200,,201.91,yolo26m_fp16,true,16.03,69.81,0.01,2
../../val2017/000000133969.jpg,1789050460436,200,,99.41,yolo26n_int8,true,14.49,14.67,0.01,11
../../val2017/000000134096.jpg,1789050460439,200,,84.95,yolo26n_int8,true,14.15,9.78,0.01,1
../../val2017/000000134112.jpg,1789050460451,200,,94.48,yolo26n_int8,true,18.08,13.13,0.01,2
../../val2017/000000130826.jpg,1789050460462,200,,199.81,yolo26m_fp16,true,15.25,71.98,0.01,8
../../val2017/000000134886.jpg,1789050460462,200,,88.31,yolo26n_int8,true,17.87,11.29,0.01,4
../../val2017/000000137106.jpg,1789050460474,200,,86.27,yolo26n_int8,true,13.92,14.16,0.01,1
../../val2017/000000137294.jpg,1789050460488,200,,89.22,yolo26n_int8,true,15.05,15.81,0.01,1
../../val2017/000000131938.jpg,1789050460489,200,,207.73,yolo26m_fp16,true,17.10,72.18,0.01,1
../../val2017/000000138492.jpg,1789050460498,200,,89.78,yolo26n_int8,true,13.74,17.06,0.01,2
../../val2017/000000139077.jpg,1789050460508,200,,86.13,yolo26n_int8,true,17.07,18.21,0.01,2
../../val2017/000000140203.jpg,1789050460518,200,,81.86,yolo26n_int8,true,14.17,16.35,0.01,3
../../val2017/000000133233.jpg,1789050460519,200,,203.38,yolo26m_fp16,true,16.39,78.92,0.01,3
../../val2017/000000140270.jpg,1789050460529,200,,89.66,yolo26n_int8,true,16.05,9.59,0.11,2
../../val2017/000000140556.jpg,1789050460542,200,,90.21,yolo26n_int8,true,14.05,11.86,0.01,4
../../val2017/000000133343.jpg,1789050460543,200,,215.58,yolo26m_fp16,true,15.35,86.14,0.01,2
../../val2017/000000141328.jpg,1789050460552,200,,89.59,yolo26n_int8,true,15.50,5.50,0.01,4
../../val2017/000000142092.jpg,1789050460567,200,,92.74,yolo26n_int8,true,14.14,13.80,0.01,1
../../val2017/000000134856.jpg,1789050460570,200,,209.51,yolo26m_fp16,true,13.89,79.33,0.01,6
../../val2017/000000143068.jpg,1789050460575,200,,86.83,yolo26n_int8,true,18.79,18.41,0.01,5
../../val2017/000000144003.jpg,1789050460588,200,,89.42,yolo26n_int8,true,14.85,15.03,0.01,7
../../val2017/000000135561.jpg,1789050460596,200,,215.13,yolo26m_fp16,true,14.20,78.14,0.01,7
../../val2017/000000144784.jpg,1789050460602,200,,94.06,yolo26n_int8,true,14.46,20.81,0.01,1
../../val2017/000000144798.jpg,1789050460612,200,,93.37,yolo26n_int8,true,16.30,13.03,0.01,1
../../val2017/000000140840.jpg,1789050460622,200,,160.00,yolo26m_fp16,true,13.44,26.29,0.01,13
../../val2017/000000146358.jpg,1789050460626,200,,97.14,yolo26n_int8,true,18.12,17.66,0.01,4
../../val2017/000000146489.jpg,1789050460638,200,,93.88,yolo26n_int8,true,14.74,18.30,0.01,4
../../val2017/000000146457.jpg,1789050460648,200,,105.54,yolo26n_int8,true,11.95,22.54,0.01,11
../../val2017/000000143961.jpg,1789050460650,200,,160.01,yolo26m_fp16,true,12.53,25.77,0.01,21
../../val2017/000000146667.jpg,1789050460658,200,,88.36,yolo26n_int8,true,13.79,16.06,0.01,12
../../val2017/000000147498.jpg,1789050460670,200,,95.18,yolo26n_int8,true,14.22,12.59,0.01,0
../../val2017/000000138856.jpg,1789050460681,200,,270.80,yolo26m_fp16,true,15.72,116.79,0.01,1
../../val2017/000000148730.jpg,1789050460681,200,,92.13,yolo26n_int8,true,15.39,15.11,0.01,0
../../val2017/000000150417.jpg,1789050460695,200,,91.59,yolo26n_int8,true,13.28,13.70,0.01,8
../../val2017/000000151051.jpg,1789050460707,200,,94.87,yolo26n_int8,true,15.07,20.90,0.00,1
../../val2017/000000140076.jpg,1789050460708,200,,272.41,yolo26m_fp16,true,17.33,128.23,0.01,17
../../val2017/000000151657.jpg,1789050460717,200,,90.38,yolo26n_int8,true,13.67,19.61,0.01,3
../../val2017/000000151662.jpg,1789050460730,200,,91.65,yolo26n_int8,true,13.78,18.13,0.01,1
../../val2017/000000145620.jpg,1789050460733,200,,212.11,yolo26m_fp16,true,18.25,77.17,0.01,4
../../val2017/000000151820.jpg,1789050460738,200,,90.16,yolo26n_int8,true,13.84,12.72,0.01,15
../../val2017/000000152214.jpg,1789050460754,200,,95.46,yolo26n_int8,true,13.23,12.04,0.01,2
../../val2017/000000146498.jpg,1789050460758,200,,205.51,yolo26m_fp16,true,14.46,73.89,0.01,1
../../val2017/000000152465.jpg,1789050460770,200,,99.48,yolo26n_int8,true,18.56,10.83,0.01,1
../../val2017/000000152740.jpg,1789050460780,200,,98.56,yolo26n_int8,true,13.77,18.98,0.01,14
../../val2017/000000147415.jpg,1789050460784,200,,213.53,yolo26m_fp16,true,18.32,73.97,0.01,5
../../val2017/000000153299.jpg,1789050460790,200,,94.49,yolo26n_int8,true,14.22,14.89,0.01,3
../../val2017/000000154087.jpg,1789050460803,200,,94.79,yolo26n_int8,true,13.59,20.80,0.01,4
../../val2017/000000150224.jpg,1789050460812,200,,214.92,yolo26m_fp16,true,13.23,80.39,0.01,13
../../val2017/000000154358.jpg,1789050460814,200,,96.53,yolo26n_int8,true,14.32,14.97,0.01,4
../../val2017/000000154705.jpg,1789050460826,200,,96.41,yolo26n_int8,true,14.65,19.83,0.01,5
../../val2017/000000151480.jpg,1789050460838,200,,215.23,yolo26m_fp16,true,14.77,74.05,0.01,15
../../val2017/000000155154.jpg,1789050460841,200,,101.07,yolo26n_int8,true,15.35,21.28,0.01,0
../../val2017/000000155443.jpg,1789050460852,200,,97.99,yolo26n_int8,true,12.77,17.91,0.01,2
../../val2017/000000151962.jpg,1789050460864,200,,214.02,yolo26m_fp16,true,15.20,68.98,0.01,2
../../val2017/000000156292.jpg,1789050460867,200,,96.87,yolo26n_int8,true,16.78,17.42,0.01,5
../../val2017/000000157365.jpg,1789050460880,200,,100.13,yolo26n_int8,true,14.58,22.13,0.01,5
../../val2017/000000152870.jpg,1789050460891,200,,209.33,yolo26m_fp16,true,14.13,71.40,0.01,2
../../val2017/000000158548.jpg,1789050460892,200,,101.93,yolo26n_int8,true,15.97,10.12,0.01,3
../../val2017/000000158744.jpg,1789050460906,200,,102.59,yolo26n_int8,true,16.17,21.89,0.01,3
../../val2017/000000153632.jpg,1789050460906,200,,199.28,yolo26m_fp16,true,14.32,65.66,0.01,4
../../val2017/000000159791.jpg,1789050460914,200,,102.26,yolo26n_int8,true,14.64,17.01,0.01,4
../../val2017/000000161799.jpg,1789050460925,200,,98.26,yolo26n_int8,true,13.03,14.27,0.01,3
../../val2017/000000162035.jpg,1789050460938,200,,96.43,yolo26n_int8,true,14.33,18.22,0.01,2
../../val2017/000000155145.jpg,1789050460941,200,,208.13,yolo26m_fp16,true,16.19,72.03,0.01,7
../../val2017/000000162366.jpg,1789050460945,200,,93.25,yolo26n_int8,true,13.33,14.82,0.01,0
../../val2017/000000163562.jpg,1789050460959,200,,90.98,yolo26n_int8,true,15.29,19.65,0.01,2
../../val2017/000000156071.jpg,1789050460964,200,,206.46,yolo26m_fp16,true,14.79,66.01,0.01,11
../../val2017/000000163611.jpg,1789050460974,200,,93.45,yolo26n_int8,true,15.82,10.78,0.01,3
../../val2017/000000163682.jpg,1789050460989,200,,97.47,yolo26n_int8,true,18.54,11.81,0.01,3
../../val2017/000000157756.jpg,1789050460990,200,,205.25,yolo26m_fp16,true,19.69,62.48,0.01,17
../../val2017/000000166426.jpg,1789050460998,200,,91.41,yolo26n_int8,true,16.58,19.07,0.01,9
../../val2017/000000166563.jpg,1789050461018,200,,103.00,yolo26n_int8,true,14.53,24.67,0.01,0
../../val2017/000000159977.jpg,1789050461018,200,,203.60,yolo26m_fp16,true,13.92,69.85,0.01,3
../../val2017/000000166918.jpg,1789050461025,200,,99.97,yolo26n_int8,true,15.00,17.01,0.01,14
../../val2017/000000169169.jpg,1789050461038,200,,100.12,yolo26n_int8,true,15.46,15.47,0.01,14
../../val2017/000000161820.jpg,1789050461039,200,,201.02,yolo26m_fp16,true,16.15,64.62,0.01,3
../../val2017/000000170099.jpg,1789050461052,200,,106.30,yolo26n_int8,true,14.49,26.90,0.01,4
../../val2017/000000163290.jpg,1789050461063,200,,197.96,yolo26m_fp16,true,13.78,67.86,0.01,3
../../val2017/000000170595.jpg,1789050461066,200,,107.24,yolo26n_int8,true,17.92,16.39,0.01,1
../../val2017/000000172083.jpg,1789050461075,200,,100.65,yolo26n_int8,true,13.07,25.14,0.01,0
../../val2017/000000172935.jpg,1789050461087,200,,97.13,yolo26n_int8,true,13.85,24.79,0.01,1
../../val2017/000000164115.jpg,1789050461094,200,,201.81,yolo26m_fp16,true,18.35,60.72,0.01,0
../../val2017/000000173371.jpg,1789050461096,200,,97.14,yolo26n_int8,true,14.99,9.36,0.01,10
../../val2017/000000165351.jpg,1789050461111,200,,204.11,yolo26m_fp16,true,17.09,63.64,0.01,1
../../val2017/000000173799.jpg,1789050461119,200,,100.71,yolo26n_int8,true,16.64,10.16,0.01,14
../../val2017/000000175251.jpg,1789050461127,200,,101.69,yolo26n_int8,true,18.05,17.65,0.01,1
../../val2017/000000175535.jpg,1789050461140,200,,100.97,yolo26n_int8,true,12.80,19.24,0.01,4
../../val2017/000000169996.jpg,1789050461140,200,,198.32,yolo26m_fp16,true,13.87,64.85,0.01,11
../../val2017/000000176606.jpg,1789050461152,200,,99.59,yolo26n_int8,true,14.34,20.84,0.01,2
../../val2017/000000171740.jpg,1789050461161,200,,196.62,yolo26m_fp16,true,16.16,65.52,0.01,2
../../val2017/000000177015.jpg,1789050461167,200,,100.12,yolo26n_int8,true,14.59,14.57,0.01,4
../../val2017/000000177213.jpg,1789050461180,200,,92.90,yolo26n_int8,true,14.17,12.76,0.01,6
../../val2017/000000172877.jpg,1789050461190,200,,200.78,yolo26m_fp16,true,17.46,67.06,0.01,10
../../val2017/000000177065.jpg,1789050461191,200,,115.30,yolo26n_int8,true,17.83,18.85,0.01,9
../../val2017/000000179141.jpg,1789050461202,200,,106.16,yolo26n_int8,true,14.54,20.79,0.01,6
../../val2017/000000180560.jpg,1789050461220,200,,100.72,yolo26n_int8,true,13.52,21.87,0.01,3
../../val2017/000000174482.jpg,1789050461220,200,,201.75,yolo26m_fp16,true,15.46,69.71,0.01,10
../../val2017/000000180798.jpg,1789050461225,200,,96.76,yolo26n_int8,true,15.49,14.36,0.01,1
../../val2017/000000181796.jpg,1789050461237,200,,96.62,yolo26n_int8,true,13.79,17.89,0.01,4
../../val2017/000000176037.jpg,1789050461244,200,,204.44,yolo26m_fp16,true,23.12,64.12,0.01,8
../../val2017/000000182441.jpg,1789050461251,200,,98.70,yolo26n_int8,true,15.39,15.81,0.01,1
../../val2017/000000176901.jpg,1789050461265,200,,201.29,yolo26m_fp16,true,16.54,67.72,0.01,5
../../val2017/000000184400.jpg,1789050461265,200,,97.64,yolo26n_int8,true,17.11,15.45,0.01,1
../../val2017/000000184611.jpg,1789050461277,200,,96.04,yolo26n_int8,true,16.94,19.26,0.01,16
../../val2017/000000185473.jpg,1789050461288,200,,97.24,yolo26n_int8,true,13.37,26.53,0.01,7
../../val2017/000000178469.jpg,1789050461296,200,,200.65,yolo26m_fp16,true,15.09,65.15,0.02,7
../../val2017/000000186449.jpg,1789050461298,200,,95.60,yolo26n_int8,true,18.71,12.90,0.01,6
../../val2017/000000186873.jpg,1789050461310,200,,90.29,yolo26n_int8,true,14.65,13.70,0.01,8
../../val2017/000000190637.jpg,1789050461322,200,,97.38,yolo26n_int8,true,13.97,17.92,0.01,2
../../val2017/000000179214.jpg,1789050461324,200,,212.49,yolo26m_fp16,true,15.54,68.67,0.01,1
../../val2017/000000191614.jpg,1789050461335,200,,97.08,yolo26n_int8,true,15.56,13.13,0.01,3
../../val2017/000000191761.jpg,1789050461347,200,,96.04,yolo26n_int8,true,14.91,19.23,0.01,2
../../val2017/000000181859.jpg,1789050461348,200,,207.51,yolo26m_fp16,true,13.94,74.48,0.01,3
../../val2017/000000192904.jpg,1789050461357,200,,92.29,yolo26n_int8,true,13.13,16.78,0.01,4
../../val2017/000000192964.jpg,1789050461370,200,,92.82,yolo26n_int8,true,14.13,20.46,0.01,2
../../val2017/000000183127.jpg,1789050461374,200,,212.65,yolo26m_fp16,true,16.25,79.00,0.01,2
../../val2017/000000193181.jpg,1789050461382,200,,93.43,yolo26n_int8,true,14.76,9.69,0.01,4
../../val2017/000000194216.jpg,1789050461392,200,,95.91,yolo26n_int8,true,15.63,13.64,0.01,4
../../val2017/000000184762.jpg,1789050461406,200,,215.30,yolo26m_fp16,true,15.35,79.93,0.01,1
../../val2017/000000194506.jpg,1789050461406,200,,95.05,yolo26n_int8,true,14.71,10.74,0.01,2
../../val2017/000000195045.jpg,1789050461414,200,,89.48,yolo26n_int8,true,15.24,8.89,0.01,1
../../val2017/000000196442.jpg,1789050461425,200,,89.43,yolo26n_int8,true,13.05,17.66,0.01,6
../../val2017/000000187243.jpg,1789050461428,200,,208.43,yolo26m_fp16,true,13.85,77.66,0.01,5
../../val2017/000000197022.jpg,1789050461444,200,,95.64,yolo26n_int8,true,17.07,12.98,0.01,2
../../val2017/000000197528.jpg,1789050461453,200,,96.02,yolo26n_int8,true,19.74,13.61,0.03,1
../../val2017/000000191672.jpg,1789050461457,200,,213.03,yolo26m_fp16,true,17.89,75.44,0.01,2
../../val2017/000000198805.jpg,1789050461462,200,,92.43,yolo26n_int8,true,13.95,18.87,0.01,3
../../val2017/000000199442.jpg,1789050461473,200,,90.81,yolo26n_int8,true,14.03,16.48,0.01,2
../../val2017/000000192191.jpg,1789050461483,200,,218.41,yolo26m_fp16,true,16.03,64.38,0.01,2
../../val2017/000000201426.jpg,1789050461489,200,,97.32,yolo26n_int8,true,15.75,12.16,0.01,7
../../val2017/000000202001.jpg,1789050461501,200,,94.43,yolo26n_int8,true,18.46,12.17,0.01,3
../../val2017/000000194471.jpg,1789050461511,200,,212.35,yolo26m_fp16,true,16.04,71.12,0.01,2
../../val2017/000000203389.jpg,1789050461512,200,,98.05,yolo26n_int8,true,18.39,9.01,0.01,9
../../val2017/000000203546.jpg,1789050461524,200,,99.23,yolo26n_int8,true,13.18,17.38,0.01,1
../../val2017/000000194940.jpg,1789050461532,200,,209.51,yolo26m_fp16,true,15.85,75.47,0.01,7
../../val2017/000000204186.jpg,1789050461536,200,,91.26,yolo26n_int8,true,14.68,8.34,0.01,5
../../val2017/000000205776.jpg,1789050461549,200,,95.38,yolo26n_int8,true,13.98,15.69,0.01,1
../../val2017/000000196843.jpg,1789050461561,200,,212.98,yolo26m_fp16,true,18.81,61.84,0.01,4
../../val2017/000000208423.jpg,1789050461561,200,,98.63,yolo26n_int8,true,15.74,20.96,0.01,9
../../val2017/000000208901.jpg,1789050461576,200,,102.18,yolo26n_int8,true,15.80,23.28,0.02,1
../../val2017/000000209753.jpg,1789050461585,200,,94.79,yolo26n_int8,true,10.62,26.42,0.01,1
../../val2017/000000198928.jpg,1789050461586,200,,211.49,yolo26m_fp16,true,15.77,71.61,0.01,4
../../val2017/000000210030.jpg,1789050461597,200,,95.48,yolo26n_int8,true,14.03,22.42,0.01,3
../../val2017/000000210032.jpg,1789050461609,200,,97.54,yolo26n_int8,true,14.47,19.96,0.01,6
../../val2017/000000201775.jpg,1789050461613,200,,207.52,yolo26m_fp16,true,16.65,70.21,0.01,3
../../val2017/000000211069.jpg,1789050461623,200,,98.46,yolo26n_int8,true,14.55,7.96,0.01,2
../../val2017/000000212166.jpg,1789050461632,200,,95.72,yolo26n_int8,true,20.24,11.75,0.02,2
../../val2017/000000203580.jpg,1789050461638,200,,209.20,yolo26m_fp16,true,16.55,71.03,0.01,4
../../val2017/000000213171.jpg,1789050461641,200,,91.93,yolo26n_int8,true,14.69,12.87,0.01,2
../../val2017/000000214720.jpg,1789050461654,200,,93.32,yolo26n_int8,true,14.82,16.16,0.01,7
../../val2017/000000207538.jpg,1789050461665,200,,207.96,yolo26m_fp16,true,14.38,77.36,0.01,1
../../val2017/000000215644.jpg,1789050461670,200,,93.37,yolo26n_int8,true,15.75,15.26,0.01,1
../../val2017/000000217400.jpg,1789050461682,200,,95.72,yolo26n_int8,true,14.45,19.01,0.01,1
../../val2017/000000219485.jpg,1789050461692,200,,94.81,yolo26n_int8,true,15.21,21.56,0.01,1
../../val2017/000000209142.jpg,1789050461689,200,,205.43,yolo26m_fp16,true,14.97,70.24,0.01,16
../../val2017/000000220310.jpg,1789050461704,200,,90.46,yolo26n_int8,true,15.13,23.07,0.01,1
../../val2017/000000210520.jpg,1789050461714,200,,201.74,yolo26m_fp16,true,17.77,63.83,0.01,14
../../val2017/000000221155.jpg,1789050461717,200,,93.46,yolo26n_int8,true,15.51,16.63,0.01,2
../../val2017/000000222455.jpg,1789050461731,200,,98.38,yolo26n_int8,true,16.57,15.43,0.01,0
../../val2017/000000211674.jpg,1789050461741,200,,208.91,yolo26m_fp16,true,14.58,71.14,0.02,18
../../val2017/000000223182.jpg,1789050461743,200,,101.96,yolo26n_int8,true,16.84,11.12,0.01,8
../../val2017/000000223188.jpg,1789050461755,200,,100.39,yolo26n_int8,true,14.74,15.96,0.01,2
../../val2017/000000215072.jpg,1789050461761,200,,198.14,yolo26m_fp16,true,16.70,60.81,0.01,10
../../val2017/000000223959.jpg,1789050461768,200,,98.30,yolo26n_int8,true,10.43,27.49,0.01,2
../../val2017/000000224051.jpg,1789050461780,200,,97.78,yolo26n_int8,true,14.46,21.71,0.01,3
../../val2017/000000215723.jpg,1789050461787,200,,202.64,yolo26m_fp16,true,16.12,61.15,0.01,5
../../val2017/000000224119.jpg,1789050461794,200,,102.26,yolo26n_int8,true,16.72,17.42,0.01,0
../../val2017/000000224807.jpg,1789050461807,200,,102.15,yolo26n_int8,true,14.97,15.59,0.01,14
../../val2017/000000219578.jpg,1789050461814,200,,200.20,yolo26m_fp16,true,17.39,62.44,0.01,2
../../val2017/000000226171.jpg,1789050461815,200,,97.49,yolo26n_int8,true,15.82,16.45,0.01,5
../../val2017/000000226408.jpg,1789050461830,200,,99.26,yolo26n_int8,true,12.65,27.67,0.01,1
../../val2017/000000223090.jpg,1789050461837,200,,198.43,yolo26m_fp16,true,19.26,61.71,0.01,5
../../val2017/000000226417.jpg,1789050461841,200,,99.93,yolo26n_int8,true,9.50,27.96,0.01,15
../../val2017/000000223789.jpg,1789050461858,200,,192.00,yolo26m_fp16,true,15.58,71.88,0.01,2
../../val2017/000000227686.jpg,1789050461859,200,,103.66,yolo26n_int8,true,13.76,17.29,0.01,1
../../val2017/000000229216.jpg,1789050461866,200,,98.14,yolo26n_int8,true,15.22,21.36,0.01,3
../../val2017/000000229747.jpg,1789050461877,200,,96.57,yolo26n_int8,true,12.41,20.00,0.01,1
../../val2017/000000224222.jpg,1789050461890,200,,193.49,yolo26m_fp16,true,16.57,67.95,0.01,4
../../val2017/000000230362.jpg,1789050461891,200,,96.17,yolo26n_int8,true,17.59,13.25,0.01,3
../../val2017/000000231169.jpg,1789050461905,200,,97.69,yolo26n_int8,true,13.33,15.65,0.01,1
../../val2017/000000225670.jpg,1789050461914,200,,199.24,yolo26m_fp16,true,17.44,67.98,0.01,2
../../val2017/000000231580.jpg,1789050461915,200,,99.99,yolo26n_int8,true,18.58,10.67,0.01,8
../../val2017/000000231822.jpg,1789050461930,200,,99.54,yolo26n_int8,true,14.06,26.80,0.01,5
../../val2017/000000226592.jpg,1789050461938,200,,194.61,yolo26m_fp16,true,15.56,62.13,0.01,1
../../val2017/000000232244.jpg,1789050461939,200,,97.44,yolo26n_int8,true,16.32,19.71,0.01,2
../../val2017/000000236426.jpg,1789050461955,200,,88.26,yolo26n_int8,true,9.97,17.07,0.01,13
../../val2017/000000227985.jpg,1789050461960,200,,199.04,yolo26m_fp16,true,14.56,67.01,0.01,5
../../val2017/000000235064.jpg,1789050461966,200,,107.56,yolo26n_int8,true,14.23,27.63,0.01,1
../../val2017/000000236690.jpg,1789050461977,200,,100.03,yolo26n_int8,true,15.97,12.28,0.01,1
../../val2017/000000237864.jpg,1789050461990,200,,99.32,yolo26n_int8,true,13.35,19.79,0.01,2
../../val2017/000000229948.jpg,1789050461991,200,,203.54,yolo26m_fp16,true,15.65,69.73,0.01,15
../../val2017/000000238410.jpg,1789050462006,200,,100.80,yolo26n_int8,true,15.30,14.11,0.01,7
../../val2017/000000239041.jpg,1789050462017,200,,100.20,yolo26n_int8,true,14.56,23.08,0.01,5
../../val2017/000000231508.jpg,1789050462018,200,,203.48,yolo26m_fp16,true,15.93,73.08,0.01,12
../../val2017/000000239857.jpg,1789050462030,200,,99.11,yolo26n_int8,true,11.90,27.21,0.01,9
../../val2017/000000232088.jpg,1789050462040,200,,201.53,yolo26m_fp16,true,15.76,69.02,0.01,4
../../val2017/000000240250.jpg,1789050462046,200,,107.08,yolo26n_int8,true,16.85,21.48,0.01,11
../../val2017/000000243344.jpg,1789050462056,200,,98.25,yolo26n_int8,true,14.22,19.65,0.01,2
../../val2017/000000235778.jpg,1789050462066,200,,206.60,yolo26m_fp16,true,22.18,69.75,0.01,12
../../val2017/000000244019.jpg,1789050462067,200,,100.68,yolo26n_int8,true,14.86,18.30,0.00,1
../../val2017/000000245026.jpg,1789050462077,200,,87.20,yolo26n_int8,true,8.33,11.87,0.01,4
../../val2017/000000238039.jpg,1789050462095,200,,203.64,yolo26m_fp16,true,18.98,63.78,0.01,2
../../val2017/000000244496.jpg,1789050462102,200,,124.30,yolo26n_int8,true,15.38,37.40,0.01,2
../../val2017/000000245311.jpg,1789050462104,200,,97.78,yolo26n_int8,true,16.44,12.21,0.01,13
../../val2017/000000246308.jpg,1789050462115,200,,97.76,yolo26n_int8,true,15.88,11.31,0.01,8
../../val2017/000000247917.jpg,1789050462123,200,,92.55,yolo26n_int8,true,15.55,14.41,0.01,13
../../val2017/000000239537.jpg,1789050462129,200,,213.90,yolo26m_fp16,true,16.57,77.00,0.01,3
../../val2017/000000241297.jpg,1789050462145,200,,205.34,yolo26m_fp16,true,14.36,70.28,0.01,1
../../val2017/000000248112.jpg,1789050462150,200,,103.80,yolo26n_int8,true,20.94,12.50,0.01,4
../../val2017/000000248334.jpg,1789050462162,200,,106.03,yolo26n_int8,true,25.00,18.04,0.01,5
../../val2017/000000243989.jpg,1789050462173,200,,212.95,yolo26m_fp16,true,17.48,69.47,0.01,9
../../val2017/000000250282.jpg,1789050462174,200,,106.95,yolo26n_int8,true,26.11,18.50,0.01,8
../../val2017/000000250619.jpg,1789050462187,200,,109.86,yolo26n_int8,true,21.88,25.00,0.01,1
../../val2017/000000250901.jpg,1789050462198,200,,102.49,yolo26n_int8,true,18.08,12.59,0.01,5
../../val2017/000000245173.jpg,1789050462201,200,,209.13,yolo26m_fp16,true,29.95,49.03,0.01,4
../../val2017/000000251572.jpg,1789050462207,200,,102.75,yolo26n_int8,true,15.45,15.10,0.01,2
../../val2017/000000253742.jpg,1789050462219,200,,102.87,yolo26n_int8,true,13.64,14.76,0.01,19
../../val2017/000000246522.jpg,1789050462227,200,,208.78,yolo26m_fp16,true,16.77,56.53,0.01,2
../../val2017/000000255912.jpg,1789050462234,200,,110.91,yolo26n_int8,true,16.86,12.70,0.01,2
../../val2017/000000257169.jpg,1789050462242,200,,91.39,yolo26n_int8,true,17.74,11.88,0.01,1
../../val2017/000000248111.jpg,1789050462253,200,,213.54,yolo26m_fp16,true,13.90,82.73,0.01,6
../../val2017/000000258911.jpg,1789050462256,200,,93.91,yolo26n_int8,true,13.60,21.06,0.01,3
../../val2017/000000259597.jpg,1789050462269,200,,95.08,yolo26n_int8,true,14.05,19.69,0.01,10
../../val2017/000000260925.jpg,1789050462281,200,,92.80,yolo26n_int8,true,14.12,17.79,0.01,2
../../val2017/000000248752.jpg,1789050462282,200,,215.64,yolo26m_fp16,true,15.57,78.03,0.01,2
../../val2017/000000261061.jpg,1789050462293,200,,95.34,yolo26n_int8,true,13.73,25.88,0.01,2
../../val2017/000000251119.jpg,1789050462303,200,,201.44,yolo26m_fp16,true,20.81,71.62,0.01,4
../../val2017/000000262487.jpg,1789050462306,200,,96.89,yolo26n_int8,true,15.38,10.91,0.01,3
../../val2017/000000263463.jpg,1789050462319,200,,99.63,yolo26n_int8,true,14.15,22.72,0.01,0
../../val2017/000000264968.jpg,1789050462330,200,,88.44,yolo26n_int8,true,12.03,12.55,0.01,6
../../val2017/000000256518.jpg,1789050462331,200,,201.53,yolo26m_fp16,true,16.89,69.50,0.02,11
../../val2017/000000264535.jpg,1789050462346,200,,111.67,yolo26n_int8,true,21.71,21.79,0.01,4
../../val2017/000000256868.jpg,1789050462355,200,,209.40,yolo26m_fp16,true,14.48,67.45,0.01,10
../../val2017/000000266400.jpg,1789050462360,200,,103.37,yolo26n_int8,true,17.89,15.31,0.01,4
../../val2017/000000267300.jpg,1789050462370,200,,100.50,yolo26n_int8,true,18.22,19.07,0.01,2
../../val2017/000000260657.jpg,1789050462381,200,,207.39,yolo26m_fp16,true,19.82,68.50,0.01,0
../../val2017/000000267670.jpg,1789050462382,200,,99.99,yolo26n_int8,true,14.69,23.50,0.01,1
../../val2017/000000269682.jpg,1789050462395,200,,101.24,yolo26n_int8,true,16.85,20.78,0.01,5
../../val2017/000000261097.jpg,1789050462407,200,,205.51,yolo26m_fp16,true,19.33,65.37,0.01,14
../../val2017/000000270297.jpg,1789050462408,200,,101.49,yolo26n_int8,true,9.37,18.26,0.01,1
../../val2017/000000263474.jpg,1789050462429,200,,201.96,yolo26m_fp16,true,15.17,69.67,0.01,1
../../val2017/000000272364.jpg,1789050462430,200,,98.90,yolo26n_int8,true,17.88,11.71,0.01,2
../../val2017/000000270677.jpg,1789050462436,200,,115.27,yolo26n_int8,true,24.10,14.84,0.01,2
../../val2017/000000273642.jpg,1789050462447,200,,100.07,yolo26n_int8,true,18.71,15.82,0.01,2
../../val2017/000000266206.jpg,1789050462457,200,,203.16,yolo26m_fp16,true,14.92,67.70,0.01,1
../../val2017/000000273715.jpg,1789050462459,200,,98.74,yolo26n_int8,true,13.40,26.71,0.01,5
../../val2017/000000275791.jpg,1789050462471,200,,100.76,yolo26n_int8,true,14.21,10.72,0.01,4
../../val2017/000000267537.jpg,1789050462487,200,,205.62,yolo26m_fp16,true,16.73,69.01,0.01,14
../../val2017/000000276285.jpg,1789050462488,200,,105.87,yolo26n_int8,true,18.40,16.08,0.01,9
../../val2017/000000277197.jpg,1789050462495,200,,100.53,yolo26n_int8,true,18.99,11.94,0.01,4
../../val2017/000000278848.jpg,1789050462511,200,,103.16,yolo26n_int8,true,18.09,11.08,0.02,8
../../val2017/000000273711.jpg,1789050462516,200,,160.85,yolo26m_fp16,true,13.51,25.25,0.01,20
../../val2017/000000281687.jpg,1789050462521,200,,90.34,yolo26n_int8,true,15.45,19.83,0.01,7
../../val2017/000000282046.jpg,1789050462530,200,,83.04,yolo26n_int8,true,13.52,13.22,0.01,1
../../val2017/000000281754.jpg,1789050462543,200,,106.82,yolo26n_int8,true,15.47,23.59,0.01,3
../../val2017/000000271997.jpg,1789050462545,200,,214.78,yolo26m_fp16,true,29.28,65.55,0.02,2
../../val2017/000000283113.jpg,1789050462556,200,,96.43,yolo26n_int8,true,13.93,11.32,0.01,4
../../val2017/000000283412.jpg,1789050462568,200,,96.64,yolo26n_int8,true,15.00,16.15,0.01,3
../../val2017/000000270244.jpg,1789050462571,200,,267.46,yolo26m_fp16,true,17.38,126.11,0.01,1
../../val2017/000000285349.jpg,1789050462577,200,,89.55,yolo26n_int8,true,17.08,19.56,0.01,1
../../val2017/000000286849.jpg,1789050462589,200,,93.11,yolo26n_int8,true,9.23,25.26,0.01,3
../../val2017/000000276720.jpg,1789050462595,200,,212.64,yolo26m_fp16,true,15.01,74.38,0.01,5
../../val2017/000000286908.jpg,1789050462613,200,,102.02,yolo26n_int8,true,17.67,12.88,0.01,19
../../val2017/000000278006.jpg,1789050462623,200,,215.73,yolo26m_fp16,true,14.11,79.82,0.01,0
../../val2017/000000289516.jpg,1789050462626,200,,105.18,yolo26n_int8,true,14.70,25.08,0.01,2
../../val2017/000000289594.jpg,1789050462637,200,,106.97,yolo26n_int8,true,15.15,29.91,0.01,1
../../val2017/000000280891.jpg,1789050462647,200,,217.73,yolo26m_fp16,true,13.85,72.19,0.01,21
../../val2017/000000291619.jpg,1789050462654,200,,105.44,yolo26n_int8,true,13.58,29.18,0.01,3
../../val2017/000000292225.jpg,1789050462665,200,,109.00,yolo26n_int8,true,16.82,28.75,0.01,4
../../val2017/000000283070.jpg,1789050462677,200,,220.12,yolo26m_fp16,true,17.24,71.53,0.01,5
../../val2017/000000292456.jpg,1789050462681,200,,112.63,yolo26n_int8,true,15.42,24.72,0.01,5
../../val2017/000000292908.jpg,1789050462691,200,,113.52,yolo26n_int8,true,11.24,29.30,0.01,2
../../val2017/000000292997.jpg,1789050462704,200,,114.68,yolo26n_int8,true,13.19,20.51,0.01,8
../../val2017/000000284991.jpg,1789050462705,200,,217.31,yolo26m_fp16,true,13.37,79.75,0.01,2
../../val2017/000000293245.jpg,1789050462716,200,,102.64,yolo26n_int8,true,13.94,19.34,0.01,1
../../val2017/000000293794.jpg,1789050462728,200,,101.26,yolo26n_int8,true,14.95,17.08,0.01,8
../../val2017/000000287527.jpg,1789050462730,200,,213.55,yolo26m_fp16,true,14.40,74.93,0.01,4
../../val2017/000000294783.jpg,1789050462737,200,,99.62,yolo26n_int8,true,10.44,21.73,0.01,1
../../val2017/000000295420.jpg,1789050462748,200,,94.41,yolo26n_int8,true,14.06,14.46,0.01,4
../../val2017/000000290163.jpg,1789050462760,200,,216.31,yolo26m_fp16,true,13.96,78.98,0.01,15
../../val2017/000000296224.jpg,1789050462763,200,,97.94,yolo26n_int8,true,14.67,13.08,0.01,1
../../val2017/000000297353.jpg,1789050462774,200,,92.84,yolo26n_int8,true,15.01,14.95,0.01,2
../../val2017/000000292488.jpg,1789050462783,200,,211.89,yolo26m_fp16,true,13.38,82.25,0.01,2
../../val2017/000000301376.jpg,1789050462783,200,,78.43,yolo26n_int8,true,10.51,14.71,0.01,11
../../val2017/000000297681.jpg,1789050462796,200,,104.97,yolo26n_int8,true,16.58,25.09,0.01,1
../../val2017/000000301718.jpg,1789050462809,200,,92.79,yolo26n_int8,true,15.55,12.26,0.01,9
../../val2017/000000293071.jpg,1789050462811,200,,215.85,yolo26m_fp16,true,17.44,74.30,0.01,4
../../val2017/000000303305.jpg,1789050462819,200,,90.93,yolo26n_int8,true,15.08,14.16,0.01,1
../../val2017/000000304291.jpg,1789050462833,200,,95.53,yolo26n_int8,true,14.03,15.22,0.01,1
../../val2017/000000293300.jpg,1789050462839,200,,216.03,yolo26m_fp16,true,15.40,72.05,0.01,4
../../val2017/000000304396.jpg,1789050462840,200,,91.35,yolo26n_int8,true,10.62,21.79,0.01,2
../../val2017/000000305309.jpg,1789050462856,200,,92.45,yolo26n_int8,true,13.56,18.16,0.01,3
../../val2017/000000294831.jpg,1789050462861,200,,213.84,yolo26m_fp16,true,13.65,75.47,0.01,8
../../val2017/000000305609.jpg,1789050462867,200,,93.19,yolo26n_int8,true,16.94,14.88,0.01,4
../../val2017/000000307145.jpg,1789050462878,200,,80.84,yolo26n_int8,true,10.32,18.71,0.01,2
../../val2017/000000306582.jpg,1789050462891,200,,106.98,yolo26n_int8,true,13.42,26.02,0.00,0
../../val2017/000000296284.jpg,1789050462891,200,,213.66,yolo26m_fp16,true,16.15,78.90,0.01,9
../../val2017/000000307598.jpg,1789050462902,200,,92.68,yolo26n_int8,true,13.97,15.63,0.01,2
../../val2017/000000299355.jpg,1789050462915,200,,210.43,yolo26m_fp16,true,16.93,72.55,0.01,2
../../val2017/000000308476.jpg,1789050462916,200,,96.79,yolo26n_int8,true,18.59,12.11,0.01,1
../../val2017/000000309173.jpg,1789050462928,200,,94.86,yolo26n_int8,true,18.24,20.49,0.01,1
../../val2017/000000309938.jpg,1789050462938,200,,97.52,yolo26n_int8,true,8.26,23.69,0.01,1
../../val2017/000000303653.jpg,1789050462940,200,,208.45,yolo26m_fp16,true,15.67,66.91,0.01,8
../../val2017/000000311518.jpg,1789050462950,200,,93.95,yolo26n_int8,true,14.02,15.61,0.01,1
../../val2017/000000312278.jpg,1789050462962,200,,94.67,yolo26n_int8,true,16.90,16.17,0.01,0
../../val2017/000000304560.jpg,1789050462970,200,,209.46,yolo26m_fp16,true,14.59,74.00,0.01,1
../../val2017/000000312406.jpg,1789050462976,200,,98.47,yolo26n_int8,true,15.11,12.52,0.01,3
../../val2017/000000313130.jpg,1789050462986,200,,94.95,yolo26n_int8,true,18.77,11.17,0.01,2
../../val2017/000000306733.jpg,1789050462996,200,,212.33,yolo26m_fp16,true,13.36,74.19,0.01,7
../../val2017/000000313562.jpg,1789050462997,200,,94.03,yolo26n_int8,true,10.39,19.60,0.01,2
../../val2017/000000314914.jpg,1789050463010,200,,94.14,yolo26n_int8,true,16.08,10.83,0.01,1
../../val2017/000000316054.jpg,1789050463020,200,,91.83,yolo26n_int8,true,14.43,12.24,0.01,2
../../val2017/000000308328.jpg,1789050463024,200,,212.26,yolo26m_fp16,true,15.40,76.38,0.01,19
../../val2017/000000319607.jpg,1789050463033,200,,94.71,yolo26n_int8,true,14.61,13.19,0.01,2
../../val2017/000000322610.jpg,1789050463046,200,,95.24,yolo26n_int8,true,15.49,13.35,0.01,10
../../val2017/000000309678.jpg,1789050463049,200,,209.35,yolo26m_fp16,true,14.45,74.14,0.01,2
../../val2017/000000322959.jpg,1789050463058,200,,95.95,yolo26n_int8,true,13.25,21.24,0.01,4
../../val2017/000000326462.jpg,1789050463073,200,,96.18,yolo26n_int8,true,19.01,15.91,0.01,0
../../val2017/000000311789.jpg,1789050463075,200,,213.03,yolo26m_fp16,true,17.20,74.97,0.01,3
../../val2017/000000327601.jpg,1789050463081,200,,95.22,yolo26n_int8,true,16.11,18.67,0.01,2
../../val2017/000000327617.jpg,1789050463092,200,,96.20,yolo26n_int8,true,14.07,15.17,0.01,2
../../val2017/000000313182.jpg,1789050463099,200,,207.15,yolo26m_fp16,true,14.60,74.96,0.01,11
../../val2017/000000328337.jpg,1789050463102,200,,91.38,yolo26n_int8,true,14.96,16.83,0.01,1
../../val2017/000000329614.jpg,1789050463114,200,,93.64,yolo26n_int8,true,13.72,18.09,0.01,9
../../val2017/000000330790.jpg,1789050463125,200,,92.04,yolo26n_int8,true,11.59,13.42,0.01,5
../../val2017/000000314182.jpg,1789050463135,200,,220.08,yolo26m_fp16,true,15.81,76.63,0.01,9
../../val2017/000000331075.jpg,1789050463146,200,,98.63,yolo26n_int8,true,18.59,11.46,0.01,1
../../val2017/000000322429.jpg,1789050463152,200,,210.76,yolo26m_fp16,true,17.66,62.75,0.01,14
../../val2017/000000331799.jpg,1789050463155,200,,96.25,yolo26n_int8,true,15.44,16.79,0.01,5
../../val2017/000000332351.jpg,1789050463167,200,,93.99,yolo26n_int8,true,19.79,13.83,0.01,9
../../val2017/000000332901.jpg,1789050463177,200,,95.08,yolo26n_int8,true,15.86,15.90,0.01,4
../../val2017/000000323263.jpg,1789050463179,200,,209.03,yolo26m_fp16,true,13.26,70.27,0.01,8
../../val2017/000000333956.jpg,1789050463193,200,,86.86,yolo26n_int8,true,14.06,12.18,0.01,1
../../val2017/000000328030.jpg,1789050463208,200,,210.89,yolo26m_fp16,true,15.40,70.53,0.01,5
../../val2017/000000333697.jpg,1789050463210,200,,117.30,yolo26n_int8,true,8.69,36.29,0.01,0
../../val2017/000000334483.jpg,1789050463221,200,,106.86,yolo26n_int8,true,13.57,21.25,0.01,7
../../val2017/000000330554.jpg,1789050463228,200,,203.83,yolo26m_fp16,true,18.79,64.07,0.01,0
../../val2017/000000334555.jpg,1789050463230,200,,105.22,yolo26n_int8,true,19.57,14.69,0.01,13
../../val2017/000000336209.jpg,1789050463248,200,,102.15,yolo26n_int8,true,15.51,25.05,0.01,1
../../val2017/000000336265.jpg,1789050463257,200,,104.47,yolo26n_int8,true,16.91,14.51,0.01,2
../../val2017/000000331352.jpg,1789050463257,200,,208.43,yolo26m_fp16,true,21.12,65.97,0.01,1
../../val2017/000000338901.jpg,1789050463269,200,,90.09,yolo26n_int8,true,13.75,12.02,0.01,4
../../val2017/000000338191.jpg,1789050463283,200,,115.02,yolo26n_int8,true,9.48,24.16,0.01,8
../../val2017/000000332570.jpg,1789050463283,200,,207.81,yolo26m_fp16,true,17.50,73.68,0.01,2
../../val2017/000000339823.jpg,1789050463290,200,,95.70,yolo26n_int8,true,15.75,7.86,0.01,1
../../val2017/000000339870.jpg,1789050463302,200,,94.41,yolo26n_int8,true,13.47,17.30,0.01,3
../../val2017/000000333745.jpg,1789050463310,200,,211.29,yolo26m_fp16,true,17.64,75.38,0.01,6
../../val2017/000000343315.jpg,1789050463315,200,,93.82,yolo26n_int8,true,16.54,7.63,0.01,1
../../val2017/000000343706.jpg,1789050463322,200,,91.49,yolo26n_int8,true,10.96,10.34,0.01,3
../../val2017/000000345356.jpg,1789050463341,200,,92.74,yolo26n_int8,true,14.40,20.36,0.01,4
../../val2017/000000338304.jpg,1789050463342,200,,164.34,yolo26m_fp16,true,15.77,24.54,0.01,18
../../val2017/000000345397.jpg,1789050463352,200,,94.87,yolo26n_int8,true,15.69,22.30,0.01,4
../../val2017/000000336658.jpg,1789050463362,200,,206.89,yolo26m_fp16,true,13.53,74.96,0.01,11
../../val2017/000000347174.jpg,1789050463366,200,,96.39,yolo26n_int8,true,15.35,18.81,0.01,2
../../val2017/000000347265.jpg,1789050463376,200,,91.80,yolo26n_int8,true,9.25,27.12,0.01,1
../../val2017/000000347370.jpg,1789050463389,200,,99.27,yolo26n_int8,true,16.66,18.81,0.00,1
../../val2017/000000335427.jpg,1789050463391,200,,255.88,yolo26m_fp16,true,14.53,128.11,0.01,8
../../val2017/000000347456.jpg,1789050463403,200,,100.69,yolo26n_int8,true,13.71,21.74,0.01,2
../../val2017/000000348012.jpg,1789050463414,200,,98.11,yolo26n_int8,true,15.59,20.11,0.01,1
../../val2017/000000342186.jpg,1789050463414,200,,203.78,yolo26m_fp16,true,14.14,67.64,0.01,3
../../val2017/000000349184.jpg,1789050463425,200,,102.66,yolo26n_int8,true,16.50,20.70,0.01,7
../../val2017/000000349302.jpg,1789050463436,200,,94.83,yolo26n_int8,true,8.60,18.95,0.01,2
../../val2017/000000343524.jpg,1789050463438,200,,209.96,yolo26m_fp16,true,13.16,73.31,0.01,2
../../val2017/000000350054.jpg,1789050463446,200,,93.75,yolo26n_int8,true,16.12,11.88,0.01,1
../../val2017/000000351559.jpg,1789050463458,200,,91.83,yolo26n_int8,true,15.75,17.64,0.01,2
../../val2017/000000351589.jpg,1789050463468,200,,92.22,yolo26n_int8,true,14.68,13.26,0.01,2
../../val2017/000000346703.jpg,1789050463469,200,,211.35,yolo26m_fp16,true,15.32,72.98,0.01,25
../../val2017/000000351810.jpg,1789050463479,200,,89.48,yolo26n_int8,true,16.58,10.90,0.01,6
../../val2017/000000353027.jpg,1789050463488,200,,84.34,yolo26n_int8,true,8.62,21.50,0.01,3
../../val2017/000000347254.jpg,1789050463495,200,,211.94,yolo26m_fp16,true,16.06,76.54,0.01,6
../../val2017/000000354072.jpg,1789050463501,200,,86.73,yolo26n_int8,true,16.22,13.78,0.01,2
../../val2017/000000355610.jpg,1789050463513,200,,87.28,yolo26n_int8,true,14.10,20.13,0.01,2
../../val2017/000000347664.jpg,1789050463520,200,,208.31,yolo26m_fp16,true,16.62,73.20,0.01,14
../../val2017/000000355817.jpg,1789050463529,200,,92.13,yolo26n_int8,true,16.92,13.28,0.01,1
../../val2017/000000356261.jpg,1789050463539,200,,92.26,yolo26n_int8,true,9.54,18.82,0.01,3
../../val2017/000000349860.jpg,1789050463546,200,,204.29,yolo26m_fp16,true,14.34,74.13,0.01,7
../../val2017/000000356387.jpg,1789050463551,200,,91.74,yolo26n_int8,true,16.97,12.92,0.01,7
../../val2017/000000356432.jpg,1789050463565,200,,96.31,yolo26n_int8,true,14.44,26.13,0.01,4
../../val2017/000000350148.jpg,1789050463571,200,,208.16,yolo26m_fp16,true,14.47,72.82,0.01,17
../../val2017/000000357459.jpg,1789050463576,200,,96.51,yolo26n_int8,true,17.25,12.01,0.01,2
../../val2017/000000357742.jpg,1789050463589,200,,100.64,yolo26n_int8,true,15.30,19.25,0.01,3
../../val2017/000000360097.jpg,1789050463598,200,,96.95,yolo26n_int8,true,8.52,27.77,0.01,1
../../val2017/000000352584.jpg,1789050463598,200,,206.62,yolo26m_fp16,true,24.66,63.60,0.01,0
../../val2017/000000360325.jpg,1789050463616,200,,102.53,yolo26n_int8,true,14.42,16.18,0.01,5
../../val2017/000000361238.jpg,1789050463622,200,,93.40,yolo26n_int8,true,14.73,15.00,0.01,6
../../val2017/000000353180.jpg,1789050463623,200,,208.96,yolo26m_fp16,true,13.37,75.54,0.01,10
../../val2017/000000361506.jpg,1789050463634,200,,94.94,yolo26n_int8,true,14.57,12.83,0.01,1
../../val2017/000000361919.jpg,1789050463645,200,,94.24,yolo26n_int8,true,17.53,15.57,0.01,10
../../val2017/000000356248.jpg,1789050463653,200,,214.29,yolo26m_fp16,true,14.23,69.00,0.01,19
../../val2017/000000364126.jpg,1789050463660,200,,94.48,yolo26n_int8,true,14.60,12.82,0.01,2
../../val2017/000000365098.jpg,1789050463668,200,,90.87,yolo26n_int8,true,13.27,16.65,0.01,0
../../val2017/000000365207.jpg,1789050463681,200,,92.02,yolo26n_int8,true,9.31,18.09,0.01,3
../../val2017/000000356498.jpg,1789050463682,200,,212.57,yolo26m_fp16,true,16.48,77.92,0.01,2
../../val2017/000000365766.jpg,1789050463688,200,,89.29,yolo26n_int8,true,14.80,9.40,0.01,3
../../val2017/000000366178.jpg,1789050463700,200,,84.61,yolo26n_int8,true,14.89,12.90,0.01,3
../../val2017/000000359937.jpg,1789050463707,200,,210.97,yolo26m_fp16,true,16.05,69.61,0.01,2
../../val2017/000000366711.jpg,1789050463717,200,,93.62,yolo26n_int8,true,15.63,10.66,0.01,6
../../val2017/000000366884.jpg,1789050463726,200,,91.36,yolo26n_int8,true,14.26,20.75,0.01,3
../../val2017/000000367228.jpg,1789050463735,200,,88.99,yolo26n_int8,true,18.56,16.47,0.01,2
../../val2017/000000361142.jpg,1789050463735,200,,214.84,yolo26m_fp16,true,14.01,82.35,0.01,12
../../val2017/000000369541.jpg,1789050463748,200,,87.78,yolo26n_int8,true,11.25,20.44,0.01,4
../../val2017/000000370478.jpg,1789050463759,200,,91.26,yolo26n_int8,true,16.47,11.13,0.01,3
../../val2017/000000361621.jpg,1789050463760,200,,213.85,yolo26m_fp16,true,14.14,80.52,0.01,2
../../val2017/000000370818.jpg,1789050463768,200,,86.11,yolo26n_int8,true,14.62,8.66,0.01,2
../../val2017/000000371552.jpg,1789050463784,200,,93.97,yolo26n_int8,true,14.15,12.77,0.01,6
../../val2017/000000364884.jpg,1789050463787,200,,216.33,yolo26m_fp16,true,17.00,78.12,0.01,4
../../val2017/000000372349.jpg,1789050463793,200,,91.92,yolo26n_int8,true,18.66,14.85,0.01,2
../../val2017/000000374551.jpg,1789050463804,200,,86.57,yolo26n_int8,true,16.55,16.07,0.01,1
../../val2017/000000376307.jpg,1789050463819,200,,93.62,yolo26n_int8,true,16.77,18.59,0.01,4
../../val2017/000000366141.jpg,1789050463820,200,,221.05,yolo26m_fp16,true,22.24,73.65,0.01,6
../../val2017/000000376900.jpg,1789050463828,200,,92.18,yolo26n_int8,true,10.31,16.90,0.01,3
../../val2017/000000366225.jpg,1789050463839,200,,216.91,yolo26m_fp16,true,16.80,72.13,0.01,3
../../val2017/000000377000.jpg,1789050463842,200,,93.26,yolo26n_int8,true,16.58,11.78,0.01,1
../../val2017/000000377670.jpg,1789050463858,200,,97.92,yolo26n_int8,true,13.84,19.51,0.01,3
../../val2017/000000377723.jpg,1789050463865,200,,94.89,yolo26n_int8,true,16.96,12.58,0.01,12
../../val2017/000000367680.jpg,1789050463868,200,,214.34,yolo26m_fp16,true,19.23,72.82,0.01,10
../../val2017/000000378116.jpg,1789050463879,200,,90.80,yolo26n_int8,true,14.65,20.94,0.01,2
../../val2017/000000379453.jpg,1789050463894,200,,100.74,yolo26n_int8,true,13.23,27.29,0.01,1
../../val2017/000000370999.jpg,1789050463894,200,,212.52,yolo26m_fp16,true,16.54,71.52,0.01,0
../../val2017/000000380913.jpg,1789050463904,200,,99.96,yolo26n_int8,true,13.73,20.48,0.01,8
../../val2017/000000373705.jpg,1789050463918,200,,210.87,yolo26m_fp16,true,14.16,75.51,0.01,8
../../val2017/000000382122.jpg,1789050463918,200,,98.27,yolo26n_int8,true,16.97,18.83,0.01,2
../../val2017/000000382734.jpg,1789050463928,200,,99.93,yolo26n_int8,true,14.57,19.63,0.01,0
../../val2017/000000383386.jpg,1789050463941,200,,101.39,yolo26n_int8,true,18.04,13.94,0.01,3
../../val2017/000000376856.jpg,1789050463943,200,,208.49,yolo26m_fp16,true,13.96,70.80,0.01,1
../../val2017/000000383921.jpg,1789050463950,200,,91.20,yolo26n_int8,true,15.25,8.09,0.01,11
../../val2017/000000384527.jpg,1789050463961,200,,95.10,yolo26n_int8,true,9.42,17.58,0.01,7
../../val2017/000000377635.jpg,1789050463968,200,,208.54,yolo26m_fp16,true,13.66,66.65,0.01,6
../../val2017/000000386134.jpg,1789050463981,200,,101.45,yolo26n_int8,true,24.71,11.48,0.01,0
../../val2017/000000377882.jpg,1789050463996,200,,210.78,yolo26m_fp16,true,13.15,70.66,0.00,0
../../val2017/000000387916.jpg,1789050463998,200,,103.92,yolo26n_int8,true,16.72,16.02,0.01,11
../../val2017/000000389451.jpg,1789050464004,200,,100.37,yolo26n_int8,true,18.15,17.95,0.01,9
../../val2017/000000389812.jpg,1789050464013,200,,94.70,yolo26n_int8,true,10.77,24.44,0.01,2
../../val2017/000000382030.jpg,1789050464021,200,,201.58,yolo26m_fp16,true,14.91,75.18,0.01,1
../../val2017/000000391140.jpg,1789050464026,200,,98.07,yolo26n_int8,true,14.65,17.68,0.01,1
../../val2017/000000393014.jpg,1789050464041,200,,99.20,yolo26n_int8,true,13.74,12.24,0.01,1
../../val2017/000000383606.jpg,1789050464047,200,,204.49,yolo26m_fp16,true,15.63,74.48,0.01,4
../../val2017/000000393093.jpg,1789050464051,200,,100.79,yolo26n_int8,true,16.74,14.93,0.01,4
../../val2017/000000393226.jpg,1789050464064,200,,103.27,yolo26n_int8,true,14.85,16.60,0.01,7
../../val2017/000000396518.jpg,1789050464072,200,,90.95,yolo26n_int8,true,10.94,19.16,0.01,2
../../val2017/000000384666.jpg,1789050464077,200,,208.91,yolo26m_fp16,true,18.79,72.25,0.01,10
../../val2017/000000397354.jpg,1789050464087,200,,84.98,yolo26n_int8,true,13.98,17.15,0.01,15
../../val2017/000000389197.jpg,1789050464101,200,,206.33,yolo26m_fp16,true,17.73,71.67,0.01,12
../../val2017/000000399296.jpg,1789050464102,200,,97.42,yolo26n_int8,true,14.54,22.33,0.01,5
../../val2017/000000399560.jpg,1789050464114,200,,100.77,yolo26n_int8,true,17.53,18.07,0.01,1
../../val2017/000000400161.jpg,1789050464128,200,,101.12,yolo26n_int8,true,15.02,19.24,0.01,5
../../val2017/000000389532.jpg,1789050464134,200,,216.18,yolo26m_fp16,true,19.70,71.91,0.01,3
../../val2017/000000400573.jpg,1789050464135,200,,92.90,yolo26n_int8,true,9.52,21.87,0.01,2
../../val2017/000000402096.jpg,1789050464149,200,,97.92,yolo26n_int8,true,15.26,17.52,0.01,1
../../val2017/000000393056.jpg,1789050464154,200,,210.08,yolo26m_fp16,true,19.77,70.78,0.01,1
../../val2017/000000402334.jpg,1789050464157,200,,92.62,yolo26n_int8,true,15.51,17.43,0.01,2
../../val2017/000000402615.jpg,1789050464174,200,,101.23,yolo26n_int8,true,13.95,12.21,0.01,4
../../val2017/000000395575.jpg,1789050464176,200,,207.19,yolo26m_fp16,true,20.18,62.97,0.01,3
../../val2017/000000403122.jpg,1789050464182,200,,95.51,yolo26n_int8,true,15.59,20.05,0.01,11
../../val2017/000000396580.jpg,1789050464195,200,,197.20,yolo26m_fp16,true,14.66,59.85,0.01,1
../../val2017/000000404128.jpg,1789050464204,200,,89.51,yolo26n_int8,true,21.69,9.49,0.01,1
../../val2017/000000403584.jpg,1789050464214,200,,111.04,yolo26n_int8,true,22.99,17.56,0.01,3
../../val2017/000000404479.jpg,1789050464223,200,,93.90,yolo26n_int8,true,16.10,18.72,0.01,1
../../val2017/000000400082.jpg,1789050464224,200,,202.69,yolo26m_fp16,true,14.31,67.77,0.01,5
../../val2017/000000405972.jpg,1789050464232,200,,96.74,yolo26n_int8,true,14.26,12.73,0.01,2
../../val2017/000000407524.jpg,1789050464244,200,,94.27,yolo26n_int8,true,16.28,11.35,0.01,3
../../val2017/000000401244.jpg,1789050464254,200,,207.26,yolo26m_fp16,true,22.73,58.04,0.01,2
../../val2017/000000408120.jpg,1789050464254,200,,96.05,yolo26n_int8,true,15.24,9.89,0.01,2
../../val2017/000000410496.jpg,1789050464269,200,,94.19,yolo26n_int8,true,15.54,10.77,0.01,7
../../val2017/000000410612.jpg,1789050464275,200,,92.25,yolo26n_int8,true,11.09,21.60,0.01,1
../../val2017/000000411953.jpg,1789050464285,200,,80.28,yolo26n_int8,true,14.84,11.82,0.01,2
../../val2017/000000402765.jpg,1789050464286,200,,208.83,yolo26m_fp16,true,20.98,77.53,0.01,2
../../val2017/000000412887.jpg,1789050464304,200,,89.55,yolo26n_int8,true,17.50,12.70,0.01,2
../../val2017/000000413247.jpg,1789050464315,200,,92.23,yolo26n_int8,true,17.17,15.68,0.01,3
../../val2017/000000403385.jpg,1789050464317,200,,215.25,yolo26m_fp16,true,14.62,89.83,0.01,2
../../val2017/000000414170.jpg,1789050464323,200,,90.86,yolo26n_int8,true,9.43,22.10,0.01,5
../../val2017/000000415194.jpg,1789050464336,200,,92.35,yolo26n_int8,true,14.53,19.35,0.01,4
../../val2017/000000416256.jpg,1789050464346,200,,88.16,yolo26n_int8,true,18.08,12.33,0.01,2
../../val2017/000000405691.jpg,1789050464346,200,,212.04,yolo26m_fp16,true,20.74,81.44,0.01,13
../../val2017/000000416758.jpg,1789050464361,200,,92.13,yolo26n_int8,true,15.58,12.44,0.01,2
../../val2017/000000407825.jpg,1789050464373,200,,219.25,yolo26m_fp16,true,20.01,80.51,0.01,5
../../val2017/000000416991.jpg,1789050464374,200,,98.72,yolo26n_int8,true,14.93,24.15,0.01,6
../../val2017/000000417043.jpg,1789050464386,200,,101.21,yolo26n_int8,true,16.76,19.50,0.01,1
../../val2017/000000410510.jpg,1789050464396,200,,219.38,yolo26m_fp16,true,14.48,82.07,0.01,4
../../val2017/000000417911.jpg,1789050464400,200,,95.64,yolo26n_int8,true,9.56,30.08,0.01,2
../../val2017/000000419379.jpg,1789050464414,200,,98.46,yolo26n_int8,true,15.32,23.42,0.01,6
../../val2017/000000419653.jpg,1789050464422,200,,98.13,yolo26n_int8,true,16.81,17.30,0.01,7
../../val2017/000000410880.jpg,1789050464427,200,,230.91,yolo26m_fp16,true,17.12,74.91,0.01,5
../../val2017/000000419882.jpg,1789050464429,200,,92.21,yolo26n_int8,true,15.11,12.73,0.01,3
../../val2017/000000420281.jpg,1789050464444,200,,95.91,yolo26n_int8,true,14.55,12.78,0.01,2
../../val2017/000000413552.jpg,1789050464448,200,,223.31,yolo26m_fp16,true,14.41,75.58,0.01,3
../../val2017/000000420840.jpg,1789050464454,200,,92.50,yolo26n_int8,true,13.31,15.30,0.01,3
../../val2017/000000423798.jpg,1789050464474,200,,87.79,yolo26n_int8,true,14.01,14.75,0.01,0
../../val2017/000000416745.jpg,1789050464475,200,,214.74,yolo26m_fp16,true,21.55,64.88,0.01,2
../../val2017/000000424349.jpg,1789050464484,200,,83.99,yolo26n_int8,true,14.71,10.74,0.01,3
../../val2017/000000422886.jpg,1789050464497,200,,122.80,yolo26n_int8,true,16.79,37.84,0.01,2
../../val2017/000000417465.jpg,1789050464501,200,,214.16,yolo26m_fp16,true,13.72,72.20,0.01,1
../../val2017/000000424551.jpg,1789050464509,200,,87.07,yolo26n_int8,true,14.20,10.86,0.01,3
../../val2017/000000424545.jpg,1789050464520,200,,105.55,yolo26n_int8,true,9.58,45.12,0.01,1
../../val2017/000000419408.jpg,1789050464528,200,,210.93,yolo26m_fp16,true,16.36,61.28,0.01,11
../../val2017/000000425906.jpg,1789050464531,200,,101.92,yolo26n_int8,true,17.90,17.54,0.01,5
../../val2017/000000426241.jpg,1789050464546,200,,101.50,yolo26n_int8,true,14.83,16.70,0.01,6
../../val2017/000000419974.jpg,1789050464554,200,,208.16,yolo26m_fp16,true,14.84,75.39,0.01,17
../../val2017/000000428867.jpg,1789050464554,200,,100.29,yolo26n_int8,true,13.30,23.09,0.01,6
../../val2017/000000430871.jpg,1789050464568,200,,93.41,yolo26n_int8,true,14.68,22.69,0.01,1
../../val2017/000000423617.jpg,1789050464583,200,,208.52,yolo26m_fp16,true,13.82,73.80,0.01,15
../../val2017/000000430961.jpg,1789050464583,200,,98.38,yolo26n_int8,true,13.98,28.65,0.01,4
../../val2017/000000431876.jpg,1789050464594,200,,97.14,yolo26n_int8,true,15.32,11.02,0.01,8
../../val2017/000000433243.jpg,1789050464609,200,,99.67,yolo26n_int8,true,20.22,10.69,0.01,2
../../val2017/000000424162.jpg,1789050464609,200,,213.16,yolo26m_fp16,true,14.34,71.12,0.01,14
../../val2017/000000433374.jpg,1789050464619,200,,98.90,yolo26n_int8,true,12.62,21.47,0.01,4
../../val2017/000000424642.jpg,1789050464629,200,,201.66,yolo26m_fp16,true,14.51,72.17,0.01,6
../../val2017/000000434479.jpg,1789050464634,200,,102.79,yolo26n_int8,true,14.72,22.36,0.01,2
../../val2017/000000434548.jpg,1789050464639,200,,92.73,yolo26n_int8,true,16.63,8.12,0.01,3
../../val2017/000000437898.jpg,1789050464649,200,,94.30,yolo26n_int8,true,13.38,14.53,0.01,4
../../val2017/000000427649.jpg,1789050464660,200,,211.41,yolo26m_fp16,true,13.87,79.31,0.01,1
../../val2017/000000439180.jpg,1789050464660,200,,91.46,yolo26n_int8,true,13.72,12.18,0.01,22
../../val2017/000000441553.jpg,1789050464678,200,,83.81,yolo26n_int8,true,13.91,12.00,0.01,9
../../val2017/000000439994.jpg,1789050464690,200,,106.34,yolo26n_int8,true,17.25,22.37,0.01,3
../../val2017/000000429598.jpg,1789050464692,200,,217.31,yolo26m_fp16,true,14.64,76.01,0.01,4
../../val2017/000000441586.jpg,1789050464702,200,,92.76,yolo26n_int8,true,14.33,16.43,0.01,6
../../val2017/000000442661.jpg,1789050464714,200,,94.87,yolo26n_int8,true,14.67,24.31,0.01,1
../../val2017/000000432898.jpg,1789050464720,200,,219.09,yolo26m_fp16,true,15.74,82.80,0.01,25
../../val2017/000000445602.jpg,1789050464729,200,,94.36,yolo26n_int8,true,13.94,18.96,0.01,4
../../val2017/000000445722.jpg,1789050464742,200,,102.55,yolo26n_int8,true,16.04,21.38,0.01,3
../../val2017/000000434247.jpg,1789050464746,200,,217.58,yolo26m_fp16,true,22.24,73.69,0.01,13
../../val2017/000000445846.jpg,1789050464748,200,,99.09,yolo26n_int8,true,14.29,19.42,0.01,1
../../val2017/000000445999.jpg,1789050464760,200,,100.45,yolo26n_int8,true,13.83,21.09,0.01,1
../../val2017/000000446522.jpg,1789050464773,200,,94.45,yolo26n_int8,true,17.43,16.04,0.01,4
../../val2017/000000437110.jpg,1789050464773,200,,218.04,yolo26m_fp16,true,14.39,81.30,0.01,1
../../val2017/000000446574.jpg,1789050464782,200,,92.05,yolo26n_int8,true,13.56,13.70,0.01,1
../../val2017/000000447314.jpg,1789050464793,200,,90.83,yolo26n_int8,true,12.20,21.28,0.01,6
../../val2017/000000441247.jpg,1789050464802,200,,218.39,yolo26m_fp16,true,14.12,79.04,0.01,17
../../val2017/000000448448.jpg,1789050464806,200,,91.18,yolo26n_int8,true,14.32,10.91,0.01,1
../../val2017/000000449996.jpg,1789050464816,200,,86.91,yolo26n_int8,true,16.10,12.58,0.01,4
../../val2017/000000450100.jpg,1789050464830,200,,87.75,yolo26n_int8,true,13.97,17.70,0.01,2
../../val2017/000000446207.jpg,1789050464830,200,,169.90,yolo26m_fp16,true,16.45,26.22,0.01,1
../../val2017/000000451144.jpg,1789050464839,200,,89.95,yolo26n_int8,true,14.50,14.75,0.01,2
../../val2017/000000451155.jpg,1789050464849,200,,88.42,yolo26n_int8,true,13.04,24.02,0.01,2
../../val2017/000000442836.jpg,1789050464855,200,,226.01,yolo26m_fp16,true,13.87,74.12,0.01,4
../../val2017/000000452084.jpg,1789050464864,200,,90.70,yolo26n_int8,true,15.07,8.05,0.01,0
../../val2017/000000452891.jpg,1789050464876,200,,94.17,yolo26n_int8,true,14.44,16.61,0.01,2
../../val2017/000000453040.jpg,1789050464885,200,,91.74,yolo26n_int8,true,16.27,12.84,0.00,0
../../val2017/000000442463.jpg,1789050464886,200,,275.86,yolo26m_fp16,true,14.91,136.38,0.01,2
../../val2017/000000453860.jpg,1789050464898,200,,96.14,yolo26n_int8,true,12.92,23.32,0.01,2
../../val2017/000000454661.jpg,1789050464914,200,,97.51,yolo26n_int8,true,14.45,19.29,0.01,8
../../val2017/000000447313.jpg,1789050464915,200,,222.49,yolo26m_fp16,true,20.65,62.13,0.01,3
../../val2017/000000455219.jpg,1789050464922,200,,91.46,yolo26n_int8,true,14.33,10.47,0.01,5
../../val2017/000000456292.jpg,1789050464933,200,,93.76,yolo26n_int8,true,14.10,20.54,0.01,0
../../val2017/000000449579.jpg,1789050464940,200,,219.81,yolo26m_fp16,true,17.28,79.94,0.01,2
../../val2017/000000457262.jpg,1789050464945,200,,95.63,yolo26n_int8,true,17.34,14.01,0.01,2
../../val2017/000000458255.jpg,1789050464956,200,,91.87,yolo26n_int8,true,15.02,13.66,0.01,3
../../val2017/000000458410.jpg,1789050464971,200,,94.27,yolo26n_int8,true,13.88,12.16,0.01,2
../../val2017/000000451043.jpg,1789050464971,200,,224.72,yolo26m_fp16,true,17.77,79.12,0.01,2
../../val2017/000000458702.jpg,1789050464982,200,,95.06,yolo26n_int8,true,14.67,16.47,0.01,3
../../val2017/000000452784.jpg,1789050464995,200,,221.28,yolo26m_fp16,true,13.31,81.58,0.01,4
../../val2017/000000460333.jpg,1789050464997,200,,98.92,yolo26n_int8,true,14.35,16.74,0.01,4
../../val2017/000000460682.jpg,1789050465005,200,,89.84,yolo26n_int8,true,14.99,25.61,0.01,1
../../val2017/000000460683.jpg,1789050465015,200,,92.44,yolo26n_int8,true,8.84,22.88,0.01,4
../../val2017/000000460927.jpg,1789050465026,200,,92.78,yolo26n_int8,true,12.83,19.97,0.01,1
../../val2017/000000453981.jpg,1789050465027,200,,221.24,yolo26m_fp16,true,14.21,81.43,0.01,1
../../val2017/000000461751.jpg,1789050465043,200,,97.76,yolo26n_int8,true,15.39,12.59,0.01,2
../../val2017/000000462728.jpg,1789050465050,200,,78.47,yolo26n_int8,true,10.44,14.69,0.01,2
../../val2017/000000459757.jpg,1789050465053,200,,166.02,yolo26m_fp16,true,13.17,25.62,0.01,1
../../val2017/000000462614.jpg,1789050465066,200,,109.89,yolo26n_int8,true,14.45,28.03,0.01,4
../../val2017/000000463037.jpg,1789050465082,200,,100.50,yolo26n_int8,true,14.43,23.98,0.01,1
../../val2017/000000457884.jpg,1789050465082,200,,226.93,yolo26m_fp16,true,14.89,75.57,0.01,7
../../val2017/000000463618.jpg,1789050465092,200,,94.38,yolo26n_int8,true,14.03,18.92,0.01,4
../../val2017/000000463802.jpg,1789050465103,200,,98.25,yolo26n_int8,true,16.40,20.95,0.01,1
../../val2017/000000454798.jpg,1789050465105,200,,275.31,yolo26m_fp16,true,16.12,129.62,0.01,3
../../val2017/000000464358.jpg,1789050465115,200,,100.10,yolo26n_int8,true,15.82,22.16,0.01,2
../../val2017/000000469067.jpg,1789050465127,200,,83.14,yolo26n_int8,true,10.13,11.10,0.01,2
../../val2017/000000460494.jpg,1789050465131,200,,216.67,yolo26m_fp16,true,14.60,74.06,0.01,8
../../val2017/000000465585.jpg,1789050465139,200,,111.70,yolo26n_int8,true,12.70,33.76,0.01,2
../../val2017/000000469192.jpg,1789050465154,200,,104.07,yolo26n_int8,true,14.00,21.28,0.01,8
../../val2017/000000461573.jpg,1789050465155,200,,213.73,yolo26m_fp16,true,18.28,65.08,0.01,1
../../val2017/000000471991.jpg,1789050465165,200,,98.04,yolo26n_int8,true,14.31,18.28,0.01,1
../../val2017/000000473121.jpg,1789050465175,200,,82.78,yolo26n_int8,true,14.43,11.64,0.01,1
../../val2017/000000462629.jpg,1789050465186,200,,215.20,yolo26m_fp16,true,13.62,77.36,0.02,9
../../val2017/000000473015.jpg,1789050465187,200,,103.92,yolo26n_int8,true,18.99,21.95,0.01,1
../../val2017/000000473821.jpg,1789050465198,200,,94.67,yolo26n_int8,true,9.54,16.79,0.01,4
../../val2017/000000463522.jpg,1789050465205,200,,210.29,yolo26m_fp16,true,14.04,69.94,0.01,10
../../val2017/000000474164.jpg,1789050465222,200,,106.84,yolo26n_int8,true,20.39,13.84,0.01,3
../../val2017/000000465430.jpg,1789050465234,200,,207.25,yolo26m_fp16,true,14.19,72.01,0.01,6
../../val2017/000000475572.jpg,1789050465238,200,,83.35,yolo26n_int8,true,9.70,11.33,0.01,4
../../val2017/000000474293.jpg,1789050465250,200,,123.49,yolo26n_int8,true,16.37,36.32,0.01,1
../../val2017/000000474786.jpg,1789050465258,200,,119.30,yolo26n_int8,true,26.14,35.57,0.01,4
../../val2017/000000470924.jpg,1789050465259,200,,206.31,yolo26m_fp16,true,14.46,69.20,0.01,53
../../val2017/000000476491.jpg,1789050465276,200,,110.94,yolo26n_int8,true,19.41,20.97,0.01,1
../../val2017/000000476514.jpg,1789050465282,200,,106.51,yolo26n_int8,true,12.49,13.86,0.01,3
../../val2017/000000472623.jpg,1789050465283,200,,200.38,yolo26m_fp16,true,21.66,57.58,0.01,4
../../val2017/000000476787.jpg,1789050465304,200,,117.20,yolo26n_int8,true,21.60,11.89,0.01,3
../../val2017/000000473974.jpg,1789050465317,200,,209.84,yolo26m_fp16,true,24.47,53.94,0.01,4
../../val2017/000000477288.jpg,1789050465317,200,,118.87,yolo26n_int8,true,21.75,15.59,0.01,12
../../val2017/000000479448.jpg,1789050465325,200,,102.42,yolo26n_int8,true,16.28,21.54,0.01,6
../../val2017/000000479953.jpg,1789050465337,200,,96.31,yolo26n_int8,true,8.52,31.38,0.01,2
../../val2017/000000474452.jpg,1789050465342,200,,211.16,yolo26m_fp16,true,18.94,74.40,0.01,10
../../val2017/000000480122.jpg,1789050465349,200,,98.36,yolo26n_int8,true,13.65,7.45,0.01,12
../../val2017/000000480212.jpg,1789050465364,200,,105.28,yolo26n_int8,true,17.34,11.53,0.01,3
../../val2017/000000474881.jpg,1789050465365,200,,210.29,yolo26m_fp16,true,17.74,68.40,0.01,4
../../val2017/000000482477.jpg,1789050465372,200,,96.00,yolo26n_int8,true,16.27,18.52,0.01,1
../../val2017/000000483999.jpg,1789050465383,200,,99.27,yolo26n_int8,true,8.69,21.37,0.01,20
../../val2017/000000477118.jpg,1789050465389,200,,201.79,yolo26m_fp16,true,14.52,73.95,0.01,0
../../val2017/000000484296.jpg,1789050465396,200,,91.78,yolo26n_int8,true,16.91,9.44,0.01,2
../../val2017/000000484351.jpg,1789050465407,200,,89.61,yolo26n_int8,true,17.09,10.73,0.01,17
../../val2017/000000484893.jpg,1789050465417,200,,91.67,yolo26n_int8,true,14.31,12.62,0.01,3
../../val2017/000000477955.jpg,1789050465420,200,,214.53,yolo26m_fp16,true,16.00,68.41,0.01,5
../../val2017/000000485027.jpg,1789050465426,200,,88.55,yolo26n_int8,true,8.00,21.02,0.01,3
../../val2017/000000485480.jpg,1789050465439,200,,89.91,yolo26n_int8,true,12.59,20.52,0.01,5
../../val2017/000000479596.jpg,1789050465445,200,,210.50,yolo26m_fp16,true,14.44,72.90,0.01,14
../../val2017/000000485802.jpg,1789050465448,200,,84.05,yolo26n_int8,true,14.41,15.20,0.01,1
../../val2017/000000488592.jpg,1789050465462,200,,89.72,yolo26n_int8,true,15.10,10.99,0.01,8
../../val2017/000000481413.jpg,1789050465474,200,,214.75,yolo26m_fp16,true,13.74,83.73,0.01,2
../../val2017/000000488736.jpg,1789050465475,200,,91.65,yolo26n_int8,true,12.67,15.98,0.01,3
../../val2017/000000489764.jpg,1789050465484,200,,87.73,yolo26n_int8,true,14.05,11.02,0.01,2
../../val2017/000000489842.jpg,1789050465494,200,,87.35,yolo26n_int8,true,13.04,14.97,0.01,15
../../val2017/000000482719.jpg,1789050465500,200,,217.68,yolo26m_fp16,true,12.72,77.99,0.01,3
../../val2017/000000489924.jpg,1789050465507,200,,89.12,yolo26n_int8,true,21.06,5.63,0.01,4
../../val2017/000000490936.jpg,1789050465523,200,,97.17,yolo26n_int8,true,18.47,11.72,0.01,9
../../val2017/000000484404.jpg,1789050465530,200,,212.36,yolo26m_fp16,true,14.40,79.50,0.01,5
../../val2017/000000491213.jpg,1789050465535,200,,95.19,yolo26n_int8,true,15.09,18.70,0.01,3
../../val2017/000000491867.jpg,1789050465548,200,,99.31,yolo26n_int8,true,15.39,20.57,0.01,5
../../val2017/000000485130.jpg,1789050465557,200,,214.04,yolo26m_fp16,true,13.86,78.58,0.01,1
../../val2017/000000492284.jpg,1789050465558,200,,95.01,yolo26n_int8,true,11.47,22.26,0.01,3
../../val2017/000000492968.jpg,1789050465570,200,,95.36,yolo26n_int8,true,14.74,21.04,0.01,2
../../val2017/000000486112.jpg,1789050465580,200,,215.35,yolo26m_fp16,true,25.27,64.23,0.01,3
../../val2017/000000493864.jpg,1789050465582,200,,97.49,yolo26n_int8,true,16.01,15.76,0.01,3
../../val2017/000000494913.jpg,1789050465594,200,,99.08,yolo26n_int8,true,13.21,16.55,0.01,3
../../val2017/000000495448.jpg,1789050465605,200,,97.74,yolo26n_int8,true,15.78,13.82,0.01,0
../../val2017/000000489611.jpg,1789050465614,200,,223.44,yolo26m_fp16,true,13.30,71.65,0.01,4
../../val2017/000000496571.jpg,1789050465617,200,,93.43,yolo26n_int8,true,14.18,14.83,0.01,8
../../val2017/000000499768.jpg,1789050465627,200,,91.62,yolo26n_int8,true,10.16,21.14,0.01,4
../../val2017/000000500464.jpg,1789050465635,200,,86.71,yolo26n_int8,true,14.72,10.30,0.01,1
../../val2017/000000490125.jpg,1789050465636,200,,215.41,yolo26m_fp16,true,13.98,76.97,0.01,17
../../val2017/000000502168.jpg,1789050465654,200,,95.35,yolo26n_int8,true,13.35,16.14,0.01,9
../../val2017/000000491464.jpg,1789050465662,200,,217.06,yolo26m_fp16,true,20.26,67.56,0.01,4
../../val2017/000000502732.jpg,1789050465665,200,,94.73,yolo26n_int8,true,14.55,21.30,0.01,1
../../val2017/000000503841.jpg,1789050465679,200,,97.15,yolo26n_int8,true,14.41,19.69,0.01,2
../../val2017/000000493799.jpg,1789050465688,200,,211.74,yolo26m_fp16,true,15.47,68.48,0.01,6
../../val2017/000000503855.jpg,1789050465691,200,,97.31,yolo26n_int8,true,11.51,18.88,0.01,17
../../val2017/000000505565.jpg,1789050465702,200,,96.15,yolo26n_int8,true,13.69,14.19,0.01,2
../../val2017/000000495054.jpg,1789050465712,200,,211.78,yolo26m_fp16,true,15.04,70.40,0.01,5
../../val2017/000000506178.jpg,1789050465713,200,,96.28,yolo26n_int8,true,15.09,19.22,0.01,2
../../val2017/000000507797.jpg,1789050465729,200,,93.33,yolo26n_int8,true,8.66,12.21,0.01,13
../../val2017/000000499181.jpg,1789050465739,200,,208.82,yolo26m_fp16,true,18.05,65.27,0.01,12
../../val2017/000000507015.jpg,1789050465737,200,,110.47,yolo26n_int8,true,14.55,27.08,0.01,10
../../val2017/000000508586.jpg,1789050465748,200,,92.03,yolo26n_int8,true,15.74,14.35,0.01,5
../../val2017/000000509131.jpg,1789050465761,200,,95.89,yolo26n_int8,true,17.68,16.56,0.01,7
../../val2017/000000500663.jpg,1789050465766,200,,208.68,yolo26m_fp16,true,15.88,68.08,0.01,4
../../val2017/000000509699.jpg,1789050465769,200,,89.40,yolo26n_int8,true,10.52,19.77,0.01,2
../../val2017/000000510329.jpg,1789050465784,200,,95.47,yolo26n_int8,true,15.07,12.88,0.01,4
../../val2017/000000502737.jpg,1789050465793,200,,212.37,yolo26m_fp16,true,14.61,75.81,0.01,4
../../val2017/000000511999.jpg,1789050465794,200,,91.80,yolo26n_int8,true,14.93,13.71,0.01,6
../../val2017/000000513283.jpg,1789050465805,200,,91.80,yolo26n_int8,true,13.67,16.34,0.01,1
../../val2017/000000513484.jpg,1789050465817,200,,87.78,yolo26n_int8,true,15.64,13.76,0.01,1
../../val2017/000000505573.jpg,1789050465818,200,,204.55,yolo26m_fp16,true,20.58,74.06,0.01,1
../../val2017/000000513567.jpg,1789050465824,200,,83.62,yolo26n_int8,true,10.77,14.31,0.01,10
../../val2017/000000514586.jpg,1789050465838,200,,89.45,yolo26n_int8,true,12.77,16.29,0.01,4
../../val2017/000000508101.jpg,1789050465848,200,,211.24,yolo26m_fp16,true,14.46,81.13,0.01,4
../../val2017/000000514797.jpg,1789050465849,200,,87.93,yolo26n_int8,true,16.00,11.96,0.01,4
../../val2017/000000516871.jpg,1789050465865,200,,95.74,yolo26n_int8,true,15.66,14.08,0.01,1
../../val2017/000000508639.jpg,1789050465875,200,,212.38,yolo26m_fp16,true,14.54,77.81,0.01,1
../../val2017/000000517069.jpg,1789050465877,200,,93.56,yolo26n_int8,true,14.76,21.83,0.01,5
../../val2017/000000520264.jpg,1789050465889,200,,94.48,yolo26n_int8,true,9.38,18.06,0.01,6
../../val2017/000000520832.jpg,1789050465898,200,,91.83,yolo26n_int8,true,14.06,21.79,0.01,2
../../val2017/000000511398.jpg,1789050465903,200,,211.62,yolo26m_fp16,true,13.97,77.26,0.01,1
../../val2017/000000521956.jpg,1789050465909,200,,91.43,yolo26n_int8,true,16.62,15.95,0.01,2
../../val2017/000000522751.jpg,1789050465922,200,,97.77,yolo26n_int8,true,14.18,17.36,0.01,4
../../val2017/000000512929.jpg,1789050465932,200,,219.08,yolo26m_fp16,true,16.06,78.50,0.01,7
../../val2017/000000523782.jpg,1789050465932,200,,94.00,yolo26n_int8,true,14.56,18.89,0.01,2
../../val2017/000000523811.jpg,1789050465938,200,,89.82,yolo26n_int8,true,10.18,14.32,0.01,1
../../val2017/000000526728.jpg,1789050465951,200,,85.34,yolo26n_int8,true,14.76,14.05,0.01,7
../../val2017/000000513580.jpg,1789050465960,200,,219.84,yolo26m_fp16,true,16.44,76.03,0.01,3
../../val2017/000000516601.jpg,1789050465977,200,,211.24,yolo26m_fp16,true,13.63,74.54,0.01,13
../../val2017/000000527215.jpg,1789050465977,200,,99.47,yolo26n_int8,true,19.07,11.82,0.01,7
../../val2017/000000530052.jpg,1789050465990,200,,100.62,yolo26n_int8,true,14.62,25.28,0.01,0
../../val2017/000000530099.jpg,1789050466002,200,,104.42,yolo26n_int8,true,18.15,34.70,0.01,2
../../val2017/000000518770.jpg,1789050466003,200,,209.53,yolo26m_fp16,true,15.75,70.17,0.01,19
../../val2017/000000530470.jpg,1789050466013,200,,104.50,yolo26n_int8,true,11.20,41.71,0.01,3
../../val2017/000000522713.jpg,1789050466028,200,,209.50,yolo26m_fp16,true,21.54,57.66,0.01,8
../../val2017/000000531134.jpg,1789050466032,200,,109.70,yolo26n_int8,true,15.61,23.32,0.01,8
../../val2017/000000531135.jpg,1789050466040,200,,108.38,yolo26n_int8,true,17.16,19.50,0.01,9
../../val2017/000000532761.jpg,1789050466051,200,,112.33,yolo26n_int8,true,13.57,18.91,0.01,7
../../val2017/000000525083.jpg,1789050466055,200,,205.55,yolo26m_fp16,true,16.11,59.95,0.01,11
../../val2017/000000533536.jpg,1789050466058,200,,105.81,yolo26n_int8,true,13.07,18.66,0.01,2
../../val2017/000000536073.jpg,1789050466080,200,,102.47,yolo26n_int8,true,17.65,9.59,0.01,4
../../val2017/000000526751.jpg,1789050466080,200,,204.93,yolo26m_fp16,true,14.01,68.35,0.01,7
../../val2017/000000537812.jpg,1789050466094,200,,103.98,yolo26n_int8,true,14.88,22.94,0.01,1
../../val2017/000000530466.jpg,1789050466099,200,,195.70,yolo26m_fp16,true,14.47,64.35,0.01,1
../../val2017/000000540466.jpg,1789050466105,200,,102.30,yolo26n_int8,true,15.84,20.59,0.01,1
../../val2017/000000540502.jpg,1789050466116,200,,102.75,yolo26n_int8,true,15.58,27.16,0.01,5
../../val2017/000000531495.jpg,1789050466128,200,,195.10,yolo26m_fp16,true,13.05,67.64,0.01,2
../../val2017/000000541055.jpg,1789050466131,200,,98.93,yolo26n_int8,true,12.81,24.27,0.01,6
../../val2017/000000541123.jpg,1789050466142,200,,100.99,yolo26n_int8,true,13.85,14.77,0.01,7
../../val2017/000000533816.jpg,1789050466151,200,,190.85,yolo26m_fp16,true,18.11,61.47,0.01,30
../../val2017/000000541634.jpg,1789050466152,200,,100.69,yolo26n_int8,true,16.97,13.23,0.01,5
../../val2017/000000544811.jpg,1789050466159,200,,101.45,yolo26n_int8,true,14.22,14.50,0.01,2
../../val2017/000000535306.jpg,1789050466175,200,,197.36,yolo26m_fp16,true,20.77,57.35,0.01,2
../../val2017/000000545594.jpg,1789050466182,200,,101.86,yolo26n_int8,true,18.77,11.28,0.01,4
../../val2017/000000546659.jpg,1789050466195,200,,100.43,yolo26n_int8,true,15.65,17.64,0.01,1
../../val2017/000000540280.jpg,1789050466205,200,,202.66,yolo26m_fp16,true,17.76,72.84,0.01,2
../../val2017/000000546826.jpg,1789050466205,200,,99.62,yolo26n_int8,true,15.77,21.14,0.01,0
../../val2017/000000547144.jpg,1789050466218,200,,101.39,yolo26n_int8,true,12.93,30.89,0.01,7
../../val2017/000000548246.jpg,1789050466231,200,,98.85,yolo26n_int8,true,13.36,21.03,0.01,3
../../val2017/000000546325.jpg,1789050466232,200,,151.20,yolo26m_fp16,true,14.26,22.14,0.01,4
../../val2017/000000548524.jpg,1789050466244,200,,92.57,yolo26n_int8,true,8.80,13.10,0.01,2
../../val2017/000000548339.jpg,1789050466257,200,,115.46,yolo26n_int8,true,14.86,22.60,0.01,2
../../val2017/000000544605.jpg,1789050466258,200,,202.61,yolo26m_fp16,true,17.19,74.50,0.01,1
../../val2017/000000549930.jpg,1789050466272,200,,112.22,yolo26n_int8,true,14.44,20.70,0.01,4
../../val2017/000000550797.jpg,1789050466281,200,,98.69,yolo26n_int8,true,18.35,16.65,0.01,1
../../val2017/000000540932.jpg,1789050466281,200,,252.80,yolo26m_fp16,true,15.91,116.70,0.01,7
../../val2017/000000551304.jpg,1789050466299,200,,103.34,yolo26n_int8,true,15.74,21.17,0.01,1
../../val2017/000000546717.jpg,1789050466304,200,,204.75,yolo26m_fp16,true,22.81,62.38,0.01,6
../../val2017/000000554328.jpg,1789050466308,200,,102.91,yolo26n_int8,true,10.51,21.61,0.01,4
../../val2017/000000554735.jpg,1789050466321,200,,102.36,yolo26n_int8,true,13.78,18.68,0.01,2
../../val2017/000000555412.jpg,1789050466331,200,,99.43,yolo26n_int8,true,11.97,20.94,0.01,1
../../val2017/000000547502.jpg,1789050466333,200,,204.44,yolo26m_fp16,true,16.83,58.97,0.01,5
../../val2017/000000557501.jpg,1789050466347,200,,102.96,yolo26n_int8,true,13.81,18.94,0.01,2
../../val2017/000000549738.jpg,1789050466357,200,,205.12,yolo26m_fp16,true,14.81,73.25,0.01,11
../../val2017/000000558114.jpg,1789050466358,200,,100.57,yolo26n_int8,true,8.94,22.15,0.01,5
../../val2017/000000560178.jpg,1789050466372,200,,100.42,yolo26n_int8,true,16.51,22.97,0.01,2
../../val2017/000000550471.jpg,1789050466382,200,,206.48,yolo26m_fp16,true,13.63,74.60,0.01,2
../../val2017/000000560880.jpg,1789050466387,200,,104.50,yolo26n_int8,true,14.05,22.82,0.01,2
../../val2017/000000561958.jpg,1789050466395,200,,94.61,yolo26n_int8,true,13.26,17.38,0.01,10
../../val2017/000000562443.jpg,1789050466407,200,,98.22,yolo26n_int8,true,13.81,17.10,0.01,1
../../val2017/000000554266.jpg,1789050466414,200,,208.87,yolo26m_fp16,true,16.35,79.11,0.01,6
../../val2017/000000562561.jpg,1789050466417,200,,95.65,yolo26n_int8,true,16.38,12.52,0.01,1
../../val2017/000000563267.jpg,1789050466428,200,,93.94,yolo26n_int8,true,15.29,11.23,0.01,8
../../val2017/000000555009.jpg,1789050466438,200,,207.15,yolo26m_fp16,true,15.22,77.75,0.01,8
../../val2017/000000563604.jpg,1789050466440,200,,92.16,yolo26n_int8,true,18.45,11.30,0.01,11
../../val2017/000000564091.jpg,1789050466451,200,,93.65,yolo26n_int8,true,14.23,15.05,0.01,3
../../val2017/000000559547.jpg,1789050466462,200,,203.66,yolo26m_fp16,true,16.29,73.53,0.01,5
../../val2017/000000564133.jpg,1789050466463,200,,90.19,yolo26n_int8,true,16.00,13.24,0.01,4
../../val2017/000000568584.jpg,1789050466471,200,,76.40,yolo26n_int8,true,8.62,7.95,0.01,3
../../val2017/000000568147.jpg,1789050466487,200,,100.09,yolo26n_int8,true,15.83,27.43,0.01,3
../../val2017/000000560474.jpg,1789050466495,200,,213.26,yolo26m_fp16,true,14.75,76.26,0.01,14
../../val2017/000000568690.jpg,1789050466497,200,,86.07,yolo26n_int8,true,18.38,9.97,0.01,2
../../val2017/000000569273.jpg,1789050466510,200,,93.17,yolo26n_int8,true,15.09,12.61,0.01,6
../../val2017/000000570664.jpg,1789050466520,200,,92.25,yolo26n_int8,true,16.16,20.98,0.01,5
../../val2017/000000564127.jpg,1789050466523,200,,164.13,yolo26m_fp16,true,16.76,25.77,0.01,1
../../val2017/000000575081.jpg,1789050466536,200,,85.11,yolo26n_int8,true,15.82,11.91,0.01,3
../../val2017/000000562843.jpg,1789050466543,200,,211.22,yolo26m_fp16,true,17.12,72.68,0.01,3
../../val2017/000000573391.jpg,1789050466548,200,,108.01,yolo26n_int8,true,11.44,24.34,0.01,1
../../val2017/000000575372.jpg,1789050466560,200,,97.35,yolo26n_int8,true,11.86,18.09,0.01,3
../../val2017/000000562243.jpg,1789050466568,200,,263.43,yolo26m_fp16,true,25.79,108.37,0.01,2
../../val2017/000000576566.jpg,1789050466571,200,,99.72,yolo26n_int8,true,15.25,19.86,0.01,1
../../val2017/000000577584.jpg,1789050466582,200,,94.70,yolo26n_int8,true,13.98,20.12,0.01,2
../../val2017/000000577862.jpg,1789050466593,200,,94.25,yolo26n_int8,true,14.18,12.73,0.01,2
../../val2017/000000571804.jpg,1789050466596,200,,157.61,yolo26m_fp16,true,13.04,25.56,0.01,9
../../val2017/000000577864.jpg,1789050466606,200,,94.87,yolo26n_int8,true,9.35,20.79,0.01,3
../../val2017/000000577932.jpg,1789050466620,200,,98.62,yolo26n_int8,true,14.75,11.34,0.01,15
../../val2017/000000575243.jpg,1789050466622,200,,159.38,yolo26m_fp16,true,12.83,24.45,0.01,6
../../val2017/000000578093.jpg,1789050466630,200,,93.17,yolo26n_int8,true,19.46,11.03,0.01,1
../../val2017/000000565012.jpg,1789050466645,200,,262.73,yolo26m_fp16,true,15.41,116.00,0.01,5
../../val2017/000000578500.jpg,1789050466646,200,,97.64,yolo26n_int8,true,14.09,26.39,0.01,4
../../val2017/000000578967.jpg,1789050466657,200,,88.11,yolo26n_int8,true,10.36,11.76,0.01,1
../../val2017/000000578922.jpg,1789050466673,200,,112.03,yolo26n_int8,true,18.78,30.20,0.01,4
../../val2017/000000569059.jpg,1789050466673,200,,258.37,yolo26m_fp16,true,15.38,120.79,0.01,6
../../val2017/000000579900.jpg,1789050466679,200,,96.09,yolo26n_int8,true,17.22,16.71,0.01,2
../../val2017/000000581062.jpg,1789050466690,200,,96.76,yolo26n_int8,true,15.97,16.97,0.01,1
../../val2017/000000577735.jpg,1789050466701,200,,205.50,yolo26m_fp16,true,16.91,64.04,0.01,2
../../val2017/000000581317.jpg,1789050466706,200,,99.91,yolo26n_int8,true,10.78,22.90,0.01,2
../../val2017/000000581482.jpg,1789050466717,200,,97.03,yolo26n_int8,true,13.30,18.06,0.01,1
../../val2017/000000001818.jpg,1789050466725,200,,95.02,yolo26n_int8,true,14.62,17.42,0.01,3
../../val2017/000000577976.jpg,1789050466726,200,,203.07,yolo26m_fp16,true,14.39,70.56,0.01,6
../../val2017/000000002299.jpg,1789050466739,200,,92.15,yolo26n_int8,true,15.71,22.36,0.01,9
../../val2017/000000002587.jpg,1789050466749,200,,92.21,yolo26n_int8,true,14.44,18.99,0.01,1
../../val2017/000000578489.jpg,1789050466754,200,,210.33,yolo26m_fp16,true,14.16,77.79,0.01,12
../../val2017/000000004795.jpg,1789050466760,200,,87.17,yolo26n_int8,true,11.05,13.84,0.01,2
../../val2017/000000005193.jpg,1789050466773,200,,94.10,yolo26n_int8,true,14.75,20.58,0.01,8
../../val2017/000000579070.jpg,1789050466779,200,,207.00,yolo26m_fp16,true,13.78,76.62,0.01,38
../../val2017/000000005477.jpg,1789050466784,200,,93.28,yolo26n_int8,true,15.32,14.29,0.01,1
../../val2017/000000006471.jpg,1789050466795,200,,89.46,yolo26n_int8,true,15.26,18.97,0.01,9
../../val2017/000000006771.jpg,1789050466805,200,,87.88,yolo26n_int8,true,10.98,20.69,0.01,7
../../val2017/000000581206.jpg,1789050466809,200,,211.74,yolo26m_fp16,true,18.79,71.96,0.01,4
../../val2017/000000008629.jpg,1789050466819,200,,91.87,yolo26n_int8,true,13.63,11.28,0.01,9
../../val2017/000000008690.jpg,1789050466831,200,,90.26,yolo26n_int8,true,14.02,13.55,0.01,4
../../val2017/000000581615.jpg,1789050466841,200,,219.46,yolo26m_fp16,true,17.66,77.49,0.01,1
../../val2017/000000008844.jpg,1789050466842,200,,92.50,yolo26n_int8,true,17.77,15.53,0.01,3
../../val2017/000000009914.jpg,1789050466855,200,,94.28,yolo26n_int8,true,14.13,18.18,0.02,3
../../val2017/000000002157.jpg,1789050466862,200,,216.45,yolo26m_fp16,true,13.72,80.82,0.01,19
../../val2017/000000010092.jpg,1789050466865,200,,92.32,yolo26n_int8,true,16.02,18.03,0.01,5
../../val2017/000000010764.jpg,1789050466879,200,,94.00,yolo26n_int8,true,14.80,15.73,0.01,2
../../val2017/000000003501.jpg,1789050466888,200,,213.77,yolo26m_fp16,true,21.00,72.44,0.01,4
../../val2017/000000010977.jpg,1789050466888,200,,92.53,yolo26n_int8,true,14.41,24.01,0.00,2
../../val2017/000000010995.jpg,1789050466900,200,,94.83,yolo26n_int8,true,14.40,20.29,0.01,1
../../val2017/000000011615.jpg,1789050466911,200,,92.14,yolo26n_int8,true,9.36,24.81,0.01,0
../../val2017/000000005992.jpg,1789050466918,200,,216.97,yolo26m_fp16,true,14.00,74.88,0.01,5
../../val2017/000000012280.jpg,1789050466923,200,,91.43,yolo26n_int8,true,15.18,11.84,0.01,2
../../val2017/000000013201.jpg,1789050466934,200,,92.44,yolo26n_int8,true,15.29,16.01,0.01,2
../../val2017/000000007991.jpg,1789050466941,200,,214.23,yolo26m_fp16,true,13.43,74.56,0.01,5
../../val2017/000000013546.jpg,1789050466946,200,,83.87,yolo26n_int8,true,14.65,15.53,0.01,4
../../val2017/000000013597.jpg,1789050466957,200,,90.84,yolo26n_int8,true,13.57,16.99,0.01,1
../../val2017/000000014226.jpg,1789050466968,200,,89.57,yolo26n_int8,true,10.66,20.87,0.01,3
../../val2017/000000009891.jpg,1789050466970,200,,216.69,yolo26m_fp16,true,15.49,76.14,0.02,13
../../val2017/000000014888.jpg,1789050466981,200,,92.82,yolo26n_int8,true,14.07,13.42,0.01,0
../../val2017/000000015597.jpg,1789050466993,200,,92.75,yolo26n_int8,true,16.03,13.76,0.01,2
../../val2017/000000013004.jpg,1789050466994,200,,152.47,yolo26m_fp16,true,14.30,25.58,0.01,1
../../val2017/000000015746.jpg,1789050467006,200,,94.32,yolo26n_int8,true,15.94,14.28,0.01,1
../../val2017/000000016958.jpg,1789050467015,200,,91.85,yolo26n_int8,true,12.63,16.69,0.01,5
../../val2017/000000011511.jpg,1789050467023,200,,213.62,yolo26m_fp16,true,15.01,72.82,0.01,10
../../val2017/000000017182.jpg,1789050467025,200,,90.60,yolo26n_int8,true,13.19,20.76,0.01,2
../../val2017/000000017905.jpg,1789050467041,200,,95.39,yolo26n_int8,true,15.46,13.17,0.01,2
../../val2017/000000010583.jpg,1789050467046,200,,266.37,yolo26m_fp16,true,15.39,125.19,0.01,4
../../val2017/000000017959.jpg,1789050467052,200,,95.48,yolo26n_int8,true,15.16,19.25,0.01,4
../../val2017/000000020059.jpg,1789050467064,200,,93.13,yolo26n_int8,true,16.25,12.76,0.01,3
../../val2017/000000020333.jpg,1789050467074,200,,93.43,yolo26n_int8,true,14.59,21.18,0.01,2
../../val2017/000000013291.jpg,1789050467076,200,,219.59,yolo26m_fp16,true,14.59,76.85,0.01,8
../../val2017/000000020571.jpg,1789050467085,200,,91.11,yolo26n_int8,true,10.99,15.40,0.01,4
../../val2017/000000015079.jpg,1789050467100,200,,211.56,yolo26m_fp16,true,14.21,79.89,0.01,3
../../val2017/000000022705.jpg,1789050467101,200,,94.81,yolo26n_int8,true,16.29,17.26,0.01,5
../../val2017/000000025096.jpg,1789050467119,200,,93.11,yolo26n_int8,true,14.13,16.27,0.01,2
../../val2017/000000015956.jpg,1789050467126,200,,206.93,yolo26m_fp16,true,16.70,67.95,0.01,3
../../val2017/000000023230.jpg,1789050467129,200,,114.05,yolo26n_int8,true,14.51,20.18,0.01,2
../../val2017/000000025139.jpg,1789050467139,200,,97.65,yolo26n_int8,true,13.50,29.41,0.01,1
../../val2017/000000025593.jpg,1789050467153,200,,99.02,yolo26n_int8,true,15.31,12.00,0.01,1
../../val2017/000000017714.jpg,1789050467156,200,,214.92,yolo26m_fp16,true,14.86,76.42,0.01,8
../../val2017/000000027696.jpg,1789050467164,200,,99.33,yolo26n_int8,true,12.64,19.75,0.01,4
../../val2017/000000027982.jpg,1789050467178,200,,103.06,yolo26n_int8,true,13.33,23.35,0.01,2
../../val2017/000000019432.jpg,1789050467182,200,,213.36,yolo26m_fp16,true,17.00,66.80,0.01,17
../../val2017/000000030828.jpg,1789050467189,200,,103.79,yolo26n_int8,true,9.75,23.76,0.01,4
../../val2017/000000031322.jpg,1789050467202,200,,101.05,yolo26n_int8,true,14.21,13.00,0.01,7
../../val2017/000000022192.jpg,1789050467203,200,,209.24,yolo26m_fp16,true,13.43,74.63,0.01,2
../../val2017/000000031620.jpg,1789050467212,200,,93.54,yolo26n_int8,true,15.03,19.77,0.01,4
../../val2017/000000032081.jpg,1789050467223,200,,93.96,yolo26n_int8,true,13.71,16.72,0.01,2
../../val2017/000000032285.jpg,1789050467232,200,,92.28,yolo26n_int8,true,9.84,25.22,0.01,1
../../val2017/000000023781.jpg,1789050467235,200,,211.39,yolo26m_fp16,true,15.21,70.47,0.01,8
../../val2017/000000032817.jpg,1789050467244,200,,87.43,yolo26n_int8,true,13.48,12.41,0.01,6
../../val2017/000000025181.jpg,1789050467257,200,,211.02,yolo26m_fp16,true,16.49,71.89,0.01,4
../../val2017/000000032861.jpg,1789050467265,200,,101.22,yolo26n_int8,true,17.09,14.39,0.01,2
../../val2017/000000033005.jpg,1789050467274,200,,95.97,yolo26n_int8,true,15.44,19.07,0.01,2
../../val2017/000000029640.jpg,1789050467279,200,,203.35,yolo26m_fp16,true,14.47,65.68,0.01,31
../../val2017/000000033854.jpg,1789050467284,200,,94.39,yolo26n_int8,true,16.94,16.34,0.01,14
../../val2017/000000035279.jpg,1789050467297,200,,93.75,yolo26n_int8,true,9.49,25.05,0.01,5
../../val2017/000000035682.jpg,1789050467308,200,,95.04,yolo26n_int8,true,15.99,11.29,0.01,9
../../val2017/000000031050.jpg,1789050467307,200,,207.19,yolo26m_fp16,true,13.05,73.19,0.01,4
../../val2017/000000035770.jpg,1789050467321,200,,97.21,yolo26n_int8,true,15.00,17.57,0.01,0
../../val2017/000000037740.jpg,1789050467333,200,,100.38,yolo26n_int8,true,15.10,20.03,0.01,7
../../val2017/000000031817.jpg,1789050467338,200,,212.39,yolo26m_fp16,true,15.86,71.29,0.01,7
../../val2017/000000039477.jpg,1789050467344,200,,100.21,yolo26n_int8,true,8.92,18.55,0.01,6
../../val2017/000000041888.jpg,1789050467358,200,,92.37,yolo26n_int8,true,15.42,12.81,0.01,3
../../val2017/000000032811.jpg,1789050467363,200,,209.48,yolo26m_fp16,true,15.60,77.16,0.01,1
../../val2017/000000042296.jpg,1789050467366,200,,92.35,yolo26n_int8,true,15.19,14.46,0.01,5
../../val2017/000000044652.jpg,1789050467380,200,,82.38,yolo26n_int8,true,8.88,20.00,0.01,1
../../val2017/000000033104.jpg,1789050467387,200,,201.38,yolo26m_fp16,true,15.32,75.97,0.01,5
../../val2017/000000042888.jpg,1789050467395,200,,110.24,yolo26n_int8,true,14.48,29.74,0.01,0
../../val2017/000000045070.jpg,1789050467406,200,,97.50,yolo26n_int8,true,15.68,13.04,0.01,1
../../val2017/000000034071.jpg,1789050467412,200,,209.34,yolo26m_fp16,true,13.75,77.78,0.01,3
../../val2017/000000046497.jpg,1789050467421,200,,99.67,yolo26n_int8,true,16.86,27.95,0.01,3
../../val2017/000000047585.jpg,1789050467431,200,,97.96,yolo26n_int8,true,9.85,27.26,0.01,7
../../val2017/000000038678.jpg,1789050467434,200,,198.69,yolo26m_fp16,true,13.06,66.69,0.01,9
../../val2017/000000050638.jpg,1789050467443,200,,98.65,yolo26n_int8,true,13.78,19.57,0.01,1
../../val2017/000000050828.jpg,1789050467456,200,,98.51,yolo26n_int8,true,14.45,21.52,0.01,3
../../val2017/000000039551.jpg,1789050467462,200,,205.07,yolo26m_fp16,true,15.72,68.77,0.12,3
../../val2017/000000051961.jpg,1789050467468,200,,100.86,yolo26n_int8,true,14.12,16.43,0.01,1
../../val2017/000000052462.jpg,1789050467479,200,,98.81,yolo26n_int8,true,14.94,16.26,0.01,2
../../val2017/000000042563.jpg,1789050467489,200,,209.40,yolo26m_fp16,true,14.46,67.34,0.01,1
../../val2017/000000054605.jpg,1789050467489,200,,94.32,yolo26n_int8,true,8.92,21.74,0.01,9
../../val2017/000000054967.jpg,1789050467503,200,,96.93,yolo26n_int8,true,13.74,19.99,0.01,12
../../val2017/000000045472.jpg,1789050467515,200,,206.02,yolo26m_fp16,true,16.65,66.61,0.01,15
../../val2017/000000057150.jpg,1789050467515,200,,93.92,yolo26n_int8,true,15.23,23.45,0.01,10
../../val2017/000000057760.jpg,1789050467523,200,,89.45,yolo26n_int8,true,18.23,15.51,0.01,11
../../val2017/000000057672.jpg,1789050467534,200,,102.66,yolo26n_int8,true,9.51,21.85,0.01,9
../../val2017/000000058655.jpg,1789050467548,200,,91.14,yolo26n_int8,true,14.69,7.75,0.01,1
../../val2017/000000049269.jpg,1789050467548,200,,209.25,yolo26m_fp16,true,15.45,82.07,0.01,2
../../val2017/000000050844.jpg,1789050467567,200,,203.88,yolo26m_fp16,true,14.73,72.52,0.01,3
../../val2017/000000060835.jpg,1789050467568,200,,100.02,yolo26n_int8,true,17.47,11.28,0.01,1
../../val2017/000000061108.jpg,1789050467575,200,,95.55,yolo26n_int8,true,18.82,15.24,0.01,2
../../val2017/000000061747.jpg,1789050467588,200,,83.75,yolo26n_int8,true,10.68,12.75,0.01,2
../../val2017/000000053909.jpg,1789050467591,200,,203.85,yolo26m_fp16,true,15.44,70.92,0.01,3
../../val2017/000000061418.jpg,1789050467600,200,,110.16,yolo26n_int8,true,14.65,39.18,0.01,9
../../val2017/000000063047.jpg,1789050467612,200,,96.90,yolo26n_int8,true,14.42,14.44,0.01,4
../../val2017/000000055950.jpg,1789050467617,200,,204.50,yolo26m_fp16,true,13.49,72.63,0.01,3
../../val2017/000000063552.jpg,1789050467624,200,,100.45,yolo26n_int8,true,18.25,15.52,0.01,1
../../val2017/000000064462.jpg,1789050467637,200,,102.96,yolo26n_int8,true,17.34,19.20,0.01,2
../../val2017/000000058384.jpg,1789050467646,200,,200.60,yolo26m_fp16,true,16.30,65.53,0.01,3
../../val2017/000000064499.jpg,1789050467647,200,,99.17,yolo26n_int8,true,14.15,14.25,0.01,1
../../val2017/000000065350.jpg,1789050467658,200,,89.21,yolo26n_int8,true,9.34,22.39,0.01,6
../../val2017/000000062025.jpg,1789050467666,200,,151.43,yolo26m_fp16,true,12.92,24.26,0.01,4
../../val2017/000000065455.jpg,1789050467674,200,,98.86,yolo26n_int8,true,15.71,20.84,0.01,7
../../val2017/000000061333.jpg,1789050467692,200,,202.66,yolo26m_fp16,true,17.76,68.58,0.01,3
../../val2017/000000066038.jpg,1789050467692,200,,104.41,yolo26n_int8,true,22.24,10.37,0.01,12
../../val2017/000000066841.jpg,1789050467705,200,,92.21,yolo26n_int8,true,18.00,18.07,0.01,0
../../val2017/000000066706.jpg,1789050467717,200,,117.22,yolo26n_int8,true,22.62,28.54,0.01,3
../../val2017/000000060823.jpg,1789050467720,200,,257.20,yolo26m_fp16,true,17.58,115.27,0.01,29
../../val2017/000000067616.jpg,1789050467724,200,,99.37,yolo26n_int8,true,14.16,12.37,0.01,9
../../val2017/000000068093.jpg,1789050467734,200,,95.84,yolo26n_int8,true,8.66,15.14,0.01,4
../../val2017/000000066523.jpg,1789050467741,200,,148.92,yolo26m_fp16,true,13.53,21.90,0.01,1
../../val2017/000000068833.jpg,1789050467748,200,,100.43,yolo26n_int8,true,16.14,9.12,0.01,6
../../val2017/000000069138.jpg,1789050467763,200,,105.48,yolo26n_int8,true,19.29,13.11,0.01,2
../../val2017/000000064718.jpg,1789050467766,200,,198.16,yolo26m_fp16,true,15.85,63.22,0.01,3
../../val2017/000000070774.jpg,1789050467775,200,,99.77,yolo26n_int8,true,15.75,17.06,0.01,1
../../val2017/000000071451.jpg,1789050467785,200,,92.67,yolo26n_int8,true,11.88,26.93,0.01,1
../../val2017/000000064523.jpg,1789050467792,200,,244.14,yolo26m_fp16,true,25.21,104.91,0.01,20
../../val2017/000000074646.jpg,1789050467794,200,,89.06,yolo26n_int8,true,15.20,16.42,0.01,6
../../val2017/000000076416.jpg,1789050467814,200,,96.14,yolo26n_int8,true,18.93,10.91,0.01,2
../../val2017/000000067310.jpg,1789050467816,200,,196.76,yolo26m_fp16,true,18.46,60.99,0.01,5
../../val2017/000000076547.jpg,1789050467824,200,,103.64,yolo26n_int8,true,16.71,14.52,0.01,5
../../val2017/000000076731.jpg,1789050467836,200,,101.76,yolo26n_int8,true,14.57,23.88,0.01,0
../../val2017/000000068286.jpg,1789050467843,200,,196.56,yolo26m_fp16,true,16.30,65.22,0.01,1
../../val2017/000000078420.jpg,1789050467847,200,,98.31,yolo26n_int8,true,8.30,30.44,0.01,3
../../val2017/000000078426.jpg,1789050467860,200,,96.42,yolo26n_int8,true,14.31,12.65,0.01,1
../../val2017/000000070048.jpg,1789050467867,200,,200.92,yolo26m_fp16,true,13.79,70.60,0.01,5
../../val2017/000000078823.jpg,1789050467871,200,,104.84,yolo26n_int8,true,19.99,20.62,0.01,4
../../val2017/000000079031.jpg,1789050467888,200,,102.25,yolo26n_int8,true,14.30,15.49,0.01,2
../../val2017/000000079588.jpg,1789050467894,200,,99.84,yolo26n_int8,true,16.03,14.18,0.01,5
../../val2017/000000073153.jpg,1789050467898,200,,205.76,yolo26m_fp16,true,13.74,70.91,0.01,1
../../val2017/000000080274.jpg,1789050467903,200,,85.46,yolo26n_int8,true,8.50,14.72,0.01,2
../../val2017/000000080932.jpg,1789050467919,200,,94.31,yolo26n_int8,true,17.07,12.26,0.01,7
../../val2017/000000076625.jpg,1789050467926,200,,201.59,yolo26m_fp16,true,15.29,72.91,0.01,12
../../val2017/000000080949.jpg,1789050467927,200,,90.41,yolo26n_int8,true,17.31,11.73,0.01,2
../../val2017/000000082807.jpg,1789050467941,200,,93.93,yolo26n_int8,true,17.85,14.19,0.01,2
../../val2017/000000077460.jpg,1789050467945,200,,204.65,yolo26m_fp16,true,16.36,74.46,0.01,25
../../val2017/000000082812.jpg,1789050467952,200,,91.36,yolo26n_int8,true,15.27,20.79,0.01,10
../../val2017/000000084664.jpg,1789050467965,200,,94.05,yolo26n_int8,true,12.03,16.54,0.01,4
../../val2017/000000085089.jpg,1789050467978,200,,89.51,yolo26n_int8,true,14.20,19.30,0.01,4
../../val2017/000000078959.jpg,1789050467978,200,,203.05,yolo26m_fp16,true,19.32,72.05,0.01,1
../../val2017/000000087244.jpg,1789050467988,200,,85.31,yolo26n_int8,true,13.66,12.64,0.01,2
../../val2017/000000079565.jpg,1789050468002,200,,208.85,yolo26m_fp16,true,16.02,74.65,0.01,2
../../val2017/000000085329.jpg,1789050468003,200,,108.25,yolo26n_int8,true,12.89,33.09,0.01,2
../../val2017/000000087476.jpg,1789050468014,200,,95.25,yolo26n_int8,true,10.56,28.72,0.01,11
../../val2017/000000087875.jpg,1789050468028,200,,100.81,yolo26n_int8,true,17.89,14.92,0.01,1
../../val2017/000000079837.jpg,1789050468031,200,,216.32,yolo26m_fp16,true,16.88,73.37,0.01,8
../../val2017/000000088250.jpg,1789050468039,200,,97.09,yolo26n_int8,true,13.11,24.41,0.01,2
../../val2017/000000088432.jpg,1789050468054,200,,102.48,yolo26n_int8,true,16.39,12.49,0.01,3
../../val2017/000000081738.jpg,1789050468055,200,,211.52,yolo26m_fp16,true,17.39,75.44,0.01,5
../../val2017/000000089045.jpg,1789050468063,200,,97.09,yolo26n_int8,true,14.22,20.67,0.01,2
../../val2017/000000090155.jpg,1789050468073,200,,94.89,yolo26n_int8,true,8.55,20.29,0.01,1
../../val2017/000000083540.jpg,1789050468079,200,,211.42,yolo26m_fp16,true,13.28,75.24,0.01,2
../../val2017/000000090631.jpg,1789050468085,200,,96.29,yolo26n_int8,true,13.05,22.00,0.01,1
../../val2017/000000090956.jpg,1789050468096,200,,94.54,yolo26n_int8,true,14.20,16.71,0.01,1
../../val2017/000000085823.jpg,1789050468105,200,,206.36,yolo26m_fp16,true,12.80,71.24,0.01,3
../../val2017/000000092177.jpg,1789050468111,200,,96.34,yolo26n_int8,true,14.74,20.35,0.01,1
../../val2017/000000092660.jpg,1789050468122,200,,94.18,yolo26n_int8,true,17.06,12.09,0.01,1
../../val2017/000000087742.jpg,1789050468133,200,,206.45,yolo26m_fp16,true,15.07,73.88,0.01,3
../../val2017/000000094185.jpg,1789050468133,200,,94.23,yolo26n_int8,true,14.13,13.89,0.01,3
../../val2017/000000094336.jpg,1789050468144,200,,89.60,yolo26n_int8,true,19.84,16.71,0.01,3
../../val2017/000000088265.jpg,1789050468154,200,,208.10,yolo26m_fp16,true,15.45,58.54,0.01,1
../../val2017/000000094852.jpg,1789050468165,200,,100.22,yolo26n_int8,true,17.30,8.96,0.01,1
../../val2017/000000095899.jpg,1789050468173,200,,99.13,yolo26n_int8,true,16.69,17.13,0.01,1
../../val2017/000000089880.jpg,1789050468185,200,,206.85,yolo26m_fp16,true,15.26,75.81,0.01,2
../../val2017/000000096549.jpg,1789050468185,200,,99.57,yolo26n_int8,true,15.70,24.73,0.01,1
../../val2017/000000096825.jpg,1789050468199,200,,101.91,yolo26n_int8,true,13.12,22.49,0.01,1
../../val2017/000000091495.jpg,1789050468209,200,,206.31,yolo26m_fp16,true,12.47,74.32,0.01,4
../../val2017/000000097278.jpg,1789050468210,200,,99.08,yolo26n_int8,true,15.02,17.25,0.01,1
../../val2017/000000097585.jpg,1789050468218,200,,94.86,yolo26n_int8,true,13.66,9.10,0.01,3
../../val2017/000000098287.jpg,1789050468231,200,,97.47,yolo26n_int8,true,13.16,15.45,0.01,8
../../val2017/000000093261.jpg,1789050468238,200,,207.01,yolo26m_fp16,true,15.04,79.00,0.01,4
../../val2017/000000098497.jpg,1789050468239,200,,92.77,yolo26n_int8,true,16.72,10.57,0.01,1
../../val2017/000000099182.jpg,1789050468250,200,,85.40,yolo26n_int8,true,15.28,12.53,0.01,2
../../val2017/000000094614.jpg,1789050468266,200,,211.23,yolo26m_fp16,true,15.23,83.64,0.01,2
../../val2017/000000099428.jpg,1789050468267,200,,93.90,yolo26n_int8,true,18.02,13.51,0.01,1
../../val2017/000000101068.jpg,1789050468285,200,,100.01,yolo26n_int8,true,16.27,13.43,0.01,2
../../val2017/000000102331.jpg,1789050468290,200,,91.19,yolo26n_int8,true,19.28,20.31,0.01,2
../../val2017/000000096001.jpg,1789050468294,200,,214.33,yolo26m_fp16,true,16.46,76.18,0.01,6
../../val2017/000000104424.jpg,1789050468299,200,,88.78,yolo26n_int8,true,18.15,12.82,0.02,2
../../val2017/000000105455.jpg,1789050468316,200,,97.84,yolo26n_int8,true,20.20,11.79,0.01,3
../../val2017/000000097230.jpg,1789050468324,200,,218.90,yolo26m_fp16,true,17.89,75.46,0.01,2
../../val2017/000000108253.jpg,1789050468343,200,,112.05,yolo26n_int8,true,17.09,13.47,0.01,6
../../val2017/000000100510.jpg,1789050468355,200,,170.22,yolo26m_fp16,true,15.78,29.21,0.01,4
../../val2017/000000109798.jpg,1789050468355,200,,104.62,yolo26n_int8,true,26.08,12.32,0.01,3
../../val2017/000000108864.jpg,1789050468366,200,,126.25,yolo26n_int8,true,22.32,29.15,0.01,2
../../val2017/000000109916.jpg,1789050468379,200,,112.37,yolo26n_int8,true,16.41,27.78,0.01,3
../../val2017/000000098520.jpg,1789050468384,200,,229.63,yolo26m_fp16,true,28.09,74.63,0.01,3
../../val2017/000000110784.jpg,1789050468389,200,,102.27,yolo26n_int8,true,14.81,12.21,0.01,3
../../val2017/000000111951.jpg,1789050468402,200,,112.01,yolo26n_int8,true,17.51,12.19,0.01,3
../../val2017/000000097994.jpg,1789050468413,200,,279.69,yolo26m_fp16,true,13.27,140.22,0.01,10
../../val2017/000000113235.jpg,1789050468413,200,,113.38,yolo26n_int8,true,14.16,12.59,0.01,4
../../val2017/000000113589.jpg,1789050468425,200,,108.83,yolo26n_int8,true,13.06,20.54,0.01,7
../../val2017/000000103585.jpg,1789050468435,200,,224.75,yolo26m_fp16,true,15.95,78.81,0.01,5
../../val2017/000000114770.jpg,1789050468438,200,,94.27,yolo26n_int8,true,13.89,22.04,0.01,1
../../val2017/000000117914.jpg,1789050468450,200,,93.92,yolo26n_int8,true,16.66,20.27,0.01,1
../../val2017/000000108440.jpg,1789050468463,200,,225.20,yolo26m_fp16,true,14.76,76.41,0.01,1
../../val2017/000000118209.jpg,1789050468464,200,,98.08,yolo26n_int8,true,17.60,12.31,0.01,2
../../val2017/000000118405.jpg,1789050468472,200,,92.49,yolo26n_int8,true,12.82,13.74,0.01,0
../../val2017/000000119233.jpg,1789050468482,200,,92.28,yolo26n_int8,true,10.45,19.26,0.01,3
../../val2017/000000110211.jpg,1789050468487,200,,220.38,yolo26m_fp16,true,16.97,70.30,0.01,6
../../val2017/000000119516.jpg,1789050468491,200,,88.67,yolo26n_int8,true,15.90,12.19,0.01,3
../../val2017/000000119677.jpg,1789050468505,200,,91.78,yolo26n_int8,true,15.51,11.05,0.01,3
../../val2017/000000119911.jpg,1789050468517,200,,91.59,yolo26n_int8,true,14.11,14.56,0.01,6
../../val2017/000000112997.jpg,1789050468519,200,,222.26,yolo26m_fp16,true,14.89,76.62,0.01,2
../../val2017/000000123213.jpg,1789050468526,200,,84.64,yolo26n_int8,true,14.97,13.16,0.01,9
../../val2017/000000123480.jpg,1789050468537,200,,86.99,yolo26n_int8,true,8.85,24.30,0.01,1
../../val2017/000000113867.jpg,1789050468547,200,,222.19,yolo26m_fp16,true,19.44,65.92,0.01,1
../../val2017/000000123585.jpg,1789050468550,200,,86.78,yolo26n_int8,true,16.66,5.91,0.01,4
../../val2017/000000124798.jpg,1789050468558,200,,85.86,yolo26n_int8,true,14.13,10.31,0.01,10
../../val2017/000000125062.jpg,1789050468570,200,,88.67,yolo26n_int8,true,14.26,13.69,0.01,7
../../val2017/000000116206.jpg,1789050468580,200,,224.53,yolo26m_fp16,true,16.34,77.42,0.01,2
../../val2017/000000125936.jpg,1789050468581,200,,89.52,yolo26n_int8,true,17.36,12.20,0.01,9
../../val2017/000000126107.jpg,1789050468592,200,,86.34,yolo26n_int8,true,10.05,19.81,0.01,5
../../val2017/000000127135.jpg,1789050468605,200,,87.85,yolo26n_int8,true,15.20,10.64,0.01,1
../../val2017/000000118594.jpg,1789050468606,200,,221.66,yolo26m_fp16,true,15.83,81.09,0.01,4
../../val2017/000000128699.jpg,1789050468615,200,,87.96,yolo26n_int8,true,17.44,14.59,0.01,5
../../val2017/000000129135.jpg,1789050468631,200,,93.42,yolo26n_int8,true,16.37,14.60,0.01,2
../../val2017/000000119641.jpg,1789050468635,200,,219.75,yolo26m_fp16,true,14.85,84.87,0.01,20
../../val2017/000000130579.jpg,1789050468639,200,,88.11,yolo26n_int8,true,14.40,19.38,0.01,2
../../val2017/000000130826.jpg,1789050468650,200,,91.93,yolo26n_int8,true,11.57,17.98,0.01,6
../../val2017/000000120584.jpg,1789050468665,200,,230.53,yolo26m_fp16,true,13.87,87.93,0.00,1
../../val2017/000000131379.jpg,1789050468667,200,,96.22,yolo26n_int8,true,16.33,10.74,0.01,1
../../val2017/000000132622.jpg,1789050468673,200,,91.97,yolo26n_int8,true,14.58,10.42,0.01,1
../../val2017/000000132931.jpg,1789050468688,200,,95.66,yolo26n_int8,true,14.17,15.76,0.01,3
../../val2017/000000124636.jpg,1789050468691,200,,226.25,yolo26m_fp16,true,19.73,74.01,0.01,2
../../val2017/000000133000.jpg,1789050468697,200,,91.02,yolo26n_int8,true,14.13,14.66,0.01,2
../../val2017/000000133343.jpg,1789050468708,200,,92.73,yolo26n_int8,true,17.97,18.00,0.01,2
../../val2017/000000133645.jpg,1789050468718,200,,87.00,yolo26n_int8,true,9.95,18.94,0.01,2
../../val2017/000000130386.jpg,1789050468721,200,,173.37,yolo26m_fp16,true,16.15,29.73,0.04,12
../../val2017/000000134096.jpg,1789050468734,200,,95.49,yolo26n_int8,true,14.47,16.00,0.01,1
../../val2017/000000128051.jpg,1789050468740,200,,220.73,yolo26m_fp16,true,21.07,70.63,0.01,5
../../val2017/000000134886.jpg,1789050468747,200,,79.31,yolo26n_int8,true,13.05,11.11,0.01,4
../../val2017/000000134112.jpg,1789050468760,200,,109.38,yolo26n_int8,true,18.74,34.74,0.01,2
../../val2017/000000125257.jpg,1789050468766,200,,278.02,yolo26m_fp16,true,16.71,120.29,0.01,2
../../val2017/000000135561.jpg,1789050468771,200,,96.34,yolo26n_int8,true,15.83,22.48,0.01,2
../../val2017/000000137106.jpg,1789050468783,200,,94.77,yolo26n_int8,true,14.23,23.23,0.01,1
../../val2017/000000138492.jpg,1789050468793,200,,95.90,yolo26n_int8,true,10.00,18.87,0.01,2
../../val2017/000000131938.jpg,1789050468797,200,,216.37,yolo26m_fp16,true,15.12,66.37,0.01,1
../../val2017/000000138856.jpg,1789050468809,200,,101.24,yolo26n_int8,true,16.69,12.54,0.01,2
../../val2017/000000133233.jpg,1789050468815,200,,208.78,yolo26m_fp16,true,14.24,66.29,0.01,3
../../val2017/000000139077.jpg,1789050468820,200,,102.09,yolo26n_int8,true,19.54,17.47,0.04,2
../../val2017/000000140203.jpg,1789050468831,200,,96.55,yolo26n_int8,true,15.67,19.67,0.01,3
../../val2017/000000140556.jpg,1789050468845,200,,97.68,yolo26n_int8,true,16.50,15.36,0.01,4
../../val2017/000000133969.jpg,1789050468846,200,,210.43,yolo26m_fp16,true,13.52,75.52,0.03,19
../../val2017/000000140840.jpg,1789050468851,200,,90.57,yolo26n_int8,true,13.59,15.68,0.01,9
../../val2017/000000142092.jpg,1789050468866,200,,94.45,yolo26n_int8,true,9.59,14.46,0.01,1
../../val2017/000000134856.jpg,1789050468873,200,,206.87,yolo26m_fp16,true,13.47,81.97,0.01,6
../../val2017/000000143068.jpg,1789050468873,200,,90.18,yolo26n_int8,true,13.61,18.65,0.01,5
../../val2017/000000144003.jpg,1789050468890,200,,92.25,yolo26n_int8,true,15.20,18.25,0.02,7
../../val2017/000000144784.jpg,1789050468902,200,,92.27,yolo26n_int8,true,17.38,21.36,0.01,1
../../val2017/000000137294.jpg,1789050468906,200,,214.84,yolo26m_fp16,true,15.89,75.12,0.01,2
../../val2017/000000145620.jpg,1789050468911,200,,90.10,yolo26n_int8,true,13.28,18.17,0.01,4
../../val2017/000000146358.jpg,1789050468922,200,,90.05,yolo26n_int8,true,10.73,22.89,0.01,4
../../val2017/000000141328.jpg,1789050468932,200,,166.23,yolo26m_fp16,true,13.66,27.77,0.01,13
../../val2017/000000146489.jpg,1789050468935,200,,89.09,yolo26n_int8,true,14.48,13.98,0.01,4
../../val2017/000000146498.jpg,1789050468947,200,,95.35,yolo26n_int8,true,15.48,10.89,0.01,0
../../val2017/000000146667.jpg,1789050468959,200,,92.81,yolo26n_int8,true,14.10,14.90,0.01,12
../../val2017/000000140270.jpg,1789050468959,200,,219.36,yolo26m_fp16,true,14.58,85.80,0.01,2
../../val2017/000000147498.jpg,1789050468968,200,,94.96,yolo26n_int8,true,13.37,18.63,0.01,0
../../val2017/000000148730.jpg,1789050468980,200,,90.02,yolo26n_int8,true,9.17,21.21,0.01,0
../../val2017/000000140076.jpg,1789050468985,200,,264.02,yolo26m_fp16,true,15.02,139.60,0.01,17
../../val2017/000000150224.jpg,1789050468992,200,,90.14,yolo26n_int8,true,15.74,21.60,0.01,8
../../val2017/000000151051.jpg,1789050469004,200,,92.97,yolo26n_int8,true,13.32,20.56,0.01,1
../../val2017/000000143961.jpg,1789050469012,200,,219.23,yolo26m_fp16,true,13.63,79.02,0.01,21
../../val2017/000000151480.jpg,1789050469016,200,,94.47,yolo26n_int8,true,15.78,14.80,0.01,7
../../val2017/000000151662.jpg,1789050469026,200,,89.95,yolo26n_int8,true,14.02,12.55,0.01,1
../../val2017/000000151820.jpg,1789050469037,200,,89.80,yolo26n_int8,true,9.41,20.15,0.01,15
../../val2017/000000147415.jpg,1789050469041,200,,168.64,yolo26m_fp16,true,15.25,27.76,0.01,5
../../val2017/000000152214.jpg,1789050469053,200,,93.72,yolo26n_int8,true,15.47,10.52,0.01,2
../../val2017/000000152465.jpg,1789050469070,200,,101.19,yolo26n_int8,true,13.60,17.65,0.01,1
../../val2017/000000146457.jpg,1789050469071,200,,225.81,yolo26m_fp16,true,14.75,78.52,0.01,12
../../val2017/000000152740.jpg,1789050469074,200,,93.77,yolo26n_int8,true,15.41,13.31,0.01,14
../../val2017/000000153299.jpg,1789050469087,200,,94.31,yolo26n_int8,true,15.97,12.32,0.01,3
../../val2017/000000144798.jpg,1789050469099,200,,283.06,yolo26m_fp16,true,15.79,133.17,0.01,4
../../val2017/000000153632.jpg,1789050469098,200,,93.96,yolo26n_int8,true,14.11,17.87,0.01,3
../../val2017/000000154358.jpg,1789050469106,200,,89.29,yolo26n_int8,true,8.73,13.29,0.01,4
../../val2017/000000154705.jpg,1789050469116,200,,89.54,yolo26n_int8,true,14.23,15.88,0.01,5
../../val2017/000000150417.jpg,1789050469127,200,,220.43,yolo26m_fp16,true,14.79,82.96,0.01,10
../../val2017/000000155145.jpg,1789050469128,200,,89.99,yolo26n_int8,true,14.26,13.63,0.00,5
../../val2017/000000155443.jpg,1789050469141,200,,86.52,yolo26n_int8,true,14.64,10.59,0.01,2
../../val2017/000000156071.jpg,1789050469153,200,,82.52,yolo26n_int8,true,14.89,12.94,0.01,8
../../val2017/000000151657.jpg,1789050469156,200,,223.80,yolo26m_fp16,true,18.77,81.46,0.01,3
../../val2017/000000157365.jpg,1789050469163,200,,88.26,yolo26n_int8,true,17.50,16.05,0.01,5
../../val2017/000000157756.jpg,1789050469173,200,,85.65,yolo26n_int8,true,10.15,21.90,0.01,7
../../val2017/000000151962.jpg,1789050469190,200,,230.62,yolo26m_fp16,true,16.44,73.42,0.01,2
../../val2017/000000158548.jpg,1789050469191,200,,91.77,yolo26n_int8,true,16.35,10.61,0.01,3
../../val2017/000000159791.jpg,1789050469201,200,,95.11,yolo26n_int8,true,21.41,15.31,0.01,4
../../val2017/000000159977.jpg,1789050469215,200,,98.75,yolo26n_int8,true,17.11,14.98,0.01,2
../../val2017/000000152870.jpg,1789050469216,200,,230.81,yolo26m_fp16,true,20.77,70.39,0.01,2
../../val2017/000000161820.jpg,1789050469226,200,,97.79,yolo26n_int8,true,13.37,24.04,0.01,1
../../val2017/000000154087.jpg,1789050469230,200,,216.87,yolo26m_fp16,true,15.70,73.53,0.01,5
../../val2017/000000162366.jpg,1789050469238,200,,85.06,yolo26n_int8,true,9.16,12.50,0.01,0
../../val2017/000000162035.jpg,1789050469253,200,,111.52,yolo26n_int8,true,15.32,33.22,0.01,2
../../val2017/000000155154.jpg,1789050469257,200,,215.30,yolo26m_fp16,true,17.45,66.73,0.02,1
../../val2017/000000163562.jpg,1789050469262,200,,98.38,yolo26n_int8,true,17.63,20.96,0.01,2
../../val2017/000000163611.jpg,1789050469280,200,,107.03,yolo26n_int8,true,17.76,10.70,0.01,3
../../val2017/000000156292.jpg,1789050469282,200,,210.74,yolo26m_fp16,true,20.38,56.05,0.01,8
../../val2017/000000163682.jpg,1789050469290,200,,100.27,yolo26n_int8,true,16.52,15.79,0.01,3
../../val2017/000000165351.jpg,1789050469306,200,,104.15,yolo26n_int8,true,18.54,11.05,0.01,0
../../val2017/000000158744.jpg,1789050469307,200,,206.59,yolo26m_fp16,true,15.33,66.85,0.01,6
../../val2017/000000166426.jpg,1789050469314,200,,98.28,yolo26n_int8,true,14.91,22.60,0.01,9
../../val2017/000000166918.jpg,1789050469330,200,,103.99,yolo26n_int8,true,11.29,12.91,0.01,14
../../val2017/000000161799.jpg,1789050469333,200,,205.38,yolo26m_fp16,true,13.01,75.41,0.01,7
../../val2017/000000169996.jpg,1789050469339,200,,100.82,yolo26n_int8,true,21.64,13.99,0.01,11
../../val2017/000000170595.jpg,1789050469351,200,,93.36,yolo26n_int8,true,19.72,15.15,0.01,1
../../val2017/000000163290.jpg,1789050469356,200,,198.08,yolo26m_fp16,true,17.46,63.34,0.01,3
../../val2017/000000171740.jpg,1789050469362,200,,96.05,yolo26n_int8,true,19.44,11.67,0.01,3
../../val2017/000000172083.jpg,1789050469372,200,,91.04,yolo26n_int8,true,9.47,20.72,0.01,0
../../val2017/000000164115.jpg,1789050469385,200,,193.96,yolo26m_fp16,true,21.21,59.62,0.01,0
../../val2017/000000172935.jpg,1789050469386,200,,95.55,yolo26n_int8,true,12.81,26.69,0.01,1
../../val2017/000000173799.jpg,1789050469401,200,,94.26,yolo26n_int8,true,13.62,14.35,0.01,14
../../val2017/000000166563.jpg,1789050469409,200,,192.71,yolo26m_fp16,true,18.54,67.62,0.01,1
../../val2017/000000174482.jpg,1789050469413,200,,99.08,yolo26n_int8,true,17.72,17.99,0.01,7
../../val2017/000000175251.jpg,1789050469427,200,,96.16,yolo26n_int8,true,18.62,18.39,0.01,1
../../val2017/000000176037.jpg,1789050469436,200,,97.04,yolo26n_int8,true,9.58,22.24,0.01,3
../../val2017/000000169169.jpg,1789050469436,200,,206.40,yolo26m_fp16,true,14.35,70.08,0.01,15
../../val2017/000000176606.jpg,1789050469451,200,,99.54,yolo26n_int8,true,12.37,15.88,0.01,2
../../val2017/000000170099.jpg,1789050469461,200,,207.82,yolo26m_fp16,true,15.82,74.17,0.01,3
../../val2017/000000177015.jpg,1789050469461,200,,99.05,yolo26n_int8,true,16.24,15.25,0.01,4
../../val2017/000000177065.jpg,1789050469481,200,,108.74,yolo26n_int8,true,16.23,11.26,0.01,9
../../val2017/000000172877.jpg,1789050469485,200,,202.40,yolo26m_fp16,true,13.96,71.68,0.01,10
../../val2017/000000178469.jpg,1789050469489,200,,102.79,yolo26n_int8,true,16.16,15.55,0.01,2
../../val2017/000000179141.jpg,1789050469498,200,,94.08,yolo26n_int8,true,9.14,17.94,0.01,6
../../val2017/000000180560.jpg,1789050469510,200,,96.94,yolo26n_int8,true,13.59,18.45,0.01,3
../../val2017/000000173371.jpg,1789050469515,200,,208.26,yolo26m_fp16,true,19.96,64.62,0.01,11
../../val2017/000000180798.jpg,1789050469519,200,,91.53,yolo26n_int8,true,16.32,8.85,0.01,1
../../val2017/000000181859.jpg,1789050469530,200,,92.59,yolo26n_int8,true,14.11,15.23,0.01,2
../../val2017/000000177213.jpg,1789050469541,200,,156.07,yolo26m_fp16,true,17.06,27.48,0.01,7
../../val2017/000000182441.jpg,1789050469545,200,,94.03,yolo26n_int8,true,14.14,19.94,0.01,1
../../val2017/000000183127.jpg,1789050469558,200,,94.82,yolo26n_int8,true,8.65,21.61,0.01,2
../../val2017/000000176901.jpg,1789050469562,200,,204.70,yolo26m_fp16,true,13.33,75.65,0.01,5
../../val2017/000000184611.jpg,1789050469567,200,,85.82,yolo26n_int8,true,13.89,20.13,0.01,16
../../val2017/000000185473.jpg,1789050469579,200,,89.98,yolo26n_int8,true,15.26,21.39,0.01,7
../../val2017/000000186449.jpg,1789050469591,200,,91.94,yolo26n_int8,true,15.14,16.69,0.01,6
../../val2017/000000175535.jpg,1789050469591,200,,257.71,yolo26m_fp16,true,23.85,115.22,0.01,12
../../val2017/000000186873.jpg,1789050469596,200,,85.48,yolo26n_int8,true,10.66,13.00,0.01,8
../../val2017/000000190637.jpg,1789050469618,200,,98.72,yolo26n_int8,true,15.14,19.94,0.01,2
../../val2017/000000179214.jpg,1789050469620,200,,211.14,yolo26m_fp16,true,14.24,72.60,0.01,1
../../val2017/000000191614.jpg,1789050469629,200,,98.78,yolo26n_int8,true,16.45,10.57,0.01,3
../../val2017/000000191761.jpg,1789050469640,200,,94.80,yolo26n_int8,true,15.46,18.79,0.01,2
../../val2017/000000181796.jpg,1789050469647,200,,209.85,yolo26m_fp16,true,14.50,76.77,0.01,18
../../val2017/000000192191.jpg,1789050469651,200,,92.74,yolo26n_int8,true,14.78,23.42,0.01,4
../../val2017/000000192964.jpg,1789050469661,200,,93.06,yolo26n_int8,true,10.00,25.88,0.01,2
../../val2017/000000184400.jpg,1789050469673,200,,210.76,yolo26m_fp16,true,14.33,81.42,0.01,3
../../val2017/000000193181.jpg,1789050469678,200,,98.38,yolo26n_int8,true,15.62,15.32,0.01,4
../../val2017/000000194216.jpg,1789050469691,200,,99.93,yolo26n_int8,true,12.77,22.61,0.01,4
../../val2017/000000184762.jpg,1789050469696,200,,210.85,yolo26m_fp16,true,17.78,73.86,0.01,1
../../val2017/000000194506.jpg,1789050469703,200,,106.10,yolo26n_int8,true,14.01,17.08,0.01,2
../../val2017/000000194940.jpg,1789050469716,200,,98.21,yolo26n_int8,true,16.51,25.53,0.01,7
../../val2017/000000196442.jpg,1789050469722,200,,92.97,yolo26n_int8,true,10.47,24.99,0.01,6
../../val2017/000000187243.jpg,1789050469726,200,,210.88,yolo26m_fp16,true,12.90,78.80,0.01,5
../../val2017/000000196843.jpg,1789050469736,200,,94.07,yolo26n_int8,true,14.02,11.11,0.01,4
../../val2017/000000197528.jpg,1789050469749,200,,97.14,yolo26n_int8,true,13.58,15.62,0.01,1
../../val2017/000000194471.jpg,1789050469754,200,,162.65,yolo26m_fp16,true,16.44,27.17,0.01,2
../../val2017/000000198805.jpg,1789050469754,200,,92.89,yolo26n_int8,true,13.34,8.72,0.01,3
../../val2017/000000199442.jpg,1789050469766,200,,87.31,yolo26n_int8,true,15.39,8.96,0.01,2
../../val2017/000000201426.jpg,1789050469779,200,,87.65,yolo26n_int8,true,12.83,15.74,0.01,7
../../val2017/000000192904.jpg,1789050469788,200,,222.77,yolo26m_fp16,true,15.94,80.07,0.01,9
../../val2017/000000202001.jpg,1789050469790,200,,86.58,yolo26n_int8,true,11.11,13.41,0.01,3
../../val2017/000000203389.jpg,1789050469803,200,,86.25,yolo26n_int8,true,14.12,15.83,0.01,9
../../val2017/000000203546.jpg,1789050469817,200,,94.61,yolo26n_int8,true,14.36,15.24,0.01,1
../../val2017/000000191672.jpg,1789050469818,200,,276.26,yolo26m_fp16,true,18.47,133.17,0.01,2
../../val2017/000000204186.jpg,1789050469824,200,,87.98,yolo26n_int8,true,15.42,8.13,0.01,5
../../val2017/000000205776.jpg,1789050469835,200,,85.81,yolo26n_int8,true,15.03,15.53,0.01,1
../../val2017/000000207538.jpg,1789050469844,200,,90.43,yolo26n_int8,true,14.03,15.84,0.01,1
../../val2017/000000195045.jpg,1789050469850,200,,229.50,yolo26m_fp16,true,21.59,79.13,0.01,2
../../val2017/000000208901.jpg,1789050469857,200,,90.71,yolo26n_int8,true,13.70,16.24,0.01,1
../../val2017/000000209142.jpg,1789050469869,200,,90.46,yolo26n_int8,true,14.85,15.13,0.01,5
../../val2017/000000201775.jpg,1789050469872,200,,175.80,yolo26m_fp16,true,15.85,26.91,0.01,3
../../val2017/000000209753.jpg,1789050469880,200,,91.49,yolo26n_int8,true,14.84,17.50,0.01,1
../../val2017/000000210032.jpg,1789050469898,200,,94.55,yolo26n_int8,true,13.79,20.76,0.01,6
../../val2017/000000198928.jpg,1789050469898,200,,224.61,yolo26m_fp16,true,13.46,82.48,0.01,4
../../val2017/000000211069.jpg,1789050469903,200,,84.88,yolo26n_int8,true,9.20,18.57,0.01,2
../../val2017/000000211674.jpg,1789050469917,200,,91.52,yolo26n_int8,true,14.93,14.73,0.01,6
../../val2017/000000212166.jpg,1789050469929,200,,94.01,yolo26n_int8,true,16.45,16.90,0.01,2
../../val2017/000000197022.jpg,1789050469929,200,,282.22,yolo26m_fp16,true,14.19,134.55,0.01,2
../../val2017/000000213171.jpg,1789050469941,200,,96.70,yolo26n_int8,true,17.02,13.95,0.01,2
../../val2017/000000203580.jpg,1789050469950,200,,223.63,yolo26m_fp16,true,14.07,70.22,0.01,4
../../val2017/000000215072.jpg,1789050469952,200,,95.02,yolo26n_int8,true,14.19,20.23,0.01,5
../../val2017/000000215644.jpg,1789050469964,200,,94.19,yolo26n_int8,true,8.47,24.62,0.01,1
../../val2017/000000208423.jpg,1789050469976,200,,221.68,yolo26m_fp16,true,14.13,71.56,0.01,12
../../val2017/000000217400.jpg,1789050469976,200,,96.50,yolo26n_int8,true,15.05,17.20,0.01,1
../../val2017/000000219578.jpg,1789050469988,200,,89.94,yolo26n_int8,true,14.31,12.32,0.01,2
../../val2017/000000210030.jpg,1789050469997,200,,207.29,yolo26m_fp16,true,18.07,65.62,0.01,3
../../val2017/000000220310.jpg,1789050470001,200,,97.97,yolo26n_int8,true,15.81,18.05,0.01,1
../../val2017/000000221155.jpg,1789050470010,200,,92.57,yolo26n_int8,true,12.11,10.87,0.01,2
../../val2017/000000210520.jpg,1789050470028,200,,210.68,yolo26m_fp16,true,17.92,63.41,0.01,14
../../val2017/000000222455.jpg,1789050470029,200,,96.97,yolo26n_int8,true,19.36,13.01,0.01,0
../../val2017/000000223182.jpg,1789050470039,200,,97.57,yolo26n_int8,true,15.51,12.38,0.01,8
../../val2017/000000223188.jpg,1789050470052,200,,102.20,yolo26n_int8,true,13.85,17.84,0.01,2
../../val2017/000000214720.jpg,1789050470057,200,,206.78,yolo26m_fp16,true,16.82,73.36,0.01,10
../../val2017/000000223959.jpg,1789050470059,200,,94.61,yolo26n_int8,true,15.34,11.72,0.01,2
../../val2017/000000224119.jpg,1789050470071,200,,94.38,yolo26n_int8,true,12.73,16.06,0.01,0
../../val2017/000000215723.jpg,1789050470081,200,,208.83,yolo26m_fp16,true,13.97,78.75,0.01,5
../../val2017/000000224222.jpg,1789050470086,200,,97.61,yolo26n_int8,true,12.13,14.83,0.01,4
../../val2017/000000226171.jpg,1789050470098,200,,88.03,yolo26n_int8,true,13.59,11.61,0.01,5
../../val2017/000000219485.jpg,1789050470104,200,,206.16,yolo26m_fp16,true,20.16,73.77,0.01,1
../../val2017/000000224807.jpg,1789050470110,200,,112.66,yolo26n_int8,true,17.62,22.62,0.01,14
../../val2017/000000226417.jpg,1789050470123,200,,93.72,yolo26n_int8,true,21.09,16.86,0.01,15
../../val2017/000000223090.jpg,1789050470133,200,,201.81,yolo26m_fp16,true,14.36,75.29,0.01,5
../../val2017/000000226592.jpg,1789050470134,200,,92.39,yolo26n_int8,true,10.44,19.96,0.01,2
../../val2017/000000227686.jpg,1789050470151,200,,97.91,yolo26n_int8,true,14.54,12.48,0.01,1
../../val2017/000000223789.jpg,1789050470157,200,,205.11,yolo26m_fp16,true,14.64,76.07,0.01,2
../../val2017/000000229216.jpg,1789050470158,200,,98.76,yolo26n_int8,true,13.46,20.98,0.01,3
../../val2017/000000229747.jpg,1789050470171,200,,100.13,yolo26n_int8,true,15.33,17.66,0.01,1
../../val2017/000000230362.jpg,1789050470181,200,,93.94,yolo26n_int8,true,9.45,22.45,0.01,3
../../val2017/000000224051.jpg,1789050470185,200,,209.15,yolo26m_fp16,true,13.92,73.81,0.01,3
../../val2017/000000231169.jpg,1789050470191,200,,92.84,yolo26n_int8,true,15.63,9.09,0.01,1
../../val2017/000000231580.jpg,1789050470209,200,,98.50,yolo26n_int8,true,18.87,12.68,0.01,8
../../val2017/000000225670.jpg,1789050470209,200,,208.15,yolo26m_fp16,true,13.64,76.94,0.01,2
../../val2017/000000231822.jpg,1789050470219,200,,95.99,yolo26n_int8,true,17.67,14.16,0.01,5
../../val2017/000000226408.jpg,1789050470232,200,,203.26,yolo26m_fp16,true,16.07,70.77,0.01,3
../../val2017/000000232244.jpg,1789050470232,200,,97.80,yolo26n_int8,true,13.42,24.52,0.01,2
../../val2017/000000235064.jpg,1789050470244,200,,91.87,yolo26n_int8,true,13.27,18.46,0.01,1
../../val2017/000000227985.jpg,1789050470260,200,,202.80,yolo26m_fp16,true,13.82,68.38,0.01,5
../../val2017/000000236426.jpg,1789050470262,200,,103.63,yolo26n_int8,true,13.88,24.94,0.01,13
../../val2017/000000236690.jpg,1789050470275,200,,103.10,yolo26n_int8,true,13.84,27.07,0.01,1
../../val2017/000000229948.jpg,1789050470279,200,,197.20,yolo26m_fp16,true,12.47,63.45,0.02,15
../../val2017/000000237864.jpg,1789050470287,200,,106.19,yolo26n_int8,true,12.58,23.76,0.01,2
../../val2017/000000238410.jpg,1789050470300,200,,108.70,yolo26n_int8,true,15.15,26.04,0.01,7
../../val2017/000000231508.jpg,1789050470307,200,,202.68,yolo26m_fp16,true,16.80,65.56,0.01,12
../../val2017/000000239537.jpg,1789050470311,200,,101.37,yolo26n_int8,true,19.34,17.12,0.01,3
../../val2017/000000239857.jpg,1789050470323,200,,103.84,yolo26n_int8,true,9.94,24.88,0.01,9
../../val2017/000000240250.jpg,1789050470333,200,,100.59,yolo26n_int8,true,17.73,7.98,0.01,11
../../val2017/000000232088.jpg,1789050470334,200,,201.10,yolo26m_fp16,true,14.65,68.54,0.01,4
../../val2017/000000243344.jpg,1789050470345,200,,101.12,yolo26n_int8,true,12.79,13.63,0.01,2
../../val2017/000000244019.jpg,1789050470357,200,,95.62,yolo26n_int8,true,17.29,13.20,0.01,1
../../val2017/000000235778.jpg,1789050470358,200,,200.43,yolo26m_fp16,true,13.92,72.66,0.01,12
../../val2017/000000244496.jpg,1789050470366,200,,89.08,yolo26n_int8,true,16.07,17.46,0.01,2
../../val2017/000000245173.jpg,1789050470378,200,,90.72,yolo26n_int8,true,8.58,15.37,0.01,1
../../val2017/000000238039.jpg,1789050470387,200,,200.87,yolo26m_fp16,true,14.88,71.38,0.01,2
../../val2017/000000245311.jpg,1789050470392,200,,91.30,yolo26n_int8,true,19.97,10.90,0.01,13
../../val2017/000000246522.jpg,1789050470405,200,,93.41,yolo26n_int8,true,13.02,21.85,0.01,1
../../val2017/000000239041.jpg,1789050470410,200,,200.39,yolo26m_fp16,true,15.26,72.84,0.01,6
../../val2017/000000248111.jpg,1789050470413,200,,79.72,yolo26n_int8,true,9.20,16.91,0.01,3
../../val2017/000000247917.jpg,1789050470438,200,,114.75,yolo26n_int8,true,15.46,26.22,0.01,13
../../val2017/000000241297.jpg,1789050470441,200,,207.90,yolo26m_fp16,true,15.18,68.67,0.01,1
../../val2017/000000248334.jpg,1789050470441,200,,95.55,yolo26n_int8,true,16.59,19.69,0.01,5
../../val2017/000000250282.jpg,1789050470452,200,,93.64,yolo26n_int8,true,15.67,13.19,0.01,8
../../val2017/000000250619.jpg,1789050470462,200,,96.48,yolo26n_int8,true,15.83,20.05,0.01,1
../../val2017/000000243989.jpg,1789050470466,200,,205.59,yolo26m_fp16,true,14.60,74.61,0.01,9
../../val2017/000000250901.jpg,1789050470469,200,,90.24,yolo26n_int8,true,9.59,15.72,0.01,5
../../val2017/000000251572.jpg,1789050470486,200,,94.03,yolo26n_int8,true,12.90,18.69,0.01,2
../../val2017/000000248112.jpg,1789050470487,200,,152.28,yolo26m_fp16,true,13.51,22.31,0.01,4
../../val2017/000000253742.jpg,1789050470499,200,,93.39,yolo26n_int8,true,14.82,13.36,0.01,19
../../val2017/000000256868.jpg,1789050470507,200,,68.10,yolo26n_int8,true,11.34,11.88,0.01,6
../../val2017/000000248752.jpg,1789050470515,200,,157.43,yolo26m_fp16,true,14.78,26.03,0.01,2
../../val2017/000000255912.jpg,1789050470520,200,,110.18,yolo26n_int8,true,19.68,20.17,0.01,2
../../val2017/000000258911.jpg,1789050470531,200,,89.84,yolo26n_int8,true,14.41,16.96,0.01,3
../../val2017/000000259597.jpg,1789050470543,200,,90.98,yolo26n_int8,true,17.16,14.84,0.01,10
../../val2017/000000251119.jpg,1789050470545,200,,157.99,yolo26m_fp16,true,13.90,27.24,0.01,4
../../val2017/000000260657.jpg,1789050470553,200,,90.86,yolo26n_int8,true,16.87,18.35,0.01,0
../../val2017/000000261061.jpg,1789050470568,200,,99.02,yolo26n_int8,true,9.91,24.06,0.01,2
../../val2017/000000246308.jpg,1789050470571,200,,263.01,yolo26m_fp16,true,18.77,126.44,0.02,6
../../val2017/000000262487.jpg,1789050470584,200,,96.26,yolo26n_int8,true,16.53,12.31,0.01,3
../../val2017/000000263463.jpg,1789050470594,200,,94.70,yolo26n_int8,true,15.33,21.69,0.01,0
../../val2017/000000245026.jpg,1789050470594,200,,315.15,yolo26m_fp16,true,15.00,178.28,0.01,6
../../val2017/000000263474.jpg,1789050470602,200,,94.93,yolo26n_int8,true,15.61,19.56,0.01,1
../../val2017/000000264968.jpg,1789050470613,200,,91.72,yolo26n_int8,true,16.15,19.01,0.01,6
../../val2017/000000266206.jpg,1789050470629,200,,97.25,yolo26n_int8,true,11.64,16.93,0.01,0
../../val2017/000000256518.jpg,1789050470629,200,,214.38,yolo26m_fp16,true,14.24,81.57,0.01,11
../../val2017/000000266400.jpg,1789050470641,200,,97.74,yolo26n_int8,true,14.60,14.67,0.01,4
../../val2017/000000267537.jpg,1789050470654,200,,99.85,yolo26n_int8,true,17.14,14.56,0.01,6
../../val2017/000000257169.jpg,1789050470654,200,,213.68,yolo26m_fp16,true,14.25,80.56,0.01,2
../../val2017/000000267670.jpg,1789050470660,200,,92.37,yolo26n_int8,true,18.04,18.22,0.01,1
../../val2017/000000260925.jpg,1789050470680,200,,213.16,yolo26m_fp16,true,14.96,72.68,0.01,2
../../val2017/000000270244.jpg,1789050470685,200,,100.40,yolo26n_int8,true,23.39,10.92,0.01,1
../../val2017/000000271997.jpg,1789050470691,200,,88.83,yolo26n_int8,true,8.56,12.64,0.01,2
../../val2017/000000270297.jpg,1789050470704,200,,110.19,yolo26n_int8,true,22.23,16.67,0.01,1
../../val2017/000000261097.jpg,1789050470708,200,,221.62,yolo26m_fp16,true,26.16,69.72,0.01,14
../../val2017/000000272364.jpg,1789050470714,200,,100.69,yolo26n_int8,true,15.61,16.10,0.12,2
../../val2017/000000273642.jpg,1789050470730,200,,99.77,yolo26n_int8,true,20.21,12.72,0.01,2
../../val2017/000000264535.jpg,1789050470734,200,,217.23,yolo26m_fp16,true,20.63,60.85,0.01,6
../../val2017/000000273715.jpg,1789050470744,200,,102.03,yolo26n_int8,true,14.80,26.34,0.01,5
../../val2017/000000267300.jpg,1789050470759,200,,214.01,yolo26m_fp16,true,14.39,67.32,0.01,5
../../val2017/000000276285.jpg,1789050470760,200,,105.11,yolo26n_int8,true,14.02,17.39,0.01,9
../../val2017/000000276720.jpg,1789050470765,200,,104.18,yolo26n_int8,true,14.70,22.54,0.01,4
../../val2017/000000278006.jpg,1789050470778,200,,92.61,yolo26n_int8,true,13.62,21.50,0.01,0
../../val2017/000000269682.jpg,1789050470783,200,,211.63,yolo26m_fp16,true,13.93,78.00,0.01,9
../../val2017/000000278848.jpg,1789050470789,200,,97.51,yolo26n_int8,true,18.37,12.63,0.01,8
../../val2017/000000280891.jpg,1789050470801,200,,96.36,yolo26n_int8,true,9.29,17.48,0.01,7
../../val2017/000000281754.jpg,1789050470813,200,,99.28,yolo26n_int8,true,15.09,12.70,0.01,3
../../val2017/000000270677.jpg,1789050470816,200,,221.92,yolo26m_fp16,true,22.35,52.00,0.01,2
../../val2017/000000282046.jpg,1789050470821,200,,91.21,yolo26n_int8,true,14.61,18.30,0.01,1
../../val2017/000000273711.jpg,1789050470839,200,,209.04,yolo26m_fp16,true,19.05,67.38,0.01,20
../../val2017/000000283113.jpg,1789050470840,200,,94.83,yolo26n_int8,true,13.94,14.73,0.01,4
../../val2017/000000283412.jpg,1789050470851,200,,91.52,yolo26n_int8,true,16.11,20.95,0.01,3
../../val2017/000000275791.jpg,1789050470863,200,,208.71,yolo26m_fp16,true,15.87,66.38,0.01,4
../../val2017/000000285349.jpg,1789050470864,200,,98.40,yolo26n_int8,true,11.51,25.77,0.01,1
../../val2017/000000286849.jpg,1789050470877,200,,98.78,yolo26n_int8,true,15.69,25.94,0.01,3
../../val2017/000000277197.jpg,1789050470888,200,,208.41,yolo26m_fp16,true,16.27,70.29,0.01,7
../../val2017/000000287527.jpg,1789050470892,200,,102.64,yolo26n_int8,true,16.05,16.99,0.01,3
../../val2017/000000289594.jpg,1789050470904,200,,90.46,yolo26n_int8,true,14.43,12.65,0.01,1
../../val2017/000000281687.jpg,1789050470910,200,,201.15,yolo26m_fp16,true,17.48,62.33,0.01,15
../../val2017/000000289516.jpg,1789050470916,200,,115.11,yolo26n_int8,true,14.95,31.49,0.03,2
../../val2017/000000291619.jpg,1789050470928,200,,106.15,yolo26n_int8,true,10.72,26.47,0.01,3
../../val2017/000000283070.jpg,1789050470935,200,,200.82,yolo26m_fp16,true,16.76,61.53,0.01,5
../../val2017/000000292225.jpg,1789050470942,200,,102.41,yolo26n_int8,true,12.60,30.01,0.01,4
../../val2017/000000292488.jpg,1789050470955,200,,103.29,yolo26n_int8,true,16.03,25.01,0.01,2
../../val2017/000000284991.jpg,1789050470955,200,,195.34,yolo26m_fp16,true,15.23,64.82,0.01,2
../../val2017/000000292908.jpg,1789050470971,200,,108.07,yolo26n_int8,true,16.20,22.32,0.01,2
../../val2017/000000293071.jpg,1789050470979,200,,102.03,yolo26n_int8,true,13.03,29.01,0.01,4
../../val2017/000000286908.jpg,1789050470982,200,,199.02,yolo26m_fp16,true,21.30,46.27,0.01,25
../../val2017/000000293300.jpg,1789050470991,200,,99.20,yolo26n_int8,true,15.19,14.44,0.01,2
../../val2017/000000293794.jpg,1789050471008,200,,103.21,yolo26n_int8,true,18.44,15.67,0.01,8
../../val2017/000000290163.jpg,1789050471013,200,,196.01,yolo26m_fp16,true,15.77,62.92,0.01,15
../../val2017/000000294831.jpg,1789050471014,200,,97.07,yolo26n_int8,true,14.47,10.81,0.01,5
../../val2017/000000295420.jpg,1789050471025,200,,96.63,yolo26n_int8,true,13.29,17.14,0.01,4
../../val2017/000000296284.jpg,1789050471038,200,,95.29,yolo26n_int8,true,9.68,26.90,0.01,1
../../val2017/000000292456.jpg,1789050471038,200,,197.74,yolo26m_fp16,true,14.20,69.47,0.01,7
../../val2017/000000292997.jpg,1789050471056,200,,191.94,yolo26m_fp16,true,18.50,63.96,0.01,12
../../val2017/000000299355.jpg,1789050471056,200,,85.06,yolo26n_int8,true,19.64,11.20,0.01,1
../../val2017/000000297681.jpg,1789050471069,200,,113.80,yolo26n_int8,true,18.97,24.39,0.01,1
../../val2017/000000293245.jpg,1789050471077,200,,188.47,yolo26m_fp16,true,14.21,63.93,0.01,2
../../val2017/000000303305.jpg,1789050471086,200,,93.72,yolo26n_int8,true,15.86,14.09,0.01,1
../../val2017/000000301376.jpg,1789050471098,200,,118.70,yolo26n_int8,true,19.94,43.50,0.01,11
../../val2017/000000294783.jpg,1789050471102,200,,191.69,yolo26m_fp16,true,24.71,52.69,0.01,5
../../val2017/000000304291.jpg,1789050471107,200,,93.71,yolo26n_int8,true,14.05,16.14,0.01,1
../../val2017/000000303653.jpg,1789050471121,200,,112.79,yolo26n_int8,true,13.53,18.36,0.01,6
../../val2017/000000304560.jpg,1789050471131,200,,105.31,yolo26n_int8,true,14.69,12.27,0.01,1
../../val2017/000000296224.jpg,1789050471131,200,,195.62,yolo26m_fp16,true,17.19,57.35,0.01,3
../../val2017/000000305609.jpg,1789050471150,200,,104.24,yolo26n_int8,true,17.06,12.15,0.01,4
../../val2017/000000297353.jpg,1789050471155,200,,199.79,yolo26m_fp16,true,17.56,62.17,0.01,4
../../val2017/000000306733.jpg,1789050471158,200,,101.00,yolo26n_int8,true,21.05,9.59,0.01,5
../../val2017/000000307145.jpg,1789050471167,200,,97.74,yolo26n_int8,true,15.68,25.02,0.01,2
../../val2017/000000301718.jpg,1789050471175,200,,193.04,yolo26m_fp16,true,17.25,60.70,0.01,9
../../val2017/000000308328.jpg,1789050471182,200,,96.30,yolo26n_int8,true,14.36,18.00,0.01,6
../../val2017/000000308476.jpg,1789050471199,200,,101.12,yolo26n_int8,true,16.23,10.72,0.01,1
../../val2017/000000304396.jpg,1789050471200,200,,186.08,yolo26m_fp16,true,25.42,54.03,0.01,2
../../val2017/000000309678.jpg,1789050471210,200,,102.70,yolo26n_int8,true,15.12,19.08,0.01,1
../../val2017/000000305309.jpg,1789050471222,200,,177.02,yolo26m_fp16,true,18.86,58.40,0.01,2
../../val2017/000000309938.jpg,1789050471225,200,,103.43,yolo26n_int8,true,15.64,24.09,0.01,1
../../val2017/000000311518.jpg,1789050471233,200,,102.00,yolo26n_int8,true,14.99,15.14,0.01,1
../../val2017/000000312278.jpg,1789050471243,200,,93.47,yolo26n_int8,true,9.39,21.47,0.01,0
../../val2017/000000306582.jpg,1789050471250,200,,194.25,yolo26m_fp16,true,20.00,54.70,0.01,5
../../val2017/000000313130.jpg,1789050471253,200,,94.83,yolo26n_int8,true,17.96,11.13,0.01,2
../../val2017/000000313182.jpg,1789050471274,200,,106.19,yolo26n_int8,true,20.91,11.55,0.01,4
../../val2017/000000307598.jpg,1789050471277,200,,198.86,yolo26m_fp16,true,13.84,62.47,0.01,1
../../val2017/000000314182.jpg,1789050471284,200,,99.39,yolo26n_int8,true,17.25,21.46,0.01,8
../../val2017/000000314914.jpg,1789050471297,200,,97.36,yolo26n_int8,true,10.42,25.57,0.01,1
../../val2017/000000309173.jpg,1789050471301,200,,199.24,yolo26m_fp16,true,18.19,68.50,0.01,1
../../val2017/000000322610.jpg,1789050471316,200,,90.79,yolo26n_int8,true,14.71,12.85,0.01,10
../../val2017/000000311789.jpg,1789050471329,200,,197.58,yolo26m_fp16,true,14.68,75.60,0.01,3
../../val2017/000000319607.jpg,1789050471331,200,,120.75,yolo26n_int8,true,16.34,38.16,0.01,2
../../val2017/000000322959.jpg,1789050471343,200,,110.18,yolo26n_int8,true,18.49,23.08,0.01,4
../../val2017/000000323263.jpg,1789050471361,200,,116.99,yolo26n_int8,true,21.04,17.00,0.01,5
../../val2017/000000312406.jpg,1789050471362,200,,207.01,yolo26m_fp16,true,18.07,68.58,0.01,4
../../val2017/000000327601.jpg,1789050471368,200,,114.79,yolo26n_int8,true,13.59,29.40,0.01,2
../../val2017/000000327617.jpg,1789050471389,200,,115.07,yolo26n_int8,true,19.02,24.21,0.01,2
../../val2017/000000313562.jpg,1789050471389,200,,213.29,yolo26m_fp16,true,15.60,66.84,0.01,4
../../val2017/000000316054.jpg,1789050471400,200,,199.82,yolo26m_fp16,true,14.04,67.73,0.01,4
../../val2017/000000328337.jpg,1789050471406,200,,121.41,yolo26n_int8,true,22.24,22.52,0.01,1
../../val2017/000000322429.jpg,1789050471426,200,,203.41,yolo26m_fp16,true,28.28,34.75,0.01,14
../../val2017/000000329614.jpg,1789050471434,200,,136.25,yolo26n_int8,true,39.87,19.02,0.01,9
../../val2017/000000326462.jpg,1789050471449,200,,198.52,yolo26m_fp16,true,34.46,26.82,0.01,2
../../val2017/000000330790.jpg,1789050471451,200,,134.11,yolo26n_int8,true,23.82,27.38,0.01,5
../../val2017/000000331352.jpg,1789050471460,200,,129.13,yolo26n_int8,true,17.40,38.14,0.01,1
../../val2017/000000328030.jpg,1789050471480,200,,203.15,yolo26m_fp16,true,42.65,20.72,0.01,5
../../val2017/000000332351.jpg,1789050471493,200,,131.70,yolo26n_int8,true,20.26,9.82,0.01,9
../../val2017/000000331799.jpg,1789050471502,200,,158.68,yolo26n_int8,true,43.22,23.72,0.01,5
../../val2017/000000331075.jpg,1789050471503,200,,174.55,yolo26m_fp16,true,13.88,40.06,0.01,1
../../val2017/000000332901.jpg,1789050471513,200,,145.29,yolo26n_int8,true,22.14,14.99,0.01,4
../../val2017/000000333697.jpg,1789050471527,200,,136.99,yolo26n_int8,true,26.84,15.39,0.01,0
../../val2017/000000330554.jpg,1789050471534,200,,231.80,yolo26m_fp16,true,40.15,59.86,0.01,0
../../val2017/000000333956.jpg,1789050471551,200,,150.51,yolo26m_fp16,true,15.04,19.46,0.01,1
../../val2017/000000335427.jpg,1789050471558,200,,123.42,yolo26n_int8,true,16.43,10.54,0.01,3
../../val2017/000000334483.jpg,1789050471567,200,,160.20,yolo26n_int8,true,21.80,25.56,0.01,7
../../val2017/000000336209.jpg,1789050471580,200,,130.76,yolo26n_int8,true,15.85,30.90,0.01,1
../../val2017/000000333745.jpg,1789050471583,200,,193.25,yolo26m_fp16,true,16.53,69.53,0.02,6
../../val2017/000000336658.jpg,1789050471600,200,,139.30,yolo26n_int8,true,16.33,33.91,0.01,3
../../val2017/000000332570.jpg,1789050471605,200,,243.28,yolo26m_fp16,true,19.49,117.97,0.01,2
../../val2017/000000338304.jpg,1789050471606,200,,112.91,yolo26n_int8,true,15.66,19.76,0.01,7
../../val2017/000000338901.jpg,1789050471622,200,,119.32,yolo26n_int8,true,16.55,25.59,0.01,4
../../val2017/000000339870.jpg,1789050471633,200,,119.51,yolo26n_int8,true,18.44,15.64,0.01,3
../../val2017/000000334555.jpg,1789050471638,200,,211.23,yolo26m_fp16,true,19.97,61.38,0.01,17
../../val2017/000000342186.jpg,1789050471641,200,,114.68,yolo26n_int8,true,9.67,14.10,0.01,2
../../val2017/000000336265.jpg,1789050471657,200,,204.92,yolo26m_fp16,true,18.98,64.62,0.01,2
../../val2017/000000345356.jpg,1789050471662,200,,95.20,yolo26n_int8,true,16.92,10.44,0.01,4
../../val2017/000000343706.jpg,1789050471674,200,,115.40,yolo26n_int8,true,20.53,20.55,0.01,3
../../val2017/000000338191.jpg,1789050471687,200,,205.78,yolo26m_fp16,true,16.47,46.67,0.01,9
../../val2017/000000345397.jpg,1789050471687,200,,106.52,yolo26n_int8,true,19.06,14.09,0.01,4
../../val2017/000000347174.jpg,1789050471697,200,,96.45,yolo26n_int8,true,11.68,27.72,0.01,2
../../val2017/000000347265.jpg,1789050471710,200,,99.70,yolo26n_int8,true,15.83,13.60,0.01,1
../../val2017/000000339823.jpg,1789050471712,200,,208.24,yolo26m_fp16,true,13.73,66.35,0.01,1
../../val2017/000000347370.jpg,1789050471720,200,,97.53,yolo26n_int8,true,19.28,14.83,0.01,1
../../val2017/000000347456.jpg,1789050471738,200,,104.74,yolo26n_int8,true,15.27,12.95,0.01,2
../../val2017/000000343315.jpg,1789050471740,200,,205.61,yolo26m_fp16,true,17.28,58.10,0.01,1
../../val2017/000000348012.jpg,1789050471745,200,,103.38,yolo26n_int8,true,16.45,21.65,0.01,1
../../val2017/000000349302.jpg,1789050471756,200,,93.16,yolo26n_int8,true,8.21,19.87,0.01,2
../../val2017/000000343524.jpg,1789050471765,200,,214.17,yolo26m_fp16,true,14.38,79.15,0.01,2
../../val2017/000000349860.jpg,1789050471766,200,,91.90,yolo26n_int8,true,15.06,16.22,0.01,4
../../val2017/000000350148.jpg,1789050471778,200,,90.76,yolo26n_int8,true,15.10,7.75,0.01,8
../../val2017/000000351559.jpg,1789050471786,200,,89.44,yolo26n_int8,true,15.85,14.80,0.04,2
../../val2017/000000351589.jpg,1789050471796,200,,85.24,yolo26n_int8,true,11.02,15.39,0.01,2
../../val2017/000000346703.jpg,1789050471797,200,,213.59,yolo26m_fp16,true,15.76,77.38,0.01,25
../../val2017/000000352584.jpg,1789050471810,200,,89.83,yolo26n_int8,true,15.06,15.40,0.01,0
../../val2017/000000353027.jpg,1789050471821,200,,82.48,yolo26n_int8,true,12.58,20.41,0.01,3
../../val2017/000000347254.jpg,1789050471821,200,,215.44,yolo26m_fp16,true,16.30,79.83,0.01,6
../../val2017/000000354072.jpg,1789050471829,200,,83.67,yolo26n_int8,true,16.22,11.27,0.01,2
../../val2017/000000355610.jpg,1789050471841,200,,84.43,yolo26n_int8,true,16.61,17.38,0.01,2
../../val2017/000000356248.jpg,1789050471853,200,,87.52,yolo26n_int8,true,13.86,10.75,0.01,10
../../val2017/000000347664.jpg,1789050471854,200,,215.98,yolo26m_fp16,true,20.66,78.11,0.01,14
../../val2017/000000356261.jpg,1789050471868,200,,88.76,yolo26n_int8,true,14.24,12.74,0.01,3
../../val2017/000000356387.jpg,1789050471880,200,,92.91,yolo26n_int8,true,19.18,15.97,0.01,7
../../val2017/000000349184.jpg,1789050471880,200,,223.35,yolo26m_fp16,true,14.41,87.35,0.01,7
../../val2017/000000356432.jpg,1789050471891,200,,94.99,yolo26n_int8,true,15.27,21.97,0.01,4
../../val2017/000000357459.jpg,1789050471900,200,,89.68,yolo26n_int8,true,8.75,22.53,0.01,2
../../val2017/000000350054.jpg,1789050471908,200,,220.74,yolo26m_fp16,true,17.35,81.71,0.01,2
../../val2017/000000359937.jpg,1789050471917,200,,95.09,yolo26n_int8,true,13.28,15.81,0.01,3
../../val2017/000000360097.jpg,1789050471925,200,,95.94,yolo26n_int8,true,15.99,17.25,0.01,1
../../val2017/000000351810.jpg,1789050471937,200,,224.42,yolo26m_fp16,true,15.70,82.82,0.01,12
../../val2017/000000360325.jpg,1789050471939,200,,97.65,yolo26n_int8,true,15.92,15.10,0.01,5
../../val2017/000000361238.jpg,1789050471952,200,,97.33,yolo26n_int8,true,16.83,14.66,0.01,6
../../val2017/000000361506.jpg,1789050471961,200,,92.78,yolo26n_int8,true,13.91,17.40,0.01,1
../../val2017/000000353180.jpg,1789050471965,200,,224.73,yolo26m_fp16,true,13.84,83.66,0.01,10
../../val2017/000000361621.jpg,1789050471970,200,,89.89,yolo26n_int8,true,15.09,16.52,0.01,1
../../val2017/000000364126.jpg,1789050471979,200,,86.36,yolo26n_int8,true,9.16,17.00,0.01,2
../../val2017/000000355817.jpg,1789050471989,200,,224.04,yolo26m_fp16,true,13.45,78.16,0.01,2
../../val2017/000000364884.jpg,1789050471996,200,,95.44,yolo26n_int8,true,15.41,13.53,0.01,1
../../val2017/000000365766.jpg,1789050472010,200,,84.16,yolo26n_int8,true,13.52,11.66,0.01,3
../../val2017/000000356498.jpg,1789050472022,200,,224.81,yolo26m_fp16,true,22.27,69.61,0.01,2
../../val2017/000000365207.jpg,1789050472022,200,,105.45,yolo26n_int8,true,18.02,21.36,0.01,3
../../val2017/000000366178.jpg,1789050472035,200,,96.08,yolo26n_int8,true,13.88,32.19,0.01,3
../../val2017/000000357742.jpg,1789050472043,200,,221.75,yolo26m_fp16,true,17.74,73.44,0.01,2
../../val2017/000000366225.jpg,1789050472046,200,,93.19,yolo26n_int8,true,14.53,20.37,0.01,4
../../val2017/000000366711.jpg,1789050472061,200,,98.63,yolo26n_int8,true,14.96,14.32,0.01,6
../../val2017/000000367228.jpg,1789050472066,200,,96.23,yolo26n_int8,true,17.67,15.21,0.01,2
../../val2017/000000361142.jpg,1789050472072,200,,218.72,yolo26m_fp16,true,17.95,74.06,0.01,12
../../val2017/000000367680.jpg,1789050472073,200,,94.00,yolo26n_int8,true,12.35,18.44,0.01,10
../../val2017/000000370478.jpg,1789050472087,200,,91.06,yolo26n_int8,true,15.46,13.21,0.01,3
../../val2017/000000361919.jpg,1789050472096,200,,215.22,yolo26m_fp16,true,14.08,70.62,0.01,18
../../val2017/000000370818.jpg,1789050472103,200,,93.07,yolo26n_int8,true,16.79,10.66,0.01,2
../../val2017/000000370999.jpg,1789050472113,200,,90.86,yolo26n_int8,true,17.67,16.02,0.01,2
../../val2017/000000365098.jpg,1789050472120,200,,211.51,yolo26m_fp16,true,19.21,71.19,0.01,1
../../val2017/000000372349.jpg,1789050472125,200,,88.25,yolo26n_int8,true,16.02,21.98,0.01,2
../../val2017/000000374551.jpg,1789050472137,200,,90.85,yolo26n_int8,true,16.82,21.92,0.01,1
../../val2017/000000376307.jpg,1789050472148,200,,86.31,yolo26n_int8,true,10.96,19.58,0.01,4
../../val2017/000000366141.jpg,1789050472148,200,,210.91,yolo26m_fp16,true,14.07,75.73,0.01,6
../../val2017/000000376856.jpg,1789050472160,200,,90.18,yolo26n_int8,true,15.90,11.98,0.01,1
../../val2017/000000376900.jpg,1789050472171,200,,98.51,yolo26n_int8,true,13.63,14.38,0.01,3
../../val2017/000000366884.jpg,1789050472178,200,,213.16,yolo26m_fp16,true,19.94,67.12,0.01,7
../../val2017/000000377635.jpg,1789050472182,200,,94.69,yolo26n_int8,true,14.51,8.79,0.01,3
../../val2017/000000377723.jpg,1789050472193,200,,89.21,yolo26n_int8,true,13.67,13.44,0.01,12
../../val2017/000000377882.jpg,1789050472201,200,,87.98,yolo26n_int8,true,12.54,11.23,0.01,0
../../val2017/000000369541.jpg,1789050472208,200,,218.11,yolo26m_fp16,true,14.88,81.04,0.01,7
../../val2017/000000379453.jpg,1789050472216,200,,90.62,yolo26n_int8,true,14.66,19.04,0.01,1
../../val2017/000000380913.jpg,1789050472227,200,,90.02,yolo26n_int8,true,14.07,16.03,0.01,8
../../val2017/000000371552.jpg,1789050472230,200,,207.68,yolo26m_fp16,true,15.35,77.58,0.01,7
../../val2017/000000382122.jpg,1789050472239,200,,90.42,yolo26n_int8,true,17.92,15.83,0.01,2
../../val2017/000000383386.jpg,1789050472258,200,,86.02,yolo26n_int8,true,9.59,14.18,0.01,3
../../val2017/000000373705.jpg,1789050472258,200,,214.23,yolo26m_fp16,true,14.71,77.62,0.01,8
../../val2017/000000382734.jpg,1789050472266,200,,106.28,yolo26n_int8,true,15.00,33.74,0.01,0
../../val2017/000000377000.jpg,1789050472279,200,,205.84,yolo26m_fp16,true,17.03,61.58,0.01,1
../../val2017/000000383921.jpg,1789050472279,200,,96.64,yolo26n_int8,true,15.16,15.91,0.01,11
../../val2017/000000384527.jpg,1789050472289,200,,96.18,yolo26n_int8,true,19.20,12.66,0.01,7
../../val2017/000000384666.jpg,1789050472300,200,,98.21,yolo26n_int8,true,15.48,13.32,0.01,7
../../val2017/000000377670.jpg,1789050472307,200,,211.13,yolo26m_fp16,true,19.10,63.26,0.01,10
../../val2017/000000387916.jpg,1789050472312,200,,96.27,yolo26n_int8,true,17.66,12.47,0.01,11
../../val2017/000000389197.jpg,1789050472326,200,,97.95,yolo26n_int8,true,11.84,17.28,0.01,5
../../val2017/000000378116.jpg,1789050472332,200,,212.33,yolo26m_fp16,true,19.71,66.25,0.01,2
../../val2017/000000389532.jpg,1789050472338,200,,99.24,yolo26n_int8,true,13.87,22.98,0.01,4
../../val2017/000000389812.jpg,1789050472344,200,,85.34,yolo26n_int8,true,15.19,9.22,0.02,2
../../val2017/000000393014.jpg,1789050472357,200,,90.84,yolo26n_int8,true,14.61,12.73,0.01,1
../../val2017/000000382030.jpg,1789050472365,200,,217.26,yolo26m_fp16,true,16.78,79.35,0.01,1
../../val2017/000000393056.jpg,1789050472370,200,,87.86,yolo26n_int8,true,9.13,11.53,0.01,1
../../val2017/000000383606.jpg,1789050472383,200,,200.94,yolo26m_fp16,true,14.48,73.06,0.01,4
../../val2017/000000395575.jpg,1789050472389,200,,89.23,yolo26n_int8,true,16.07,12.36,0.01,1
../../val2017/000000393226.jpg,1789050472403,200,,112.36,yolo26n_int8,true,21.02,22.95,0.01,7
../../val2017/000000397354.jpg,1789050472410,200,,83.88,yolo26n_int8,true,8.82,21.74,0.01,15
../../val2017/000000386134.jpg,1789050472411,200,,202.71,yolo26m_fp16,true,20.43,66.09,0.01,2
../../val2017/000000396580.jpg,1789050472427,200,,114.45,yolo26n_int8,true,15.38,30.67,0.01,1
../../val2017/000000389451.jpg,1789050472440,200,,209.65,yolo26m_fp16,true,15.02,69.33,0.01,16
../../val2017/000000399296.jpg,1789050472440,200,,107.60,yolo26n_int8,true,15.05,14.40,0.01,5
../../val2017/000000400082.jpg,1789050472451,200,,105.98,yolo26n_int8,true,16.56,16.90,0.01,3
../../val2017/000000391140.jpg,1789050472463,200,,202.39,yolo26m_fp16,true,16.53,64.21,0.01,3
../../val2017/000000400161.jpg,1789050472463,200,,105.37,yolo26n_int8,true,15.45,18.04,0.01,5
../../val2017/000000400573.jpg,1789050472477,200,,111.50,yolo26n_int8,true,10.67,19.69,0.01,2
../../val2017/000000402334.jpg,1789050472484,200,,94.56,yolo26n_int8,true,14.25,22.32,0.01,2
../../val2017/000000393093.jpg,1789050472490,200,,210.54,yolo26m_fp16,true,14.84,72.56,0.01,11
../../val2017/000000402615.jpg,1789050472501,200,,97.71,yolo26n_int8,true,17.37,10.63,0.01,4
../../val2017/000000403122.jpg,1789050472514,200,,102.43,yolo26n_int8,true,14.25,21.56,0.01,11
../../val2017/000000401244.jpg,1789050472518,200,,148.15,yolo26m_fp16,true,14.22,26.13,0.01,2
../../val2017/000000403385.jpg,1789050472524,200,,96.97,yolo26n_int8,true,20.40,18.62,0.01,3
../../val2017/000000404128.jpg,1789050472533,200,,92.40,yolo26n_int8,true,10.45,26.29,0.01,1
../../val2017/000000399560.jpg,1789050472548,200,,209.24,yolo26m_fp16,true,20.52,70.15,0.01,2
../../val2017/000000404479.jpg,1789050472548,200,,97.40,yolo26n_int8,true,12.76,17.36,0.01,1
../../val2017/000000405972.jpg,1789050472561,200,,98.19,yolo26n_int8,true,15.05,16.58,0.01,2
../../val2017/000000396518.jpg,1789050472570,200,,262.61,yolo26m_fp16,true,22.08,122.70,0.01,2
../../val2017/000000407524.jpg,1789050472574,200,,96.27,yolo26n_int8,true,14.44,17.42,0.01,3
../../val2017/000000410496.jpg,1789050472582,200,,81.29,yolo26n_int8,true,9.96,12.55,0.01,7
../../val2017/000000407825.jpg,1789050472598,200,,112.72,yolo26n_int8,true,16.92,32.08,0.01,1
../../val2017/000000402096.jpg,1789050472598,200,,214.65,yolo26m_fp16,true,15.37,79.48,0.01,0
../../val2017/000000410510.jpg,1789050472608,200,,93.80,yolo26n_int8,true,18.89,15.82,0.01,2
../../val2017/000000410880.jpg,1789050472619,200,,94.61,yolo26n_int8,true,16.53,17.98,0.01,3
../../val2017/000000402765.jpg,1789050472623,200,,212.67,yolo26m_fp16,true,15.69,78.38,0.01,2
../../val2017/000000411953.jpg,1789050472629,200,,95.64,yolo26n_int8,true,16.48,17.57,0.01,2
../../val2017/000000412887.jpg,1789050472642,200,,93.76,yolo26n_int8,true,13.01,13.48,0.01,2
../../val2017/000000403584.jpg,1789050472653,200,,210.96,yolo26m_fp16,true,15.44,67.62,0.01,8
../../val2017/000000413552.jpg,1789050472655,200,,93.41,yolo26n_int8,true,15.34,19.71,0.02,1
../../val2017/000000414170.jpg,1789050472666,200,,95.17,yolo26n_int8,true,14.99,12.95,0.01,5
../../val2017/000000416256.jpg,1789050472679,200,,96.52,yolo26n_int8,true,17.16,16.60,0.01,2
../../val2017/000000405691.jpg,1789050472679,200,,216.00,yolo26m_fp16,true,20.30,67.80,0.01,13
../../val2017/000000416745.jpg,1789050472687,200,,89.12,yolo26n_int8,true,9.88,26.23,0.01,1
../../val2017/000000416991.jpg,1789050472701,200,,92.89,yolo26n_int8,true,16.99,17.73,0.01,6
../../val2017/000000408120.jpg,1789050472705,200,,214.19,yolo26m_fp16,true,15.67,73.56,0.01,5
../../val2017/000000417043.jpg,1789050472714,200,,94.74,yolo26n_int8,true,16.73,17.88,0.01,1
../../val2017/000000417911.jpg,1789050472725,200,,95.70,yolo26n_int8,true,14.08,15.02,0.01,2
../../val2017/000000419379.jpg,1789050472734,200,,91.89,yolo26n_int8,true,15.06,17.34,0.01,6
../../val2017/000000415194.jpg,1789050472734,200,,160.59,yolo26m_fp16,true,13.66,29.52,0.01,10
../../val2017/000000419882.jpg,1789050472738,200,,71.97,yolo26n_int8,true,8.51,14.90,0.01,3
../../val2017/000000420281.jpg,1789050472754,200,,75.19,yolo26n_int8,true,14.26,12.71,0.01,2
../../val2017/000000419974.jpg,1789050472764,200,,84.38,yolo26n_int8,true,13.82,11.17,0.01,7
../../val2017/000000416758.jpg,1789050472765,200,,166.77,yolo26m_fp16,true,13.56,29.15,0.01,6
../../val2017/000000420840.jpg,1789050472784,200,,97.08,yolo26n_int8,true,22.84,12.45,0.01,3
../../val2017/000000410612.jpg,1789050472792,200,,273.92,yolo26m_fp16,true,15.69,141.61,0.01,2
../../val2017/000000422886.jpg,1789050472797,200,,95.64,yolo26n_int8,true,17.75,20.56,0.01,2
../../val2017/000000423798.jpg,1789050472808,200,,93.13,yolo26n_int8,true,13.86,28.74,0.01,0
../../val2017/000000413247.jpg,1789050472818,200,,269.39,yolo26m_fp16,true,13.37,136.69,0.01,4
../../val2017/000000424162.jpg,1789050472820,200,,94.50,yolo26n_int8,true,13.46,25.11,0.01,8
../../val2017/000000424545.jpg,1789050472832,200,,97.37,yolo26n_int8,true,14.26,21.44,0.01,1
../../val2017/000000417465.jpg,1789050472845,200,,221.96,yolo26m_fp16,true,18.66,74.88,0.01,1
../../val2017/000000424551.jpg,1789050472848,200,,110.13,yolo26n_int8,true,14.70,23.40,0.01,3
../../val2017/000000424642.jpg,1789050472860,200,,105.10,yolo26n_int8,true,17.57,17.83,0.01,4
../../val2017/000000419408.jpg,1789050472873,200,,220.00,yolo26m_fp16,true,22.21,61.37,0.01,11
../../val2017/000000425906.jpg,1789050472874,200,,109.82,yolo26n_int8,true,13.72,24.30,0.01,5
../../val2017/000000427649.jpg,1789050472884,200,,99.33,yolo26n_int8,true,16.05,22.18,0.01,1
../../val2017/000000429598.jpg,1789050472896,200,,96.47,yolo26n_int8,true,14.89,14.77,0.01,3
../../val2017/000000419653.jpg,1789050472896,200,,240.20,yolo26m_fp16,true,15.22,73.77,0.01,12
../../val2017/000000430871.jpg,1789050472908,200,,100.23,yolo26n_int8,true,8.87,25.77,0.01,1
../../val2017/000000423617.jpg,1789050472920,200,,215.11,yolo26m_fp16,true,15.47,67.30,0.01,15
../../val2017/000000431876.jpg,1789050472925,200,,105.24,yolo26n_int8,true,17.63,13.07,0.01,8
../../val2017/000000432898.jpg,1789050472933,200,,100.71,yolo26n_int8,true,18.24,14.45,0.01,7
../../val2017/000000433374.jpg,1789050472945,200,,96.22,yolo26n_int8,true,19.07,13.33,0.01,4
../../val2017/000000424349.jpg,1789050472948,200,,213.87,yolo26m_fp16,true,14.18,73.44,0.01,4
../../val2017/000000434247.jpg,1789050472955,200,,94.26,yolo26n_int8,true,10.43,22.41,0.01,6
../../val2017/000000434479.jpg,1789050472970,200,,96.95,yolo26n_int8,true,15.60,15.46,0.01,2
../../val2017/000000430961.jpg,1789050472975,200,,156.34,yolo26m_fp16,true,16.02,27.96,0.01,8
../../val2017/000000437110.jpg,1789050472980,200,,96.05,yolo26n_int8,true,14.88,16.50,0.01,1
../../val2017/000000439180.jpg,1789050472993,200,,96.57,yolo26n_int8,true,12.10,18.55,0.01,22
../../val2017/000000428867.jpg,1789050473002,200,,209.93,yolo26m_fp16,true,15.86,79.45,0.01,6
../../val2017/000000439994.jpg,1789050473005,200,,96.04,yolo26n_int8,true,16.83,16.55,0.01,3
../../val2017/000000441247.jpg,1789050473014,200,,92.14,yolo26n_int8,true,9.48,19.33,0.01,7
../../val2017/000000426241.jpg,1789050473024,200,,258.08,yolo26m_fp16,true,15.25,124.78,0.01,8
../../val2017/000000441586.jpg,1789050473030,200,,97.11,yolo26n_int8,true,18.17,10.78,0.01,6
../../val2017/000000442661.jpg,1789050473044,200,,95.33,yolo26n_int8,true,16.18,18.68,0.01,1
../../val2017/000000433243.jpg,1789050473050,200,,205.19,yolo26m_fp16,true,14.15,69.86,0.01,3
../../val2017/000000445602.jpg,1789050473055,200,,83.91,yolo26n_int8,true,12.66,15.18,0.01,4
../../val2017/000000442836.jpg,1789050473069,200,,113.80,yolo26n_int8,true,14.53,28.61,0.01,3
../../val2017/000000434548.jpg,1789050473076,200,,202.40,yolo26m_fp16,true,15.64,64.80,0.01,3
../../val2017/000000445846.jpg,1789050473079,200,,98.83,yolo26n_int8,true,14.06,22.01,0.01,1
../../val2017/000000445999.jpg,1789050473094,200,,101.06,yolo26n_int8,true,17.48,17.08,0.01,1
../../val2017/000000437898.jpg,1789050473100,200,,204.38,yolo26m_fp16,true,17.34,63.23,0.01,11
../../val2017/000000446207.jpg,1789050473103,200,,100.41,yolo26n_int8,true,11.77,25.30,0.01,1
../../val2017/000000446574.jpg,1789050473121,200,,106.91,yolo26n_int8,true,11.83,20.13,0.01,1
../../val2017/000000447314.jpg,1789050473127,200,,96.28,yolo26n_int8,true,14.20,20.40,0.01,6
../../val2017/000000441553.jpg,1789050473129,200,,203.30,yolo26m_fp16,true,21.81,63.85,0.01,13
../../val2017/000000448448.jpg,1789050473138,200,,93.61,yolo26n_int8,true,14.14,12.71,0.01,1
../../val2017/000000449996.jpg,1789050473148,200,,92.75,yolo26n_int8,true,9.84,20.04,0.01,4
../../val2017/000000450100.jpg,1789050473160,200,,90.61,yolo26n_int8,true,15.01,11.05,0.01,2
../../val2017/000000442463.jpg,1789050473160,200,,214.50,yolo26m_fp16,true,14.22,79.16,0.01,2
../../val2017/000000451144.jpg,1789050473172,200,,91.56,yolo26n_int8,true,13.54,14.43,0.01,2
../../val2017/000000445722.jpg,1789050473184,200,,209.56,yolo26m_fp16,true,15.47,78.74,0.01,3
../../val2017/000000451155.jpg,1789050473185,200,,90.33,yolo26n_int8,true,16.45,19.89,0.01,2
../../val2017/000000452784.jpg,1789050473200,200,,96.46,yolo26n_int8,true,19.18,19.16,0.01,1
../../val2017/000000446522.jpg,1789050473211,200,,205.41,yolo26m_fp16,true,17.10,75.11,0.01,3
../../val2017/000000452891.jpg,1789050473211,200,,89.67,yolo26n_int8,true,11.97,23.03,0.01,2
../../val2017/000000453040.jpg,1789050473225,200,,97.54,yolo26n_int8,true,14.31,19.28,0.01,0
../../val2017/000000453981.jpg,1789050473234,200,,96.08,yolo26n_int8,true,14.65,14.81,0.01,1
../../val2017/000000447313.jpg,1789050473241,200,,216.68,yolo26m_fp16,true,15.23,70.44,0.01,3
../../val2017/000000454661.jpg,1789050473245,200,,96.67,yolo26n_int8,true,15.45,14.97,0.01,8
../../val2017/000000454798.jpg,1789050473259,200,,98.40,yolo26n_int8,true,14.11,17.65,0.01,3
../../val2017/000000449579.jpg,1789050473263,200,,207.64,yolo26m_fp16,true,14.59,76.37,0.01,2
../../val2017/000000456292.jpg,1789050473268,200,,95.20,yolo26n_int8,true,11.00,19.76,0.01,0
../../val2017/000000457262.jpg,1789050473282,200,,96.95,yolo26n_int8,true,15.98,13.25,0.01,2
../../val2017/000000451043.jpg,1789050473288,200,,211.67,yolo26m_fp16,true,14.28,76.95,0.01,2
../../val2017/000000458255.jpg,1789050473297,200,,97.22,yolo26n_int8,true,14.80,15.22,0.01,3
../../val2017/000000458702.jpg,1789050473308,200,,96.80,yolo26n_int8,true,14.82,16.85,0.01,3
../../val2017/000000452084.jpg,1789050473312,200,,210.55,yolo26m_fp16,true,16.37,63.82,0.01,6
../../val2017/000000459757.jpg,1789050473320,200,,94.69,yolo26n_int8,true,23.88,10.50,0.01,1
../../val2017/000000460333.jpg,1789050473333,200,,98.22,yolo26n_int8,true,14.58,20.69,0.01,4
../../val2017/000000453860.jpg,1789050473338,200,,209.23,yolo26m_fp16,true,19.15,66.64,0.01,2
../../val2017/000000460682.jpg,1789050473342,200,,97.11,yolo26n_int8,true,11.33,27.64,0.01,1
../../val2017/000000460683.jpg,1789050473356,200,,96.87,yolo26n_int8,true,13.46,14.64,0.01,4
../../val2017/000000455219.jpg,1789050473367,200,,206.28,yolo26m_fp16,true,17.53,60.67,0.01,4
../../val2017/000000461573.jpg,1789050473369,200,,98.90,yolo26n_int8,true,17.68,14.29,0.01,1
../../val2017/000000461751.jpg,1789050473380,200,,98.33,yolo26n_int8,true,13.26,18.13,0.01,2
../../val2017/000000457884.jpg,1789050473391,200,,206.31,yolo26m_fp16,true,17.94,64.58,0.01,7
../../val2017/000000462629.jpg,1789050473392,200,,94.44,yolo26n_int8,true,14.90,19.25,0.01,6
../../val2017/000000462728.jpg,1789050473400,200,,91.58,yolo26n_int8,true,13.02,19.25,0.01,2
../../val2017/000000463522.jpg,1789050473414,200,,94.18,yolo26n_int8,true,14.55,16.53,0.01,7
../../val2017/000000458410.jpg,1789050473417,200,,206.68,yolo26m_fp16,true,16.60,69.83,0.01,11
../../val2017/000000463618.jpg,1789050473429,200,,96.49,yolo26n_int8,true,15.96,13.26,0.01,4
../../val2017/000000464358.jpg,1789050473441,200,,98.28,yolo26n_int8,true,15.23,23.76,0.01,2
../../val2017/000000460494.jpg,1789050473446,200,,204.43,yolo26m_fp16,true,14.65,74.14,0.01,8
../../val2017/000000465430.jpg,1789050473451,200,,94.35,yolo26n_int8,true,14.92,18.61,0.01,3
../../val2017/000000465585.jpg,1789050473460,200,,93.36,yolo26n_int8,true,11.01,22.81,0.01,2
../../val2017/000000460927.jpg,1789050473473,200,,209.81,yolo26m_fp16,true,13.21,81.97,0.01,1
../../val2017/000000469192.jpg,1789050473473,200,,92.75,yolo26n_int8,true,16.65,10.68,0.01,8
../../val2017/000000471991.jpg,1789050473490,200,,97.19,yolo26n_int8,true,14.19,12.34,0.01,1
../../val2017/000000462614.jpg,1789050473499,200,,209.91,yolo26m_fp16,true,17.95,65.79,0.01,7
../../val2017/000000472623.jpg,1789050473499,200,,97.07,yolo26n_int8,true,15.98,19.27,0.01,4
../../val2017/000000473015.jpg,1789050473507,200,,92.45,yolo26n_int8,true,9.14,19.75,0.01,1
../../val2017/000000473821.jpg,1789050473520,200,,90.69,yolo26n_int8,true,13.72,21.59,0.01,4
../../val2017/000000469067.jpg,1789050473526,200,,156.58,yolo26m_fp16,true,12.94,23.99,0.01,4
../../val2017/000000474452.jpg,1789050473542,200,,81.41,yolo26n_int8,true,10.98,12.70,0.01,5
../../val2017/000000463802.jpg,1789050473550,200,,211.25,yolo26m_fp16,true,14.68,76.17,0.01,3
../../val2017/000000473974.jpg,1789050473555,200,,113.94,yolo26n_int8,true,21.98,22.07,0.01,5
../../val2017/000000474293.jpg,1789050473568,200,,116.95,yolo26n_int8,true,19.60,30.95,0.01,1
../../val2017/000000474881.jpg,1789050473578,200,,104.23,yolo26n_int8,true,17.84,19.74,0.01,4
../../val2017/000000463037.jpg,1789050473578,200,,266.34,yolo26m_fp16,true,21.98,121.48,0.01,2
../../val2017/000000476491.jpg,1789050473594,200,,94.88,yolo26n_int8,true,13.90,11.20,0.01,1
../../val2017/000000475572.jpg,1789050473601,200,,110.84,yolo26n_int8,true,11.01,37.87,0.01,4
../../val2017/000000470924.jpg,1789050473610,200,,217.79,yolo26m_fp16,true,17.90,72.00,0.01,53
../../val2017/000000476787.jpg,1789050473615,200,,107.68,yolo26n_int8,true,15.27,8.65,0.01,3
../../val2017/000000477118.jpg,1789050473623,200,,102.21,yolo26n_int8,true,15.73,17.26,0.01,0
../../val2017/000000473121.jpg,1789050473629,200,,211.15,yolo26m_fp16,true,14.11,78.27,0.01,2
../../val2017/000000479596.jpg,1789050473648,200,,92.61,yolo26n_int8,true,19.27,11.67,0.01,3
../../val2017/000000474164.jpg,1789050473652,200,,205.62,yolo26m_fp16,true,24.80,53.33,0.01,3
../../val2017/000000477955.jpg,1789050473659,200,,115.74,yolo26n_int8,true,27.43,17.82,0.01,3
../../val2017/000000479953.jpg,1789050473670,200,,100.91,yolo26n_int8,true,15.00,21.02,0.01,2
../../val2017/000000480212.jpg,1789050473680,200,,101.05,yolo26n_int8,true,15.79,20.41,0.01,3
../../val2017/000000474786.jpg,1789050473681,200,,207.62,yolo26m_fp16,true,30.85,58.18,0.01,7
../../val2017/000000481413.jpg,1789050473693,200,,99.06,yolo26n_int8,true,9.40,21.16,0.01,2
../../val2017/000000476514.jpg,1789050473706,200,,207.11,yolo26m_fp16,true,16.55,61.07,0.01,4
../../val2017/000000482477.jpg,1789050473708,200,,107.57,yolo26n_int8,true,13.87,22.98,0.01,1
../../val2017/000000483999.jpg,1789050473722,200,,107.06,yolo26n_int8,true,15.03,21.70,0.01,20
../../val2017/000000477288.jpg,1789050473729,200,,203.24,yolo26m_fp16,true,19.35,55.20,0.01,18
../../val2017/000000484296.jpg,1789050473733,200,,107.60,yolo26n_int8,true,15.34,14.77,0.01,2
../../val2017/000000484404.jpg,1789050473742,200,,94.10,yolo26n_int8,true,10.74,25.12,0.01,4
../../val2017/000000485027.jpg,1789050473755,200,,96.37,yolo26n_int8,true,13.18,20.30,0.01,3
../../val2017/000000479448.jpg,1789050473759,200,,208.34,yolo26m_fp16,true,16.44,76.46,0.01,14
../../val2017/000000485130.jpg,1789050473763,200,,93.67,yolo26n_int8,true,14.48,13.24,0.01,1
../../val2017/000000485802.jpg,1789050473781,200,,99.80,yolo26n_int8,true,15.21,17.65,0.01,1
../../val2017/000000480122.jpg,1789050473782,200,,203.81,yolo26m_fp16,true,15.72,63.42,0.01,18
../../val2017/000000486112.jpg,1789050473795,200,,101.97,yolo26n_int8,true,19.30,17.64,0.01,2
../../val2017/000000488592.jpg,1789050473807,200,,100.29,yolo26n_int8,true,17.95,15.46,0.01,8
../../val2017/000000482719.jpg,1789050473808,200,,197.58,yolo26m_fp16,true,16.04,61.56,0.01,3
../../val2017/000000489611.jpg,1789050473821,200,,98.78,yolo26n_int8,true,16.50,25.27,0.01,4
../../val2017/000000489842.jpg,1789050473834,200,,100.44,yolo26n_int8,true,11.97,26.17,0.01,15
../../val2017/000000484351.jpg,1789050473834,200,,204.96,yolo26m_fp16,true,13.11,68.92,0.01,28
../../val2017/000000490125.jpg,1789050473845,200,,89.55,yolo26n_int8,true,14.60,12.65,0.01,15
../../val2017/000000489924.jpg,1789050473857,200,,114.69,yolo26n_int8,true,16.08,29.47,0.01,4
../../val2017/000000484893.jpg,1789050473861,200,,208.48,yolo26m_fp16,true,16.17,65.46,0.01,7
../../val2017/000000491213.jpg,1789050473865,200,,99.55,yolo26n_int8,true,13.44,14.44,0.01,3
../../val2017/000000491867.jpg,1789050473880,200,,93.76,yolo26n_int8,true,14.69,13.03,0.01,5
../../val2017/000000485480.jpg,1789050473886,200,,205.82,yolo26m_fp16,true,14.96,75.80,0.01,5
../../val2017/000000492284.jpg,1789050473891,200,,95.17,yolo26n_int8,true,15.54,11.17,0.01,3
../../val2017/000000493799.jpg,1789050473899,200,,91.73,yolo26n_int8,true,11.30,14.63,0.01,4
../../val2017/000000488736.jpg,1789050473914,200,,204.46,yolo26m_fp16,true,15.61,68.55,0.01,3
../../val2017/000000493864.jpg,1789050473914,200,,92.51,yolo26n_int8,true,15.45,14.37,0.01,3
../../val2017/000000495054.jpg,1789050473921,200,,86.65,yolo26n_int8,true,13.80,16.44,0.01,2
../../val2017/000000495448.jpg,1789050473936,200,,90.21,yolo26n_int8,true,15.61,10.90,0.01,0
../../val2017/000000489764.jpg,1789050473939,200,,209.59,yolo26m_fp16,true,14.07,76.91,0.01,4
../../val2017/000000496571.jpg,1789050473948,200,,90.63,yolo26n_int8,true,14.96,13.93,0.01,8
../../val2017/000000499768.jpg,1789050473959,200,,93.78,yolo26n_int8,true,13.92,16.35,0.01,4
../../val2017/000000490936.jpg,1789050473964,200,,204.87,yolo26m_fp16,true,18.81,68.21,0.01,20
../../val2017/000000500464.jpg,1789050473969,200,,89.00,yolo26n_int8,true,14.58,16.91,0.01,1
../../val2017/000000502168.jpg,1789050473981,200,,89.53,yolo26n_int8,true,9.07,17.84,0.01,9
../../val2017/000000491464.jpg,1789050473993,200,,211.80,yolo26m_fp16,true,13.04,75.06,0.01,4
../../val2017/000000502732.jpg,1789050473994,200,,94.52,yolo26n_int8,true,14.62,18.09,0.01,1
../../val2017/000000503841.jpg,1789050474007,200,,92.22,yolo26n_int8,true,13.68,16.41,0.01,2
../../val2017/000000503855.jpg,1789050474017,200,,90.83,yolo26n_int8,true,13.37,13.99,0.01,17
../../val2017/000000492968.jpg,1789050474019,200,,211.40,yolo26m_fp16,true,19.37,71.36,0.01,2
../../val2017/000000505565.jpg,1789050474030,200,,93.86,yolo26n_int8,true,11.68,11.05,0.01,2
../../val2017/000000506178.jpg,1789050474038,200,,89.15,yolo26n_int8,true,14.76,16.28,0.01,2
../../val2017/000000500663.jpg,1789050474047,200,,161.03,yolo26m_fp16,true,13.54,27.24,0.01,4
../../val2017/000000507015.jpg,1789050474049,200,,90.53,yolo26n_int8,true,14.01,14.72,0.01,10
../../val2017/000000508101.jpg,1789050474064,200,,94.31,yolo26n_int8,true,14.61,16.78,0.01,2
../../val2017/000000508586.jpg,1789050474071,200,,90.30,yolo26n_int8,true,9.01,22.17,0.01,5
../../val2017/000000499181.jpg,1789050474075,200,,214.07,yolo26m_fp16,true,16.05,77.20,0.04,12
../../val2017/000000509131.jpg,1789050474082,200,,87.80,yolo26n_int8,true,13.47,19.06,0.01,7
../../val2017/000000509699.jpg,1789050474098,200,,90.70,yolo26n_int8,true,14.88,17.38,0.01,2
../../val2017/000000494913.jpg,1789050474101,200,,266.66,yolo26m_fp16,true,13.54,132.95,0.01,11
../../val2017/000000511999.jpg,1789050474107,200,,76.85,yolo26n_int8,true,9.01,10.68,0.01,6
../../val2017/000000510329.jpg,1789050474121,200,,103.92,yolo26n_int8,true,15.83,22.27,0.01,4
../../val2017/000000502737.jpg,1789050474127,200,,212.46,yolo26m_fp16,true,15.60,77.10,0.01,4
../../val2017/000000512929.jpg,1789050474133,200,,94.48,yolo26n_int8,true,16.30,15.45,0.01,3
../../val2017/000000513567.jpg,1789050474146,200,,81.91,yolo26n_int8,true,15.39,11.88,0.01,10
../../val2017/000000505573.jpg,1789050474151,200,,211.57,yolo26m_fp16,true,15.03,75.95,0.01,1
../../val2017/000000513484.jpg,1789050474157,200,,107.34,yolo26n_int8,true,18.82,15.14,0.01,1
../../val2017/000000513580.jpg,1789050474166,200,,94.85,yolo26n_int8,true,9.94,22.27,0.01,3
../../val2017/000000507797.jpg,1789050474178,200,,213.86,yolo26m_fp16,true,14.03,72.74,0.01,16
../../val2017/000000514797.jpg,1789050474181,200,,98.07,yolo26n_int8,true,15.52,19.72,0.02,4
../../val2017/000000516601.jpg,1789050474193,200,,94.98,yolo26n_int8,true,13.98,16.11,0.01,7
../../val2017/000000517069.jpg,1789050474205,200,,97.35,yolo26n_int8,true,16.15,16.29,0.01,5
../../val2017/000000508639.jpg,1789050474207,200,,214.25,yolo26m_fp16,true,13.58,72.47,0.01,1
../../val2017/000000518770.jpg,1789050474214,200,,92.32,yolo26n_int8,true,16.06,18.78,0.01,10
../../val2017/000000521956.jpg,1789050474227,200,,80.61,yolo26n_int8,true,12.95,11.64,0.01,2
../../val2017/000000511398.jpg,1789050474230,200,,210.68,yolo26m_fp16,true,17.75,65.13,0.01,1
../../val2017/000000520832.jpg,1789050474239,200,,105.68,yolo26n_int8,true,14.04,31.38,0.01,2
../../val2017/000000522751.jpg,1789050474251,200,,93.51,yolo26n_int8,true,15.20,21.42,0.01,4
../../val2017/000000513283.jpg,1789050474256,200,,208.05,yolo26m_fp16,true,14.28,76.78,0.01,4
../../val2017/000000523782.jpg,1789050474261,200,,92.93,yolo26n_int8,true,14.08,20.71,0.01,2
../../val2017/000000525083.jpg,1789050474272,200,,91.22,yolo26n_int8,true,8.36,22.07,0.01,4
../../val2017/000000526728.jpg,1789050474284,200,,90.47,yolo26n_int8,true,15.91,16.13,0.01,7
../../val2017/000000514586.jpg,1789050474284,200,,208.14,yolo26m_fp16,true,19.54,70.28,0.01,6
../../val2017/000000527215.jpg,1789050474296,200,,87.78,yolo26n_int8,true,15.31,10.59,0.01,7
../../val2017/000000530099.jpg,1789050474307,200,,80.19,yolo26n_int8,true,15.20,10.91,0.01,2
../../val2017/000000516871.jpg,1789050474313,200,,212.52,yolo26m_fp16,true,12.78,80.87,0.01,3
../../val2017/000000530052.jpg,1789050474321,200,,106.58,yolo26n_int8,true,12.39,27.39,0.01,0
../../val2017/000000530470.jpg,1789050474328,200,,88.64,yolo26n_int8,true,9.85,22.87,0.01,3
../../val2017/000000520264.jpg,1789050474341,200,,214.35,yolo26m_fp16,true,13.37,80.38,0.01,13
../../val2017/000000531134.jpg,1789050474343,200,,91.49,yolo26n_int8,true,13.85,16.80,0.01,8
../../val2017/000000531495.jpg,1789050474355,200,,91.58,yolo26n_int8,true,14.78,13.70,0.01,0
../../val2017/000000533816.jpg,1789050474365,200,,80.89,yolo26n_int8,true,13.08,10.88,0.01,13
../../val2017/000000522713.jpg,1789050474366,200,,214.48,yolo26m_fp16,true,17.34,76.03,0.01,8
../../val2017/000000535306.jpg,1789050474379,200,,83.10,yolo26n_int8,true,11.17,11.23,0.01,2
../../val2017/000000532761.jpg,1789050474392,200,,119.90,yolo26n_int8,true,16.26,32.23,0.01,7
../../val2017/000000523811.jpg,1789050474397,200,,217.90,yolo26m_fp16,true,14.44,77.82,0.01,1
../../val2017/000000536073.jpg,1789050474400,200,,92.49,yolo26n_int8,true,13.65,16.16,0.01,4
../../val2017/000000540280.jpg,1789050474412,200,,90.79,yolo26n_int8,true,15.97,18.44,0.01,1
../../val2017/000000531135.jpg,1789050474418,200,,162.45,yolo26m_fp16,true,14.76,24.38,0.01,12
../../val2017/000000540466.jpg,1789050474423,200,,94.07,yolo26n_int8,true,14.70,12.32,0.01,1
../../val2017/000000540502.jpg,1789050474437,200,,95.13,yolo26n_int8,true,15.26,12.26,0.01,5
../../val2017/000000541055.jpg,1789050474446,200,,91.34,yolo26n_int8,true,9.81,22.64,0.01,6
../../val2017/000000530466.jpg,1789050474448,200,,217.52,yolo26m_fp16,true,14.32,69.58,0.01,1
../../val2017/000000541634.jpg,1789050474461,200,,94.26,yolo26n_int8,true,17.36,11.16,0.01,5
../../val2017/000000526751.jpg,1789050474474,200,,268.99,yolo26m_fp16,true,13.91,129.67,0.01,7
../../val2017/000000544605.jpg,1789050474475,200,,95.47,yolo26n_int8,true,22.12,15.15,0.01,0
../../val2017/000000544811.jpg,1789050474486,200,,93.14,yolo26n_int8,true,13.66,16.11,0.01,2
../../val2017/000000533536.jpg,1789050474496,200,,212.06,yolo26m_fp16,true,16.30,65.96,0.01,2
../../val2017/000000546325.jpg,1789050474502,200,,101.47,yolo26n_int8,true,17.77,15.44,0.01,2
../../val2017/000000546659.jpg,1789050474510,200,,97.54,yolo26n_int8,true,9.52,24.84,0.01,1
../../val2017/000000537812.jpg,1789050474522,200,,208.69,yolo26m_fp16,true,16.36,66.36,0.01,3
../../val2017/000000546826.jpg,1789050474526,200,,103.41,yolo26n_int8,true,13.65,19.64,0.01,0
../../val2017/000000547144.jpg,1789050474537,200,,99.83,yolo26n_int8,true,17.94,17.90,0.01,7
../../val2017/000000548246.jpg,1789050474553,200,,104.97,yolo26n_int8,true,13.36,17.02,0.01,3
../../val2017/000000540932.jpg,1789050474554,200,,210.30,yolo26m_fp16,true,16.43,63.83,0.01,7
../../val2017/000000548524.jpg,1789050474565,200,,90.30,yolo26n_int8,true,9.39,11.27,0.01,2
../../val2017/000000541123.jpg,1789050474573,200,,207.85,yolo26m_fp16,true,17.16,64.37,0.01,9
../../val2017/000000548339.jpg,1789050474582,200,,121.17,yolo26n_int8,true,19.20,25.32,0.01,2
../../val2017/000000549930.jpg,1789050474593,200,,107.01,yolo26n_int8,true,16.60,19.75,0.01,4
../../val2017/000000545594.jpg,1789050474601,200,,202.67,yolo26m_fp16,true,19.39,58.56,0.01,10
../../val2017/000000550797.jpg,1789050474602,200,,99.06,yolo26n_int8,true,19.89,17.57,0.01,1
../../val2017/000000554266.jpg,1789050474612,200,,89.73,yolo26n_int8,true,11.62,12.08,0.01,1
../../val2017/000000546717.jpg,1789050474628,200,,209.29,yolo26m_fp16,true,33.10,51.16,0.01,6
../../val2017/000000551304.jpg,1789050474634,200,,122.62,yolo26n_int8,true,21.47,28.10,0.02,1
../../val2017/000000547502.jpg,1789050474640,200,,193.13,yolo26m_fp16,true,25.20,39.64,0.01,5
../../val2017/000000554735.jpg,1789050474647,200,,109.88,yolo26n_int8,true,18.94,13.53,0.01,2
../../val2017/000000555412.jpg,1789050474662,200,,107.15,yolo26n_int8,true,14.96,21.14,0.01,1
../../val2017/000000549738.jpg,1789050474669,200,,193.71,yolo26m_fp16,true,19.60,61.89,0.01,11
../../val2017/000000557501.jpg,1789050474672,200,,107.07,yolo26n_int8,true,15.66,26.11,0.01,2
../../val2017/000000559547.jpg,1789050474680,200,,97.56,yolo26n_int8,true,9.21,22.03,0.01,5
../../val2017/000000560178.jpg,1789050474693,200,,100.00,yolo26n_int8,true,17.45,15.08,0.01,2
../../val2017/000000550471.jpg,1789050474696,200,,199.79,yolo26m_fp16,true,19.51,58.42,0.01,2
../../val2017/000000560474.jpg,1789050474706,200,,104.23,yolo26n_int8,true,15.67,9.83,0.01,6
../../val2017/000000561958.jpg,1789050474715,200,,102.06,yolo26n_int8,true,13.98,11.18,0.01,10
../../val2017/000000562443.jpg,1789050474725,200,,90.57,yolo26n_int8,true,15.55,12.25,0.01,1
../../val2017/000000555009.jpg,1789050474727,200,,174.32,yolo26m_fp16,true,18.63,58.84,0.01,8
../../val2017/000000562843.jpg,1789050474737,200,,89.78,yolo26n_int8,true,17.93,10.40,0.01,3
../../val2017/000000563267.jpg,1789050474748,200,,85.89,yolo26n_int8,true,17.47,12.05,0.01,8
../../val2017/000000554328.jpg,1789050474753,200,,226.89,yolo26m_fp16,true,21.93,85.65,0.01,5
../../val2017/000000564091.jpg,1789050474760,200,,87.78,yolo26n_int8,true,18.47,13.42,0.01,3
../../val2017/000000564127.jpg,1789050474772,200,,91.55,yolo26n_int8,true,13.26,23.02,0.01,1
../../val2017/000000564133.jpg,1789050474784,200,,90.11,yolo26n_int8,true,15.20,12.47,0.01,4
../../val2017/000000558114.jpg,1789050474784,200,,210.57,yolo26m_fp16,true,14.97,74.85,0.01,11
../../val2017/000000568147.jpg,1789050474799,200,,93.02,yolo26n_int8,true,13.35,22.70,0.01,3
../../val2017/000000560880.jpg,1789050474804,200,,202.03,yolo26m_fp16,true,14.09,72.92,0.01,3
../../val2017/000000568584.jpg,1789050474810,200,,95.17,yolo26n_int8,true,13.81,21.91,0.05,3
../../val2017/000000568690.jpg,1789050474822,200,,96.76,yolo26n_int8,true,14.46,18.77,0.01,2
../../val2017/000000569273.jpg,1789050474835,200,,97.65,yolo26n_int8,true,9.48,21.26,0.01,6
../../val2017/000000562243.jpg,1789050474836,200,,207.18,yolo26m_fp16,true,15.67,64.67,0.01,2
../../val2017/000000570664.jpg,1789050474848,200,,99.33,yolo26n_int8,true,16.43,21.16,0.01,5
../../val2017/000000562561.jpg,1789050474851,200,,211.28,yolo26m_fp16,true,16.74,63.88,0.01,2
../../val2017/000000575081.jpg,1789050474860,200,,86.65,yolo26n_int8,true,14.85,9.33,0.01,3
../../val2017/000000573391.jpg,1789050474876,200,,115.53,yolo26n_int8,true,17.24,21.94,0.01,1
../../val2017/000000563604.jpg,1789050474877,200,,207.56,yolo26m_fp16,true,16.47,58.39,0.01,11
../../val2017/000000575372.jpg,1789050474885,200,,100.83,yolo26n_int8,true,17.30,18.89,0.01,3
../../val2017/000000576566.jpg,1789050474898,200,,98.74,yolo26n_int8,true,15.08,20.10,0.01,1
../../val2017/000000565012.jpg,1789050474904,200,,207.54,yolo26m_fp16,true,15.34,63.58,0.01,5
../../val2017/000000577735.jpg,1789050474907,200,,96.02,yolo26n_int8,true,15.58,18.86,0.01,2
../../val2017/000000577862.jpg,1789050474922,200,,100.05,yolo26n_int8,true,13.47,15.02,0.01,2
../../val2017/000000575243.jpg,1789050474932,200,,147.66,yolo26m_fp16,true,14.58,24.02,0.01,6
../../val2017/000000577864.jpg,1789050474932,200,,96.80,yolo26n_int8,true,15.01,16.31,0.01,3
../../val2017/000000577976.jpg,1789050474944,200,,95.71,yolo26n_int8,true,13.39,16.31,0.01,4
../../val2017/000000578489.jpg,1789050474955,200,,95.08,yolo26n_int8,true,14.18,20.40,0.01,7
../../val2017/000000571804.jpg,1789050474961,200,,207.35,yolo26m_fp16,true,12.49,81.43,0.02,9
../../val2017/000000578500.jpg,1789050474964,200,,87.06,yolo26n_int8,true,9.24,24.09,0.01,4
../../val2017/000000578967.jpg,1789050474979,200,,93.26,yolo26n_int8,true,15.12,13.76,0.01,1
../../val2017/000000569059.jpg,1789050474983,200,,255.68,yolo26m_fp16,true,18.79,123.66,0.01,6
../../val2017/000000579070.jpg,1789050474991,200,,92.56,yolo26n_int8,true,14.51,12.76,0.01,24
../../val2017/000000581206.jpg,1789050475002,200,,79.37,yolo26n_int8,true,15.22,12.92,0.01,2
../../val2017/000000577584.jpg,1789050475013,200,,209.03,yolo26m_fp16,true,15.11,74.74,0.01,3
../../val2017/000000581317.jpg,1789050475014,200,,81.94,yolo26n_int8,true,20.35,16.38,0.01,2
../../val2017/000000581482.jpg,1789050475022,200,,89.74,yolo26n_int8,true,8.70,19.67,0.01,1
../../val2017/000000581615.jpg,1789050475037,200,,92.30,yolo26n_int8,true,14.47,15.29,0.01,1
../../val2017/000000577932.jpg,1789050475038,200,,201.38,yolo26m_fp16,true,14.24,68.53,0.01,20
../../val2017/000000001818.jpg,1789050475049,200,,93.97,yolo26n_int8,true,13.38,18.73,0.01,3
../../val2017/000000578093.jpg,1789050475064,200,,211.84,yolo26m_fp16,true,14.82,66.87,0.01,7
../../val2017/000000002299.jpg,1789050475064,200,,99.61,yolo26n_int8,true,16.76,19.64,0.01,9
../../val2017/000000004795.jpg,1789050475074,200,,82.65,yolo26n_int8,true,9.15,11.65,0.02,2
../../val2017/000000578922.jpg,1789050475085,200,,207.79,yolo26m_fp16,true,17.96,64.28,0.01,4
../../val2017/000000002587.jpg,1789050475088,200,,107.93,yolo26n_int8,true,20.65,32.58,0.01,1
../../val2017/000000005193.jpg,1789050475100,200,,97.94,yolo26n_int8,true,12.89,25.05,0.01,8
../../val2017/000000005477.jpg,1789050475114,200,,100.66,yolo26n_int8,true,17.68,17.10,0.00,1
../../val2017/000000579900.jpg,1789050475114,200,,209.00,yolo26m_fp16,true,16.01,71.89,0.01,11
../../val2017/000000006471.jpg,1789050475125,200,,102.80,yolo26n_int8,true,11.83,28.45,0.01,9
../../val2017/000000006771.jpg,1789050475139,200,,101.95,yolo26n_int8,true,14.67,22.46,0.01,7
../../val2017/000000581062.jpg,1789050475142,200,,234.64,yolo26m_fp16,true,14.91,77.32,0.01,2
../../val2017/000000008629.jpg,1789050475150,200,,100.01,yolo26n_int8,true,13.68,13.16,0.01,9
../../val2017/000000008844.jpg,1789050475161,200,,97.07,yolo26n_int8,true,13.96,20.36,0.01,3
../../val2017/000000002157.jpg,1789050475170,200,,208.09,yolo26m_fp16,true,15.97,76.09,0.01,19
../../val2017/000000009891.jpg,1789050475170,200,,96.34,yolo26n_int8,true,10.46,21.85,0.01,4
../../val2017/000000010092.jpg,1789050475186,200,,97.85,yolo26n_int8,true,17.04,13.52,0.01,5
../../val2017/000000003501.jpg,1789050475190,200,,206.69,yolo26m_fp16,true,16.45,74.31,0.01,4
../../val2017/000000010583.jpg,1789050475196,200,,95.96,yolo26n_int8,true,14.94,17.47,0.01,2
../../val2017/000000010977.jpg,1789050475208,200,,93.07,yolo26n_int8,true,14.88,18.17,0.01,2
../../val2017/000000010995.jpg,1789050475218,200,,92.19,yolo26n_int8,true,8.16,28.89,0.01,1
../../val2017/000000005992.jpg,1789050475221,200,,207.25,yolo26m_fp16,true,16.10,73.13,0.01,5
../../val2017/000000011511.jpg,1789050475229,200,,89.67,yolo26n_int8,true,16.16,11.99,0.01,6
../../val2017/000000012280.jpg,1789050475241,200,,91.57,yolo26n_int8,true,15.96,13.12,0.01,2
../../val2017/000000009914.jpg,1789050475250,200,,164.37,yolo26m_fp16,true,14.35,27.89,0.01,5
../../val2017/000000013004.jpg,1789050475255,200,,93.53,yolo26n_int8,true,15.79,16.24,0.01,1
../../val2017/000000013201.jpg,1789050475264,200,,94.16,yolo26n_int8,true,14.67,15.22,0.01,2
../../val2017/000000013546.jpg,1789050475275,200,,88.88,yolo26n_int8,true,13.24,19.71,0.01,4
../../val2017/000000008690.jpg,1789050475276,200,,212.44,yolo26m_fp16,true,15.82,74.36,0.01,9
../../val2017/000000014226.jpg,1789050475288,200,,91.48,yolo26n_int8,true,14.07,18.45,0.01,3
../../val2017/000000014888.jpg,1789050475299,200,,90.85,yolo26n_int8,true,12.98,15.53,0.01,0
../../val2017/000000007991.jpg,1789050475301,200,,261.33,yolo26m_fp16,true,17.81,123.77,0.01,5
../../val2017/000000015079.jpg,1789050475308,200,,89.14,yolo26n_int8,true,16.69,15.28,0.01,2
../../val2017/000000015746.jpg,1789050475325,200,,96.42,yolo26n_int8,true,19.77,12.03,0.01,1
../../val2017/000000010764.jpg,1789050475329,200,,214.87,yolo26m_fp16,true,15.91,72.27,0.01,2
../../val2017/000000015956.jpg,1789050475334,200,,92.05,yolo26n_int8,true,15.84,13.96,0.01,4
../../val2017/000000017182.jpg,1789050475346,200,,91.18,yolo26n_int8,true,13.52,17.76,0.01,2
../../val2017/000000011615.jpg,1789050475351,200,,209.38,yolo26m_fp16,true,12.96,75.59,0.01,0
../../val2017/000000017714.jpg,1789050475360,200,,95.23,yolo26n_int8,true,15.35,17.84,0.01,3
../../val2017/000000017959.jpg,1789050475371,200,,94.28,yolo26n_int8,true,18.02,12.23,0.01,4
../../val2017/000000013291.jpg,1789050475378,200,,207.68,yolo26m_fp16,true,15.39,72.65,0.01,8
../../val2017/000000019432.jpg,1789050475385,200,,97.02,yolo26n_int8,true,15.43,16.83,0.01,10
../../val2017/000000020059.jpg,1789050475399,200,,98.00,yolo26n_int8,true,14.93,18.59,0.01,3
../../val2017/000000013597.jpg,1789050475410,200,,218.90,yolo26m_fp16,true,17.62,71.58,0.01,3
../../val2017/000000020571.jpg,1789050475410,200,,101.67,yolo26n_int8,true,16.10,13.01,0.01,4
../../val2017/000000022192.jpg,1789050475422,200,,96.08,yolo26n_int8,true,14.48,21.67,0.01,3
../../val2017/000000015597.jpg,1789050475425,200,,203.13,yolo26m_fp16,true,14.30,67.26,0.01,2
../../val2017/000000023781.jpg,1789050475443,200,,96.39,yolo26n_int8,true,19.87,12.08,0.01,5
../../val2017/000000016958.jpg,1789050475447,200,,196.78,yolo26m_fp16,true,15.25,64.44,0.01,8
../../val2017/000000023230.jpg,1789050475454,200,,120.15,yolo26n_int8,true,23.33,22.09,0.01,2
../../val2017/000000025139.jpg,1789050475468,200,,108.33,yolo26n_int8,true,17.66,27.75,0.01,1
../../val2017/000000017905.jpg,1789050475473,200,,197.56,yolo26m_fp16,true,24.19,52.99,0.01,2
../../val2017/000000025181.jpg,1789050475478,200,,107.34,yolo26n_int8,true,13.96,25.91,0.11,4
../../val2017/000000027696.jpg,1789050475489,200,,103.59,yolo26n_int8,true,15.36,11.37,0.01,4
../../val2017/000000027982.jpg,1789050475502,200,,102.65,yolo26n_int8,true,16.07,18.62,0.01,2
../../val2017/000000020333.jpg,1789050475503,200,,200.13,yolo26m_fp16,true,20.25,56.09,0.01,4
../../val2017/000000030828.jpg,1789050475518,200,,107.86,yolo26n_int8,true,11.80,23.67,0.01,4
../../val2017/000000022705.jpg,1789050475521,200,,191.09,yolo26m_fp16,true,18.42,59.74,0.01,8
../../val2017/000000031322.jpg,1789050475529,200,,104.04,yolo26n_int8,true,18.13,13.45,0.01,7
../../val2017/000000031050.jpg,1789050475542,200,,120.21,yolo26n_int8,true,14.17,20.47,0.01,3
../../val2017/000000025096.jpg,1789050475548,200,,194.94,yolo26m_fp16,true,17.92,70.11,0.01,6
../../val2017/000000032081.jpg,1789050475553,200,,98.08,yolo26n_int8,true,15.97,21.82,0.01,2
../../val2017/000000032285.jpg,1789050475564,200,,95.14,yolo26n_int8,true,17.29,13.43,0.01,1
../../val2017/000000032817.jpg,1789050475578,200,,99.61,yolo26n_int8,true,12.88,17.98,0.01,6
../../val2017/000000025593.jpg,1789050475579,200,,200.50,yolo26m_fp16,true,15.53,63.60,0.01,1
../../val2017/000000032861.jpg,1789050475592,200,,102.76,yolo26n_int8,true,13.67,20.13,0.01,2
../../val2017/000000033005.jpg,1789050475605,200,,102.73,yolo26n_int8,true,16.35,17.42,0.01,2
../../val2017/000000029640.jpg,1789050475605,200,,195.38,yolo26m_fp16,true,13.56,70.10,0.01,31
../../val2017/000000033854.jpg,1789050475611,200,,92.44,yolo26n_int8,true,15.34,16.27,0.01,14
../../val2017/000000035279.jpg,1789050475623,200,,93.03,yolo26n_int8,true,13.32,13.70,0.01,5
../../val2017/000000035682.jpg,1789050475633,200,,90.88,yolo26n_int8,true,16.33,9.54,0.01,9
../../val2017/000000031620.jpg,1789050475634,200,,191.18,yolo26m_fp16,true,15.22,79.18,0.01,9
../../val2017/000000037740.jpg,1789050475644,200,,91.14,yolo26n_int8,true,13.39,12.03,0.01,7
../../val2017/000000038678.jpg,1789050475658,200,,93.78,yolo26n_int8,true,16.04,13.80,0.01,6
../../val2017/000000031817.jpg,1789050475658,200,,211.03,yolo26m_fp16,true,15.93,77.40,0.01,7
../../val2017/000000039551.jpg,1789050475664,200,,85.02,yolo26n_int8,true,15.65,7.42,0.01,3
../../val2017/000000041888.jpg,1789050475679,200,,86.81,yolo26n_int8,true,14.54,11.61,0.01,3
../../val2017/000000034071.jpg,1789050475686,200,,164.84,yolo26m_fp16,true,15.58,24.92,0.01,3
../../val2017/000000042296.jpg,1789050475690,200,,85.15,yolo26n_int8,true,17.29,12.90,0.01,5
../../val2017/000000042888.jpg,1789050475704,200,,92.66,yolo26n_int8,true,14.80,15.12,0.01,0
../../val2017/000000033104.jpg,1789050475710,200,,206.57,yolo26m_fp16,true,15.40,75.29,0.01,5
../../val2017/000000044652.jpg,1789050475715,200,,92.05,yolo26n_int8,true,12.90,25.29,0.01,1
../../val2017/000000045070.jpg,1789050475729,200,,95.18,yolo26n_int8,true,15.86,12.51,0.01,1
../../val2017/000000032811.jpg,1789050475737,200,,263.87,yolo26m_fp16,true,15.77,131.86,0.01,1
../../val2017/000000046497.jpg,1789050475741,200,,97.03,yolo26n_int8,true,15.48,25.69,0.01,3
../../val2017/000000049269.jpg,1789050475753,200,,94.52,yolo26n_int8,true,14.42,23.09,0.01,2
../../val2017/000000050638.jpg,1789050475766,200,,102.02,yolo26n_int8,true,17.52,16.51,0.01,1
../../val2017/000000035770.jpg,1789050475767,200,,219.21,yolo26m_fp16,true,14.45,76.84,0.01,5
../../val2017/000000050828.jpg,1789050475783,200,,103.58,yolo26n_int8,true,16.71,19.02,0.01,3
../../val2017/000000039477.jpg,1789050475793,200,,214.74,yolo26m_fp16,true,14.21,74.64,0.01,11
../../val2017/000000051961.jpg,1789050475794,200,,103.81,yolo26n_int8,true,13.06,22.01,0.01,1
../../val2017/000000052462.jpg,1789050475811,200,,107.35,yolo26n_int8,true,13.30,20.23,0.01,2
../../val2017/000000054605.jpg,1789050475821,200,,105.76,yolo26n_int8,true,16.91,22.08,0.01,9
../../val2017/000000042563.jpg,1789050475822,200,,216.01,yolo26m_fp16,true,17.61,71.11,0.01,1
../../val2017/000000054967.jpg,1789050475834,200,,104.51,yolo26n_int8,true,13.61,21.58,0.01,12
../../val2017/000000045472.jpg,1789050475843,200,,206.68,yolo26m_fp16,true,15.17,71.42,0.01,15
../../val2017/000000057672.jpg,1789050475848,200,,94.75,yolo26n_int8,true,12.90,10.76,0.01,9
../../val2017/000000057150.jpg,1789050475861,200,,118.99,yolo26n_int8,true,15.85,42.08,0.01,10
../../val2017/000000047585.jpg,1789050475864,200,,205.98,yolo26m_fp16,true,14.67,64.04,0.01,8
../../val2017/000000057760.jpg,1789050475872,200,,105.52,yolo26n_int8,true,14.94,25.84,0.01,11
../../val2017/000000058655.jpg,1789050475884,200,,100.58,yolo26n_int8,true,12.94,17.44,0.01,1
../../val2017/000000050844.jpg,1789050475896,200,,210.15,yolo26m_fp16,true,16.93,69.77,0.01,3
../../val2017/000000060835.jpg,1789050475898,200,,103.97,yolo26n_int8,true,14.89,16.41,0.01,1
../../val2017/000000061108.jpg,1789050475909,200,,97.15,yolo26n_int8,true,13.89,15.18,0.01,2
../../val2017/000000061333.jpg,1789050475922,200,,101.10,yolo26n_int8,true,13.42,23.58,0.01,2
../../val2017/000000058384.jpg,1789050475925,200,,155.66,yolo26m_fp16,true,15.10,29.07,0.02,3
../../val2017/000000061747.jpg,1789050475932,200,,97.36,yolo26n_int8,true,14.49,11.85,0.01,2
../../val2017/000000063047.jpg,1789050475948,200,,100.01,yolo26n_int8,true,16.73,11.81,0.01,4
../../val2017/000000055950.jpg,1789050475951,200,,214.15,yolo26m_fp16,true,16.91,72.91,0.01,3
../../val2017/000000063552.jpg,1789050475955,200,,94.27,yolo26n_int8,true,14.19,15.92,0.01,1
../../val2017/000000064499.jpg,1789050475967,200,,94.85,yolo26n_int8,true,14.52,12.49,0.01,1
../../val2017/000000064523.jpg,1789050475976,200,,91.37,yolo26n_int8,true,15.00,13.42,0.01,14
../../val2017/000000053909.jpg,1789050475978,200,,267.82,yolo26m_fp16,true,16.99,124.25,0.01,3
../../val2017/000000065350.jpg,1789050475994,200,,95.37,yolo26n_int8,true,14.55,13.45,0.01,6
../../val2017/000000065455.jpg,1789050476003,200,,93.83,yolo26n_int8,true,13.46,21.36,0.01,7
../../val2017/000000062025.jpg,1789050476004,200,,160.88,yolo26m_fp16,true,14.69,25.77,0.01,4
../../val2017/000000066038.jpg,1789050476012,200,,89.10,yolo26n_int8,true,14.39,11.35,0.01,12
../../val2017/000000066706.jpg,1789050476024,200,,91.70,yolo26n_int8,true,15.37,15.41,0.01,3
../../val2017/000000066841.jpg,1789050476034,200,,85.09,yolo26n_int8,true,14.62,14.13,0.01,0
../../val2017/000000064462.jpg,1789050476037,200,,172.72,yolo26m_fp16,true,15.71,26.70,0.01,2
../../val2017/000000060823.jpg,1789050476058,200,,264.23,yolo26m_fp16,true,17.91,121.04,0.01,29
../../val2017/000000067616.jpg,1789050476058,200,,102.88,yolo26n_int8,true,21.53,11.18,0.01,9
../../val2017/000000068093.jpg,1789050476072,200,,103.98,yolo26n_int8,true,15.83,22.18,0.01,4
../../val2017/000000061418.jpg,1789050476077,200,,255.29,yolo26m_fp16,true,15.54,121.00,0.01,15
../../val2017/000000069138.jpg,1789050476079,200,,84.25,yolo26n_int8,true,7.80,28.09,0.01,2
../../val2017/000000068286.jpg,1789050476096,200,,120.31,yolo26n_int8,true,18.12,31.70,0.01,1
../../val2017/000000064718.jpg,1789050476099,200,,202.46,yolo26m_fp16,true,20.71,56.15,0.01,3
../../val2017/000000070048.jpg,1789050476112,200,,108.96,yolo26n_int8,true,14.33,25.90,0.01,5
../../val2017/000000071451.jpg,1789050476123,200,,110.49,yolo26n_int8,true,13.01,24.70,0.01,1
../../val2017/000000066523.jpg,1789050476125,200,,199.70,yolo26m_fp16,true,17.47,58.10,0.01,1
../../val2017/000000073153.jpg,1789050476132,200,,108.52,yolo26n_int8,true,15.16,25.45,0.01,1
../../val2017/000000074646.jpg,1789050476144,200,,109.97,yolo26n_int8,true,13.80,22.11,0.01,6
../../val2017/000000067310.jpg,1789050476151,200,,199.42,yolo26m_fp16,true,17.82,62.90,0.01,5
../../val2017/000000076547.jpg,1789050476159,200,,100.11,yolo26n_int8,true,14.22,11.30,0.01,5
../../val2017/000000076731.jpg,1789050476169,200,,97.53,yolo26n_int8,true,9.66,23.46,0.01,0
../../val2017/000000068833.jpg,1789050476178,200,,199.28,yolo26m_fp16,true,15.37,64.33,0.01,7
../../val2017/000000077460.jpg,1789050476179,200,,101.76,yolo26n_int8,true,15.87,17.05,0.01,8
../../val2017/000000078426.jpg,1789050476194,200,,96.97,yolo26n_int8,true,15.86,18.91,0.01,1
../../val2017/000000070774.jpg,1789050476204,200,,199.45,yolo26m_fp16,true,13.22,74.65,0.01,1
../../val2017/000000078959.jpg,1789050476207,200,,94.33,yolo26n_int8,true,14.52,18.38,0.01,0
../../val2017/000000079031.jpg,1789050476218,200,,95.61,yolo26n_int8,true,15.69,12.83,0.01,2
../../val2017/000000079588.jpg,1789050476228,200,,95.17,yolo26n_int8,true,14.65,18.59,0.01,5
../../val2017/000000076416.jpg,1789050476230,200,,192.44,yolo26m_fp16,true,16.55,68.14,0.01,4
../../val2017/000000079837.jpg,1789050476242,200,,98.38,yolo26n_int8,true,15.67,15.20,0.01,4
../../val2017/000000080932.jpg,1789050476255,200,,94.65,yolo26n_int8,true,17.28,13.52,0.01,7
../../val2017/000000076625.jpg,1789050476257,200,,198.67,yolo26m_fp16,true,17.96,69.20,0.01,12
../../val2017/000000080949.jpg,1789050476262,200,,92.32,yolo26n_int8,true,14.03,17.49,0.01,2
../../val2017/000000082807.jpg,1789050476274,200,,94.52,yolo26n_int8,true,16.06,11.32,0.01,2
../../val2017/000000078420.jpg,1789050476286,200,,206.54,yolo26m_fp16,true,16.70,75.06,0.01,3
../../val2017/000000082812.jpg,1789050476287,200,,92.57,yolo26n_int8,true,13.42,16.73,0.02,10
../../val2017/000000083540.jpg,1789050476304,200,,97.86,yolo26n_int8,true,14.46,14.76,0.01,1
../../val2017/000000078823.jpg,1789050476307,200,,207.70,yolo26m_fp16,true,15.10,73.30,0.01,6
../../val2017/000000085089.jpg,1789050476312,200,,92.75,yolo26n_int8,true,20.82,14.64,0.01,4
../../val2017/000000085823.jpg,1789050476326,200,,95.80,yolo26n_int8,true,14.46,15.59,0.01,3
../../val2017/000000087244.jpg,1789050476336,200,,93.55,yolo26n_int8,true,15.93,21.56,0.01,2
../../val2017/000000079565.jpg,1789050476337,200,,211.97,yolo26m_fp16,true,16.85,75.41,0.01,2
../../val2017/000000087476.jpg,1789050476343,200,,87.71,yolo26n_int8,true,9.77,16.79,0.01,11
../../val2017/000000087875.jpg,1789050476356,200,,93.48,yolo26n_int8,true,12.25,13.37,0.01,1
../../val2017/000000088250.jpg,1789050476367,200,,92.45,yolo26n_int8,true,15.05,10.85,0.01,2
../../val2017/000000080274.jpg,1789050476368,200,,216.43,yolo26m_fp16,true,17.77,73.90,0.01,2
../../val2017/000000089045.jpg,1789050476372,200,,67.88,yolo26n_int8,true,10.61,9.22,0.01,2
../../val2017/000000088265.jpg,1789050476390,200,,104.04,yolo26n_int8,true,13.61,17.76,0.01,1
../../val2017/000000081738.jpg,1789050476394,200,,215.90,yolo26m_fp16,true,14.05,77.41,0.01,5
../../val2017/000000090155.jpg,1789050476400,200,,87.93,yolo26n_int8,true,15.00,9.94,0.01,1
../../val2017/000000090631.jpg,1789050476413,200,,86.56,yolo26n_int8,true,13.96,18.55,0.01,1
../../val2017/000000091495.jpg,1789050476424,200,,87.38,yolo26n_int8,true,17.02,18.05,0.01,3
../../val2017/000000084664.jpg,1789050476425,200,,217.89,yolo26m_fp16,true,16.72,80.46,0.01,4
../../val2017/000000092177.jpg,1789050476436,200,,92.67,yolo26n_int8,true,8.72,25.57,0.01,1
../../val2017/000000092660.jpg,1789050476447,200,,91.01,yolo26n_int8,true,14.03,16.94,0.01,1
../../val2017/000000085329.jpg,1789050476451,200,,223.27,yolo26m_fp16,true,14.63,87.53,0.01,2
../../val2017/000000093261.jpg,1789050476457,200,,89.74,yolo26n_int8,true,21.20,8.89,0.01,3
../../val2017/000000094336.jpg,1789050476468,200,,94.89,yolo26n_int8,true,16.64,15.65,0.01,3
../../val2017/000000087742.jpg,1789050476478,200,,220.66,yolo26m_fp16,true,15.32,81.91,0.01,3
../../val2017/000000094614.jpg,1789050476480,200,,89.58,yolo26n_int8,true,15.39,19.40,0.01,1
../../val2017/000000095899.jpg,1789050476494,200,,93.78,yolo26n_int8,true,13.42,13.45,0.01,1
../../val2017/000000096001.jpg,1789050476502,200,,89.38,yolo26n_int8,true,9.25,21.87,0.01,0
../../val2017/000000088432.jpg,1789050476505,200,,214.85,yolo26m_fp16,true,12.91,79.65,0.01,4
../../val2017/000000096825.jpg,1789050476519,200,,94.31,yolo26n_int8,true,13.45,18.76,0.01,1
../../val2017/000000089880.jpg,1789050476526,200,,219.01,yolo26m_fp16,true,17.93,72.39,0.01,2
../../val2017/000000097230.jpg,1789050476533,200,,96.94,yolo26n_int8,true,16.22,19.72,0.01,2
../../val2017/000000097278.jpg,1789050476545,200,,97.44,yolo26n_int8,true,13.45,23.11,0.01,1
../../val2017/000000090956.jpg,1789050476552,200,,215.11,yolo26m_fp16,true,15.52,71.40,0.01,2
../../val2017/000000097994.jpg,1789050476556,200,,99.36,yolo26n_int8,true,15.80,22.21,0.01,8
../../val2017/000000098287.jpg,1789050476569,200,,101.03,yolo26n_int8,true,10.04,21.73,0.01,8
../../val2017/000000094185.jpg,1789050476581,200,,212.48,yolo26m_fp16,true,16.12,67.68,0.01,11
../../val2017/000000098520.jpg,1789050476582,200,,101.62,yolo26n_int8,true,14.54,16.63,0.01,2
../../val2017/000000099182.jpg,1789050476595,200,,100.71,yolo26n_int8,true,17.42,20.69,0.02,2
../../val2017/000000099428.jpg,1789050476604,200,,101.58,yolo26n_int8,true,15.35,13.74,0.01,1
../../val2017/000000094852.jpg,1789050476611,200,,216.32,yolo26m_fp16,true,15.61,60.65,0.01,2
../../val2017/000000101068.jpg,1789050476616,200,,96.90,yolo26n_int8,true,14.08,17.08,0.01,2
../../val2017/000000103585.jpg,1789050476627,200,,93.59,yolo26n_int8,true,10.49,23.99,0.01,5
../../val2017/000000096549.jpg,1789050476629,200,,204.14,yolo26m_fp16,true,14.28,77.57,0.01,1
../../val2017/000000104424.jpg,1789050476651,200,,105.77,yolo26n_int8,true,21.39,11.73,0.01,2
../../val2017/000000097585.jpg,1789050476654,200,,202.61,yolo26m_fp16,true,13.94,70.90,0.01,10
../../val2017/000000108253.jpg,1789050476660,200,,102.31,yolo26n_int8,true,18.83,17.25,0.01,6
../../val2017/000000108440.jpg,1789050476674,200,,105.11,yolo26n_int8,true,18.86,23.98,0.01,1
../../val2017/000000108864.jpg,1789050476684,200,,102.81,yolo26n_int8,true,13.31,25.59,0.01,2
../../val2017/000000098497.jpg,1789050476685,200,,206.70,yolo26m_fp16,true,14.78,73.49,0.01,0
../../val2017/000000110211.jpg,1789050476694,200,,89.09,yolo26n_int8,true,8.44,11.63,0.01,3
../../val2017/000000109916.jpg,1789050476711,200,,115.60,yolo26n_int8,true,14.61,25.96,0.01,3
../../val2017/000000100510.jpg,1789050476713,200,,206.96,yolo26m_fp16,true,18.24,70.98,0.01,4
../../val2017/000000111951.jpg,1789050476723,200,,105.93,yolo26n_int8,true,13.97,18.26,0.01,3
../../val2017/000000112997.jpg,1789050476734,200,,106.44,yolo26n_int8,true,19.45,16.65,0.01,2
../../val2017/000000102331.jpg,1789050476734,200,,207.56,yolo26m_fp16,true,16.81,75.44,0.01,2
../../val2017/000000113589.jpg,1789050476741,200,,89.40,yolo26n_int8,true,16.73,11.31,0.01,7
../../val2017/000000114770.jpg,1789050476752,200,,91.48,yolo26n_int8,true,9.27,17.17,0.01,1
../../val2017/000000105455.jpg,1789050476762,200,,210.03,yolo26m_fp16,true,13.62,79.21,0.01,6
../../val2017/000000116206.jpg,1789050476768,200,,93.48,yolo26n_int8,true,15.94,12.21,0.01,3
../../val2017/000000117914.jpg,1789050476777,200,,92.33,yolo26n_int8,true,18.16,14.51,0.01,1
../../val2017/000000119233.jpg,1789050476788,200,,74.76,yolo26n_int8,true,11.88,12.60,0.01,3
../../val2017/000000109798.jpg,1789050476790,200,,208.05,yolo26m_fp16,true,15.21,77.82,0.01,3
../../val2017/000000118405.jpg,1789050476799,200,,104.65,yolo26n_int8,true,15.40,23.00,0.01,0
../../val2017/000000110784.jpg,1789050476818,200,,206.76,yolo26m_fp16,true,16.36,67.16,0.01,2
../../val2017/000000119516.jpg,1789050476818,200,,94.61,yolo26n_int8,true,18.72,11.12,0.01,3
../../val2017/000000119641.jpg,1789050476824,200,,90.22,yolo26n_int8,true,13.90,16.26,0.01,17
../../val2017/000000119911.jpg,1789050476834,200,,92.97,yolo26n_int8,true,13.42,19.32,0.01,6
../../val2017/000000113235.jpg,1789050476840,200,,211.49,yolo26m_fp16,true,15.34,73.51,0.01,5
../../val2017/000000120584.jpg,1789050476846,200,,93.88,yolo26n_int8,true,14.15,19.07,0.01,1
../../val2017/000000123480.jpg,1789050476860,200,,91.57,yolo26n_int8,true,11.23,27.87,0.01,1
../../val2017/000000113867.jpg,1789050476864,200,,208.53,yolo26m_fp16,true,14.69,66.67,0.01,1
../../val2017/000000123585.jpg,1789050476873,200,,96.48,yolo26n_int8,true,16.40,14.69,0.01,4
../../val2017/000000124636.jpg,1789050476887,200,,98.38,yolo26n_int8,true,18.16,13.05,0.01,2
../../val2017/000000118209.jpg,1789050476890,200,,203.99,yolo26m_fp16,true,13.80,67.48,0.01,2
../../val2017/000000125062.jpg,1789050476897,200,,98.53,yolo26n_int8,true,20.15,13.94,0.01,7
../../val2017/000000125936.jpg,1789050476908,200,,89.70,yolo26n_int8,true,9.60,20.68,0.01,9
../../val2017/000000118594.jpg,1789050476915,200,,202.64,yolo26m_fp16,true,18.96,62.65,0.01,4
../../val2017/000000126107.jpg,1789050476920,200,,95.11,yolo26n_int8,true,13.15,20.26,0.01,5
../../val2017/000000127135.jpg,1789050476936,200,,101.97,yolo26n_int8,true,15.15,11.38,0.01,1
../../val2017/000000119677.jpg,1789050476939,200,,204.82,yolo26m_fp16,true,15.73,65.65,0.01,4
../../val2017/000000128699.jpg,1789050476945,200,,96.82,yolo26n_int8,true,18.26,17.52,0.01,5
../../val2017/000000129135.jpg,1789050476958,200,,97.72,yolo26n_int8,true,14.84,15.50,0.01,2
../../val2017/000000123213.jpg,1789050476967,200,,204.97,yolo26m_fp16,true,13.84,75.41,0.01,14
../../val2017/000000130579.jpg,1789050476970,200,,95.92,yolo26n_int8,true,15.82,23.12,0.01,2
../../val2017/000000131379.jpg,1789050476982,200,,91.60,yolo26n_int8,true,9.74,19.01,0.01,1
../../val2017/000000131938.jpg,1789050476992,200,,94.62,yolo26n_int8,true,13.90,17.11,0.01,2
../../val2017/000000124798.jpg,1789050476998,200,,207.71,yolo26m_fp16,true,17.79,67.61,0.01,17
../../val2017/000000132622.jpg,1789050477002,200,,93.62,yolo26n_int8,true,14.98,13.60,0.01,1
../../val2017/000000133000.jpg,1789050477014,200,,93.56,yolo26n_int8,true,13.93,13.24,0.01,2
../../val2017/000000130386.jpg,1789050477022,200,,157.94,yolo26m_fp16,true,15.73,25.98,0.01,12
../../val2017/000000133343.jpg,1789050477023,200,,83.41,yolo26n_int8,true,9.90,23.16,0.01,2
../../val2017/000000133233.jpg,1789050477033,200,,96.06,yolo26n_int8,true,13.02,10.62,0.01,0
../../val2017/000000133969.jpg,1789050477049,200,,90.40,yolo26n_int8,true,20.22,11.84,0.01,11
../../val2017/000000128051.jpg,1789050477051,200,,210.05,yolo26m_fp16,true,14.08,80.33,0.01,5
../../val2017/000000134112.jpg,1789050477060,200,,89.20,yolo26n_int8,true,17.68,17.54,0.01,2
../../val2017/000000134856.jpg,1789050477071,200,,89.44,yolo26n_int8,true,15.06,20.14,0.01,2
../../val2017/000000125257.jpg,1789050477080,200,,261.68,yolo26m_fp16,true,16.49,127.30,0.02,2
../../val2017/000000134886.jpg,1789050477080,200,,87.46,yolo26n_int8,true,11.79,22.14,0.01,4
../../val2017/000000137106.jpg,1789050477093,200,,91.43,yolo26n_int8,true,14.23,17.91,0.01,1
../../val2017/000000137294.jpg,1789050477104,200,,89.78,yolo26n_int8,true,13.05,16.95,0.01,1
../../val2017/000000133645.jpg,1789050477106,200,,161.30,yolo26m_fp16,true,13.93,25.62,0.01,5
../../val2017/000000138492.jpg,1789050477113,200,,90.34,yolo26n_int8,true,14.70,10.06,0.01,2
../../val2017/000000139077.jpg,1789050477125,200,,92.55,yolo26n_int8,true,16.56,15.17,0.01,2
../../val2017/000000132931.jpg,1789050477135,200,,219.80,yolo26m_fp16,true,15.52,79.98,0.01,3
../../val2017/000000140076.jpg,1789050477136,200,,86.92,yolo26n_int8,true,13.24,14.58,0.01,8
../../val2017/000000140270.jpg,1789050477149,200,,88.73,yolo26n_int8,true,15.64,15.03,0.01,2
../../val2017/000000140556.jpg,1789050477161,200,,88.95,yolo26n_int8,true,15.44,13.51,0.01,4
../../val2017/000000130826.jpg,1789050477165,200,,278.17,yolo26m_fp16,true,14.60,138.27,0.01,8
../../val2017/000000140840.jpg,1789050477168,200,,88.46,yolo26n_int8,true,14.38,16.07,0.01,9
../../val2017/000000143068.jpg,1789050477182,200,,78.38,yolo26n_int8,true,13.68,11.61,0.01,5
../../val2017/000000134096.jpg,1789050477188,200,,219.94,yolo26m_fp16,true,20.16,71.60,0.01,4
../../val2017/000000142092.jpg,1789050477192,200,,98.22,yolo26n_int8,true,14.21,25.17,0.01,1
../../val2017/000000144003.jpg,1789050477200,200,,86.57,yolo26n_int8,true,11.52,17.71,0.01,7
../../val2017/000000135561.jpg,1789050477216,200,,215.59,yolo26m_fp16,true,13.43,82.55,0.01,7
../../val2017/000000144784.jpg,1789050477218,200,,91.67,yolo26n_int8,true,15.40,21.65,0.01,1
../../val2017/000000144798.jpg,1789050477226,200,,90.35,yolo26n_int8,true,14.61,14.39,0.01,1
../../val2017/000000146358.jpg,1789050477239,200,,89.89,yolo26n_int8,true,13.60,19.00,0.01,4
../../val2017/000000138856.jpg,1789050477246,200,,222.61,yolo26m_fp16,true,17.69,68.16,0.01,1
../../val2017/000000146457.jpg,1789050477250,200,,89.43,yolo26n_int8,true,14.47,20.20,0.02,11
../../val2017/000000146498.jpg,1789050477262,200,,93.63,yolo26n_int8,true,9.95,12.48,0.01,0
../../val2017/000000143961.jpg,1789050477273,200,,166.40,yolo26m_fp16,true,13.15,27.53,0.01,21
../../val2017/000000146667.jpg,1789050477278,200,,94.90,yolo26n_int8,true,15.49,20.34,0.01,12
../../val2017/000000148730.jpg,1789050477293,200,,92.62,yolo26n_int8,true,15.74,13.42,0.01,0
../../val2017/000000141328.jpg,1789050477295,200,,214.69,yolo26m_fp16,true,16.25,67.16,0.01,13
../../val2017/000000147498.jpg,1789050477305,200,,112.78,yolo26n_int8,true,14.98,33.26,0.01,0
../../val2017/000000150224.jpg,1789050477317,200,,100.38,yolo26n_int8,true,17.75,27.92,0.01,8
../../val2017/000000140203.jpg,1789050477322,200,,270.41,yolo26m_fp16,true,18.31,122.12,0.01,7
../../val2017/000000151051.jpg,1789050477323,200,,97.12,yolo26n_int8,true,8.85,26.61,0.01,1
../../val2017/000000151480.jpg,1789050477337,200,,97.57,yolo26n_int8,true,13.68,11.16,0.01,7
../../val2017/000000151662.jpg,1789050477350,200,,99.27,yolo26n_int8,true,15.71,11.59,0.01,1
../../val2017/000000145620.jpg,1789050477353,200,,216.57,yolo26m_fp16,true,18.75,73.85,0.01,4
../../val2017/000000151820.jpg,1789050477361,200,,98.10,yolo26n_int8,true,14.99,11.92,0.01,15
../../val2017/000000152214.jpg,1789050477373,200,,94.79,yolo26n_int8,true,16.23,11.48,0.01,2
../../val2017/000000146489.jpg,1789050477379,200,,212.62,yolo26m_fp16,true,14.02,69.49,0.01,5
../../val2017/000000152740.jpg,1789050477382,200,,86.79,yolo26n_int8,true,14.68,16.10,0.01,14
../../val2017/000000152870.jpg,1789050477392,200,,86.68,yolo26n_int8,true,8.21,17.50,0.01,2
../../val2017/000000147415.jpg,1789050477409,200,,220.80,yolo26m_fp16,true,13.42,85.27,0.01,5
../../val2017/000000153299.jpg,1789050477409,200,,91.70,yolo26n_int8,true,15.51,10.74,0.01,3
../../val2017/000000154087.jpg,1789050477419,200,,95.80,yolo26n_int8,true,15.31,12.39,0.01,4
../../val2017/000000150417.jpg,1789050477433,200,,214.98,yolo26m_fp16,true,18.62,70.98,0.01,10
../../val2017/000000154358.jpg,1789050477434,200,,96.64,yolo26n_int8,true,14.45,18.78,0.01,4
../../val2017/000000154705.jpg,1789050477445,200,,94.53,yolo26n_int8,true,14.25,25.73,0.01,5
../../val2017/000000155154.jpg,1789050477458,200,,96.68,yolo26n_int8,true,18.01,21.58,0.01,0
../../val2017/000000151657.jpg,1789050477461,200,,214.82,yolo26m_fp16,true,15.05,76.23,0.02,3
../../val2017/000000156071.jpg,1789050477473,200,,93.30,yolo26n_int8,true,16.35,14.45,0.01,8
../../val2017/000000151962.jpg,1789050477485,200,,211.02,yolo26m_fp16,true,13.71,69.75,0.01,2
../../val2017/000000156292.jpg,1789050477489,200,,104.60,yolo26n_int8,true,14.60,18.87,0.01,5
../../val2017/000000157365.jpg,1789050477500,200,,107.74,yolo26n_int8,true,19.67,22.52,0.01,5
../../val2017/000000152465.jpg,1789050477504,200,,211.22,yolo26m_fp16,true,13.54,63.32,0.01,1
../../val2017/000000158548.jpg,1789050477517,200,,107.46,yolo26n_int8,true,13.55,21.51,0.01,3
../../val2017/000000158744.jpg,1789050477527,200,,107.09,yolo26n_int8,true,18.01,18.40,0.01,3
../../val2017/000000153632.jpg,1789050477531,200,,208.60,yolo26m_fp16,true,15.10,69.87,0.01,4
../../val2017/000000159791.jpg,1789050477536,200,,103.02,yolo26n_int8,true,22.14,11.75,0.01,4
../../val2017/000000161799.jpg,1789050477549,200,,104.30,yolo26n_int8,true,14.14,17.14,0.01,3
../../val2017/000000155145.jpg,1789050477559,200,,205.45,yolo26m_fp16,true,19.76,64.03,0.01,7
../../val2017/000000161820.jpg,1789050477562,200,,103.71,yolo26n_int8,true,17.92,12.70,0.01,1
../../val2017/000000162366.jpg,1789050477570,200,,95.95,yolo26n_int8,true,12.77,20.86,0.01,0
../../val2017/000000163562.jpg,1789050477584,200,,95.21,yolo26n_int8,true,13.89,22.17,0.01,2
../../val2017/000000155443.jpg,1789050477590,200,,216.53,yolo26m_fp16,true,17.11,69.75,0.01,2
../../val2017/000000163611.jpg,1789050477597,200,,97.02,yolo26n_int8,true,16.30,8.56,0.01,3
../../val2017/000000157756.jpg,1789050477606,200,,196.81,yolo26m_fp16,true,13.21,72.21,0.01,17
../../val2017/000000165351.jpg,1789050477614,200,,86.94,yolo26n_int8,true,17.96,9.41,0.01,0
../../val2017/000000164115.jpg,1789050477627,200,,109.81,yolo26n_int8,true,24.22,20.36,0.01,1
../../val2017/000000159977.jpg,1789050477642,200,,208.29,yolo26m_fp16,true,17.35,65.00,0.06,3
../../val2017/000000166563.jpg,1789050477647,200,,109.96,yolo26n_int8,true,14.53,31.96,0.01,0
../../val2017/000000162035.jpg,1789050477655,200,,193.38,yolo26m_fp16,true,23.15,56.04,0.01,5
../../val2017/000000169996.jpg,1789050477661,200,,98.18,yolo26n_int8,true,18.32,7.26,0.01,11
../../val2017/000000166918.jpg,1789050477675,200,,125.17,yolo26n_int8,true,19.58,31.20,0.01,14
../../val2017/000000170099.jpg,1789050477681,200,,110.49,yolo26n_int8,true,15.55,20.24,0.01,4
../../val2017/000000163290.jpg,1789050477694,200,,209.63,yolo26m_fp16,true,16.24,58.19,0.01,3
../../val2017/000000163682.jpg,1789050477708,200,,201.63,yolo26m_fp16,true,22.60,57.10,0.01,4
../../val2017/000000172083.jpg,1789050477709,200,,110.81,yolo26n_int8,true,15.40,12.15,0.01,0
../../val2017/000000172935.jpg,1789050477717,200,,102.41,yolo26n_int8,true,23.04,9.75,0.01,1
../../val2017/000000170595.jpg,1789050477728,200,,143.78,yolo26n_int8,true,32.58,17.96,0.01,1
../../val2017/000000166426.jpg,1789050477735,200,,203.92,yolo26m_fp16,true,17.70,57.53,0.01,10
../../val2017/000000173371.jpg,1789050477741,200,,114.15,yolo26n_int8,true,17.78,15.26,0.01,10
../../val2017/000000174482.jpg,1789050477752,200,,105.68,yolo26n_int8,true,11.29,12.90,0.01,7
../../val2017/000000169169.jpg,1789050477762,200,,202.72,yolo26m_fp16,true,25.62,49.15,0.01,15
../../val2017/000000175535.jpg,1789050477765,200,,104.10,yolo26n_int8,true,15.11,16.34,0.01,4
../../val2017/000000171740.jpg,1789050477784,200,,194.17,yolo26m_fp16,true,15.23,52.75,0.01,2
../../val2017/000000176606.jpg,1789050477789,200,,107.68,yolo26n_int8,true,18.04,12.36,0.01,2
../../val2017/000000176037.jpg,1789050477798,200,,122.69,yolo26n_int8,true,16.32,24.21,0.01,3
../../val2017/000000172877.jpg,1789050477804,200,,197.93,yolo26m_fp16,true,18.56,61.86,0.01,10
../../val2017/000000177213.jpg,1789050477807,200,,89.96,yolo26n_int8,true,11.59,15.83,0.01,6
../../val2017/000000177065.jpg,1789050477824,200,,114.48,yolo26n_int8,true,17.96,23.70,0.01,9
../../val2017/000000173799.jpg,1789050477832,200,,188.34,yolo26m_fp16,true,15.86,52.54,0.22,22
../../val2017/000000178469.jpg,1789050477840,200,,111.66,yolo26n_int8,true,19.94,11.35,0.01,2
../../val2017/000000179214.jpg,1789050477852,200,,109.82,yolo26n_int8,true,14.44,20.23,0.01,1
../../val2017/000000175251.jpg,1789050477857,200,,198.38,yolo26m_fp16,true,20.38,55.46,0.01,2
../../val2017/000000180560.jpg,1789050477860,200,,107.33,yolo26n_int8,true,15.21,24.95,0.01,3
../../val2017/000000180798.jpg,1789050477874,200,,112.18,yolo26n_int8,true,15.37,20.20,0.01,1
../../val2017/000000176901.jpg,1789050477884,200,,188.93,yolo26m_fp16,true,15.85,69.08,0.01,5
../../val2017/000000181859.jpg,1789050477888,200,,102.89,yolo26n_int8,true,18.78,16.18,0.02,2
../../val2017/000000183127.jpg,1789050477898,200,,99.97,yolo26n_int8,true,12.50,18.83,0.01,2
../../val2017/000000177015.jpg,1789050477910,200,,201.65,yolo26m_fp16,true,17.64,67.22,0.01,4
../../val2017/000000184611.jpg,1789050477911,200,,103.46,yolo26n_int8,true,14.52,19.66,0.01,16
../../val2017/000000184762.jpg,1789050477922,200,,92.63,yolo26n_int8,true,19.02,15.53,0.01,0
../../val2017/000000186449.jpg,1789050477935,200,,94.24,yolo26n_int8,true,13.03,18.98,0.01,6
../../val2017/000000179141.jpg,1789050477936,200,,200.65,yolo26m_fp16,true,13.43,72.78,0.01,8
../../val2017/000000186873.jpg,1789050477945,200,,92.92,yolo26n_int8,true,15.89,15.17,0.01,8
../../val2017/000000190637.jpg,1789050477957,200,,97.24,yolo26n_int8,true,12.75,20.56,0.01,2
../../val2017/000000181796.jpg,1789050477963,200,,196.65,yolo26m_fp16,true,13.57,76.90,0.01,18
../../val2017/000000191614.jpg,1789050477969,200,,94.87,yolo26n_int8,true,17.13,11.96,0.01,3
../../val2017/000000191761.jpg,1789050477979,200,,90.83,yolo26n_int8,true,11.05,22.07,0.01,2
../../val2017/000000182441.jpg,1789050477993,200,,203.42,yolo26m_fp16,true,15.17,75.81,0.01,10
../../val2017/000000192191.jpg,1789050477993,200,,94.57,yolo26n_int8,true,16.28,12.00,0.01,4
../../val2017/000000192964.jpg,1789050477998,200,,87.43,yolo26n_int8,true,14.38,14.46,0.01,2
../../val2017/000000187243.jpg,1789050478016,200,,158.52,yolo26m_fp16,true,13.15,22.36,0.01,5
../../val2017/000000193181.jpg,1789050478017,200,,95.17,yolo26n_int8,true,18.57,12.39,0.01,4
../../val2017/000000194471.jpg,1789050478027,200,,91.12,yolo26n_int8,true,15.84,22.75,0.01,2
../../val2017/000000194940.jpg,1789050478040,200,,81.85,yolo26n_int8,true,17.60,12.67,0.01,7
../../val2017/000000185473.jpg,1789050478044,200,,212.07,yolo26m_fp16,true,14.59,79.05,0.03,16
../../val2017/000000194506.jpg,1789050478050,200,,104.20,yolo26n_int8,true,14.66,21.68,0.01,2
../../val2017/000000196442.jpg,1789050478062,200,,92.62,yolo26n_int8,true,13.22,17.14,0.01,6
../../val2017/000000184400.jpg,1789050478071,200,,266.78,yolo26m_fp16,true,14.69,130.22,0.01,3
../../val2017/000000196843.jpg,1789050478074,200,,95.00,yolo26n_int8,true,14.02,13.01,0.01,4
../../val2017/000000197528.jpg,1789050478088,200,,95.44,yolo26n_int8,true,13.69,15.59,0.01,1
../../val2017/000000191672.jpg,1789050478094,200,,210.21,yolo26m_fp16,true,16.06,66.31,0.01,2
../../val2017/000000198805.jpg,1789050478101,200,,102.79,yolo26n_int8,true,15.02,18.06,0.01,3
../../val2017/000000199442.jpg,1789050478113,200,,94.95,yolo26n_int8,true,11.72,27.05,0.01,2
../../val2017/000000192904.jpg,1789050478117,200,,206.71,yolo26m_fp16,true,13.83,71.74,0.01,9
../../val2017/000000201426.jpg,1789050478126,200,,98.62,yolo26n_int8,true,15.87,16.94,0.01,7
../../val2017/000000201775.jpg,1789050478137,200,,97.14,yolo26n_int8,true,16.92,19.35,0.01,3
../../val2017/000000194216.jpg,1789050478141,200,,205.70,yolo26m_fp16,true,14.04,69.45,0.02,3
../../val2017/000000203389.jpg,1789050478150,200,,99.73,yolo26n_int8,true,19.71,9.88,0.01,9
../../val2017/000000203546.jpg,1789050478157,200,,93.21,yolo26n_int8,true,8.91,17.91,0.01,1
../../val2017/000000195045.jpg,1789050478166,200,,202.08,yolo26m_fp16,true,15.69,59.52,0.01,2
../../val2017/000000204186.jpg,1789050478174,200,,99.91,yolo26n_int8,true,16.63,11.69,0.01,5
../../val2017/000000205776.jpg,1789050478186,200,,97.15,yolo26n_int8,true,15.67,16.95,0.01,1
../../val2017/000000197022.jpg,1789050478193,200,,199.49,yolo26m_fp16,true,14.70,63.22,0.01,2
../../val2017/000000208423.jpg,1789050478200,200,,98.50,yolo26n_int8,true,18.66,17.54,0.01,9
../../val2017/000000208901.jpg,1789050478209,200,,96.14,yolo26n_int8,true,8.89,25.76,0.01,1
../../val2017/000000198928.jpg,1789050478218,200,,201.84,yolo26m_fp16,true,15.25,68.45,0.01,4
../../val2017/000000209753.jpg,1789050478221,200,,94.96,yolo26n_int8,true,14.30,21.52,0.01,1
../../val2017/000000210030.jpg,1789050478234,200,,96.50,yolo26n_int8,true,16.72,17.43,0.01,3
../../val2017/000000202001.jpg,1789050478245,200,,200.05,yolo26m_fp16,true,16.09,70.61,0.01,4
../../val2017/000000211069.jpg,1789050478246,200,,88.72,yolo26n_int8,true,7.72,11.21,0.01,2
../../val2017/000000210520.jpg,1789050478259,200,,108.69,yolo26n_int8,true,18.55,20.58,0.01,9
../../val2017/000000212166.jpg,1789050478270,200,,95.82,yolo26n_int8,true,15.40,16.57,0.01,2
../../val2017/000000203580.jpg,1789050478271,200,,199.69,yolo26m_fp16,true,15.44,69.62,0.01,4
../../val2017/000000213171.jpg,1789050478280,200,,93.84,yolo26n_int8,true,16.25,12.12,0.01,2
../../val2017/000000215072.jpg,1789050478290,200,,89.19,yolo26n_int8,true,8.29,21.33,0.01,5
../../val2017/000000207538.jpg,1789050478298,200,,203.85,yolo26m_fp16,true,18.02,76.03,0.01,1
../../val2017/000000215644.jpg,1789050478302,200,,93.12,yolo26n_int8,true,14.66,16.27,0.01,1
../../val2017/000000217400.jpg,1789050478316,200,,94.61,yolo26n_int8,true,14.23,16.26,0.01,1
../../val2017/000000211674.jpg,1789050478322,200,,156.05,yolo26m_fp16,true,14.03,23.73,0.01,18
../../val2017/000000219485.jpg,1789050478326,200,,92.18,yolo26n_int8,true,15.39,15.45,0.01,1
../../val2017/000000221155.jpg,1789050478341,200,,81.78,yolo26n_int8,true,8.78,14.12,0.01,2
../../val2017/000000210032.jpg,1789050478352,200,,210.72,yolo26m_fp16,true,14.71,75.88,0.02,12
../../val2017/000000219578.jpg,1789050478353,200,,108.08,yolo26n_int8,true,13.65,28.35,0.01,2
../../val2017/000000223090.jpg,1789050478365,200,,93.45,yolo26n_int8,true,14.41,16.64,0.01,1
../../val2017/000000209142.jpg,1789050478373,200,,255.54,yolo26m_fp16,true,19.98,116.63,0.01,16
../../val2017/000000223182.jpg,1789050478380,200,,99.81,yolo26n_int8,true,17.65,12.25,0.01,8
../../val2017/000000223188.jpg,1789050478389,200,,98.81,yolo26n_int8,true,15.17,17.38,0.01,2
../../val2017/000000223959.jpg,1789050478397,200,,94.32,yolo26n_int8,true,8.42,23.08,0.01,2
../../val2017/000000214720.jpg,1789050478397,200,,204.60,yolo26m_fp16,true,21.83,64.29,0.01,10
../../val2017/000000224051.jpg,1789050478414,200,,98.03,yolo26n_int8,true,14.12,21.37,0.01,3
../../val2017/000000215723.jpg,1789050478427,200,,208.96,yolo26m_fp16,true,15.72,75.34,0.01,5
../../val2017/000000224222.jpg,1789050478430,200,,102.88,yolo26n_int8,true,18.19,18.49,0.01,4
../../val2017/000000226171.jpg,1789050478440,200,,86.08,yolo26n_int8,true,15.35,10.71,0.01,5
../../val2017/000000224807.jpg,1789050478452,200,,111.60,yolo26n_int8,true,15.18,31.71,0.01,14
../../val2017/000000220310.jpg,1789050478457,200,,210.02,yolo26m_fp16,true,17.16,77.80,0.01,3
../../val2017/000000226408.jpg,1789050478459,200,,94.44,yolo26n_int8,true,8.51,28.66,0.01,1
../../val2017/000000222455.jpg,1789050478472,200,,201.74,yolo26m_fp16,true,23.13,61.69,0.01,0
../../val2017/000000223789.jpg,1789050478486,200,,186.90,yolo26m_fp16,true,16.11,63.19,0.01,2
../../val2017/000000224119.jpg,1789050478500,200,,172.70,yolo26m_fp16,true,11.71,44.49,0.01,9
../../val2017/000000225670.jpg,1789050478512,200,,160.52,yolo26m_fp16,true,14.60,30.25,0.01,2
