path,timestamp_ms,status_code,error,wall_ms,engine,auto_routed,preprocess_ms,inference_ms,postprocess_ms,num_detections
../../val2017/000000002587.jpg,1789050434966,200,,40.64,yolo26n_int8,true,10.40,6.56,0.01,1
../../val2017/000000005193.jpg,1789050434970,200,,44.54,yolo26n_int8,true,14.43,10.11,0.01,8
../../val2017/000000001818.jpg,1789050434989,200,,64.35,yolo26m_fp16,true,21.88,20.21,0.01,2
../../val2017/000000002299.jpg,1789050434994,200,,67.62,yolo26n_int8,true,24.94,11.75,0.01,9
../../val2017/000000003501.jpg,1789050435008,200,,82.71,yolo26n_int8,true,26.40,16.26,0.01,4
../../val2017/000000005477.jpg,1789050435018,200,,92.80,yolo26m_fp16,true,19.65,48.68,0.01,2
../../val2017/000000006471.jpg,1789050435018,200,,47.29,yolo26n_int8,true,14.85,19.16,0.01,9
../../val2017/000000007991.jpg,1789050435043,200,,48.76,yolo26n_int8,true,14.74,12.99,0.01,1
../../val2017/000000004795.jpg,1789050435044,200,,118.71,yolo26m_fp16,true,13.66,70.16,0.01,5
../../val2017/000000008690.jpg,1789050435063,200,,45.24,yolo26n_int8,true,11.87,13.51,0.01,4
../../val2017/000000002157.jpg,1789050435064,200,,135.98,yolo26m_fp16,true,18.70,89.98,0.01,19
../../val2017/000000008629.jpg,1789050435078,200,,69.25,yolo26n_int8,true,16.84,26.63,0.01,9
../../val2017/000000009891.jpg,1789050435089,200,,45.08,yolo26n_int8,true,15.09,12.89,0.01,4
../../val2017/000000005992.jpg,1789050435093,200,,126.83,yolo26m_fp16,true,15.86,73.67,0.01,5
../../val2017/000000010092.jpg,1789050435098,200,,34.31,yolo26n_int8,true,9.39,11.39,0.01,5
../../val2017/000000009914.jpg,1789050435114,200,,69.50,yolo26m_fp16,true,13.76,18.81,0.01,5
../../val2017/000000010764.jpg,1789050435124,200,,44.91,yolo26n_int8,true,16.30,11.74,0.01,2
../../val2017/000000008844.jpg,1789050435142,200,,124.19,yolo26m_fp16,true,14.08,75.36,0.01,4
../../val2017/000000010995.jpg,1789050435142,200,,49.09,yolo26n_int8,true,14.99,16.38,0.01,1
../../val2017/000000010977.jpg,1789050435145,200,,56.31,yolo26n_int8,true,15.34,30.78,0.01,2
../../val2017/000000011615.jpg,1789050435162,200,,47.42,yolo26n_int8,true,10.22,20.03,0.01,0
../../val2017/000000006771.jpg,1789050435168,200,,178.92,yolo26m_fp16,true,15.61,119.22,0.01,11
../../val2017/000000013004.jpg,1789050435189,200,,46.32,yolo26n_int8,true,16.78,13.16,0.01,1
../../val2017/000000010583.jpg,1789050435196,200,,131.27,yolo26m_fp16,true,20.26,61.08,0.01,4
../../val2017/000000013291.jpg,1789050435200,200,,54.57,yolo26n_int8,true,15.68,20.69,0.01,7
../../val2017/000000013546.jpg,1789050435212,200,,50.24,yolo26n_int8,true,9.64,23.60,0.01,4
../../val2017/000000013597.jpg,1789050435223,200,,54.65,yolo26n_int8,true,13.86,25.75,0.01,1
../../val2017/000000011511.jpg,1789050435228,200,,129.75,yolo26m_fp16,true,13.46,82.10,0.01,10
../../val2017/000000014888.jpg,1789050435245,200,,49.30,yolo26n_int8,true,15.93,12.32,0.01,0
../../val2017/000000012280.jpg,1789050435252,200,,128.05,yolo26m_fp16,true,16.54,71.78,0.01,5
../../val2017/000000015597.jpg,1789050435255,200,,42.26,yolo26n_int8,true,10.41,15.61,0.01,2
../../val2017/000000015746.jpg,1789050435273,200,,49.25,yolo26n_int8,true,16.67,12.61,0.01,1
../../val2017/000000013201.jpg,1789050435276,200,,133.08,yolo26m_fp16,true,16.44,72.47,0.01,2
../../val2017/000000015956.jpg,1789050435290,200,,60.20,yolo26n_int8,true,23.80,15.93,0.01,4
../../val2017/000000017182.jpg,1789050435301,200,,48.04,yolo26n_int8,true,18.40,11.58,0.01,2
../../val2017/000000014226.jpg,1789050435302,200,,112.86,yolo26m_fp16,true,13.63,81.10,0.01,5
../../val2017/000000017905.jpg,1789050435319,200,,45.84,yolo26n_int8,true,15.42,12.65,0.01,2
../../val2017/000000015079.jpg,1789050435328,200,,127.36,yolo26m_fp16,true,12.52,73.38,0.02,3
../../val2017/000000019432.jpg,1789050435336,200,,44.97,yolo26n_int8,true,15.56,9.32,0.01,10
../../val2017/000000020059.jpg,1789050435354,200,,49.52,yolo26n_int8,true,15.50,12.43,0.01,3
../../val2017/000000016958.jpg,1789050435356,200,,110.30,yolo26m_fp16,true,13.86,74.77,0.01,8
../../val2017/000000020571.jpg,1789050435371,200,,50.71,yolo26n_int8,true,17.04,12.49,0.01,4
../../val2017/000000017714.jpg,1789050435378,200,,122.08,yolo26m_fp16,true,14.36,73.28,0.01,8
../../val2017/000000022192.jpg,1789050435384,200,,55.66,yolo26n_int8,true,16.57,24.91,0.01,3
../../val2017/000000017959.jpg,1789050435400,200,,123.09,yolo26m_fp16,true,13.77,64.11,0.01,12
../../val2017/000000025096.jpg,1789050435413,200,,41.84,yolo26n_int8,true,13.46,13.99,0.01,2
../../val2017/000000023230.jpg,1789050435428,200,,74.00,yolo26n_int8,true,20.06,23.08,0.01,2
../../val2017/000000020333.jpg,1789050435429,200,,125.77,yolo26m_fp16,true,18.66,64.23,0.01,4
../../val2017/000000025181.jpg,1789050435435,200,,51.30,yolo26n_int8,true,16.55,18.85,0.01,4
../../val2017/000000027696.jpg,1789050435451,200,,37.84,yolo26n_int8,true,9.81,13.25,0.01,4
../../val2017/000000022705.jpg,1789050435461,200,,124.47,yolo26m_fp16,true,14.29,71.36,0.01,8
../../val2017/000000029640.jpg,1789050435473,200,,44.11,yolo26n_int8,true,13.79,11.86,0.02,10
../../val2017/000000023781.jpg,1789050435483,200,,126.92,yolo26m_fp16,true,14.62,72.70,0.01,8
../../val2017/000000030828.jpg,1789050435486,200,,50.29,yolo26n_int8,true,16.87,17.37,0.01,4
../../val2017/000000031050.jpg,1789050435497,200,,45.47,yolo26n_int8,true,9.90,13.15,0.01,3
../../val2017/000000025139.jpg,1789050435508,200,,129.03,yolo26m_fp16,true,13.82,78.39,0.01,2
../../val2017/000000031620.jpg,1789050435522,200,,48.19,yolo26n_int8,true,16.45,13.38,0.01,4
../../val2017/000000032081.jpg,1789050435531,200,,44.52,yolo26n_int8,true,16.76,13.98,0.01,2
../../val2017/000000025593.jpg,1789050435537,200,,136.91,yolo26m_fp16,true,18.14,67.49,0.01,1
../../val2017/000000032285.jpg,1789050435542,200,,45.06,yolo26n_int8,true,11.16,18.46,0.01,1
../../val2017/000000032811.jpg,1789050435556,200,,48.51,yolo26n_int8,true,14.78,18.52,0.01,1
../../val2017/000000027982.jpg,1789050435564,200,,135.50,yolo26m_fp16,true,14.71,76.35,0.01,2
../../val2017/000000032861.jpg,1789050435579,200,,47.44,yolo26n_int8,true,15.56,12.97,0.01,2
../../val2017/000000033104.jpg,1789050435587,200,,44.58,yolo26n_int8,true,12.04,19.09,0.01,4
../../val2017/000000031322.jpg,1789050435593,200,,132.04,yolo26m_fp16,true,14.04,76.36,0.01,24
../../val2017/000000034071.jpg,1789050435603,200,,38.39,yolo26n_int8,true,14.73,12.62,0.01,0
../../val2017/000000033854.jpg,1789050435618,200,,61.14,yolo26n_int8,true,18.85,23.65,0.01,14
../../val2017/000000031817.jpg,1789050435622,200,,138.56,yolo26m_fp16,true,15.11,85.42,0.01,7
../../val2017/000000035682.jpg,1789050435635,200,,47.34,yolo26n_int8,true,15.82,12.77,0.01,9
../../val2017/000000037740.jpg,1789050435646,200,,42.07,yolo26n_int8,true,14.97,13.83,0.01,7
../../val2017/000000032817.jpg,1789050435650,200,,127.67,yolo26m_fp16,true,14.02,84.46,0.01,6
../../val2017/000000038678.jpg,1789050435664,200,,45.67,yolo26n_int8,true,15.66,11.68,0.01,6
../../val2017/000000033005.jpg,1789050435676,200,,138.92,yolo26m_fp16,true,15.17,80.55,0.01,2
../../val2017/000000039477.jpg,1789050435677,200,,52.22,yolo26n_int8,true,14.85,17.31,0.01,6
../../val2017/000000041888.jpg,1789050435685,200,,39.29,yolo26n_int8,true,8.53,11.23,0.01,3
../../val2017/000000035279.jpg,1789050435698,200,,118.92,yolo26m_fp16,true,13.65,73.45,0.01,13
../../val2017/000000042563.jpg,1789050435706,200,,41.73,yolo26n_int8,true,13.56,8.26,0.01,1
../../val2017/000000044652.jpg,1789050435718,200,,40.43,yolo26n_int8,true,13.85,14.75,0.01,1
../../val2017/000000035770.jpg,1789050435726,200,,132.64,yolo26m_fp16,true,16.03,74.13,0.01,5
../../val2017/000000045070.jpg,1789050435728,200,,42.08,yolo26n_int8,true,7.37,10.45,0.01,1
../../val2017/000000045472.jpg,1789050435748,200,,49.01,yolo26n_int8,true,15.29,12.09,0.01,10
../../val2017/000000039551.jpg,1789050435752,200,,116.43,yolo26m_fp16,true,15.00,69.94,0.01,3
../../val2017/000000047585.jpg,1789050435760,200,,41.64,yolo26n_int8,true,13.05,10.85,0.01,7
../../val2017/000000050638.jpg,1789050435770,200,,41.18,yolo26n_int8,true,9.24,16.91,0.01,1
../../val2017/000000042296.jpg,1789050435778,200,,127.75,yolo26m_fp16,true,14.11,70.15,0.01,5
../../val2017/000000050844.jpg,1789050435794,200,,41.84,yolo26n_int8,true,15.29,12.24,0.01,4
../../val2017/000000042888.jpg,1789050435795,200,,118.36,yolo26m_fp16,true,18.31,64.79,0.01,0
../../val2017/000000051961.jpg,1789050435803,200,,43.11,yolo26n_int8,true,15.16,11.62,0.01,1
../../val2017/000000052462.jpg,1789050435813,200,,42.83,yolo26n_int8,true,8.48,15.88,0.01,2
../../val2017/000000046497.jpg,1789050435820,200,,113.58,yolo26m_fp16,true,14.33,66.38,0.01,6
../../val2017/000000054605.jpg,1789050435841,200,,46.97,yolo26n_int8,true,16.55,10.73,0.01,9
../../val2017/000000049269.jpg,1789050435842,200,,114.19,yolo26m_fp16,true,14.15,62.48,0.01,2
../../val2017/000000057150.jpg,1789050435850,200,,36.71,yolo26n_int8,true,10.99,13.96,0.01,10
../../val2017/000000055950.jpg,1789050435861,200,,57.24,yolo26n_int8,true,15.33,24.40,0.01,3
../../val2017/000000050828.jpg,1789050435870,200,,121.29,yolo26m_fp16,true,16.97,63.52,0.01,3
../../val2017/000000057672.jpg,1789050435870,200,,49.63,yolo26n_int8,true,15.66,16.32,0.01,9
../../val2017/000000058384.jpg,1789050435886,200,,43.24,yolo26n_int8,true,13.94,11.98,0.01,2
../../val2017/000000053909.jpg,1789050435890,200,,111.23,yolo26m_fp16,true,12.80,67.42,0.01,3
../../val2017/000000060823.jpg,1789050435910,200,,48.94,yolo26n_int8,true,14.78,13.07,0.01,10
../../val2017/000000054967.jpg,1789050435912,200,,116.65,yolo26m_fp16,true,11.54,65.88,0.01,19
../../val2017/000000060835.jpg,1789050435918,200,,47.11,yolo26n_int8,true,14.87,12.92,0.01,1
../../val2017/000000061418.jpg,1789050435929,200,,38.68,yolo26n_int8,true,9.62,14.05,0.01,9
../../val2017/000000061333.jpg,1789050435941,200,,55.54,yolo26n_int8,true,16.27,21.98,0.01,2
../../val2017/000000057760.jpg,1789050435941,200,,99.78,yolo26m_fp16,true,13.14,72.32,0.01,19
../../val2017/000000062025.jpg,1789050435956,200,,43.83,yolo26n_int8,true,13.32,15.67,0.01,3
../../val2017/000000058655.jpg,1789050435969,200,,118.74,yolo26m_fp16,true,15.63,59.35,0.01,6
../../val2017/000000063552.jpg,1789050435970,200,,40.01,yolo26n_int8,true,13.15,11.06,0.01,1
../../val2017/000000061108.jpg,1789050435983,200,,111.94,yolo26m_fp16,true,15.02,59.14,0.01,5
../../val2017/000000064499.jpg,1789050435985,200,,41.09,yolo26n_int8,true,16.58,7.50,0.01,1
../../val2017/000000064523.jpg,1789050436003,200,,46.73,yolo26n_int8,true,15.38,12.83,0.01,14
../../val2017/000000061747.jpg,1789050436006,200,,94.92,yolo26m_fp16,true,12.64,60.55,0.01,2
../../val2017/000000064718.jpg,1789050436016,200,,46.99,yolo26n_int8,true,19.03,11.01,0.01,3
../../val2017/000000065455.jpg,1789050436029,200,,45.64,yolo26n_int8,true,14.34,14.17,0.01,7
../../val2017/000000063047.jpg,1789050436033,200,,114.30,yolo26m_fp16,true,15.71,55.66,0.01,7
../../val2017/000000066523.jpg,1789050436042,200,,37.95,yolo26n_int8,true,11.89,10.87,0.01,1
../../val2017/000000066841.jpg,1789050436057,200,,40.52,yolo26n_int8,true,15.69,11.91,0.01,0
../../val2017/000000064462.jpg,1789050436059,200,,117.01,yolo26m_fp16,true,21.11,60.72,0.01,2
../../val2017/000000065350.jpg,1789050436077,200,,106.89,yolo26m_fp16,true,16.14,60.50,0.01,8
../../val2017/000000067310.jpg,1789050436078,200,,48.21,yolo26n_int8,true,13.63,12.61,0.01,4
../../val2017/000000067616.jpg,1789050436086,200,,53.05,yolo26n_int8,true,14.96,16.78,0.01,9
../../val2017/000000068286.jpg,1789050436096,200,,39.13,yolo26n_int8,true,9.85,14.27,0.01,1
../../val2017/000000066038.jpg,1789050436106,200,,120.50,yolo26m_fp16,true,16.07,59.47,0.01,19
../../val2017/000000069138.jpg,1789050436117,200,,39.64,yolo26n_int8,true,13.64,12.16,0.01,2
../../val2017/000000066706.jpg,1789050436127,200,,119.87,yolo26m_fp16,true,13.78,64.71,0.01,6
../../val2017/000000070774.jpg,1789050436129,200,,42.75,yolo26n_int8,true,14.24,11.64,0.01,1
../../val2017/000000071451.jpg,1789050436140,200,,43.19,yolo26n_int8,true,13.84,14.85,0.01,1
../../val2017/000000068093.jpg,1789050436152,200,,109.62,yolo26m_fp16,true,13.84,60.87,0.01,6
../../val2017/000000073153.jpg,1789050436154,200,,47.82,yolo26n_int8,true,14.06,20.62,0.01,1
../../val2017/000000074646.jpg,1789050436172,200,,55.06,yolo26m_fp16,true,12.52,17.35,0.01,9
../../val2017/000000076416.jpg,1789050436175,200,,47.55,yolo26n_int8,true,15.10,11.42,0.01,2
../../val2017/000000076625.jpg,1789050436186,200,,44.74,yolo26n_int8,true,9.10,14.15,0.01,7
../../val2017/000000077460.jpg,1789050436198,200,,43.86,yolo26n_int8,true,13.43,14.98,0.01,8
../../val2017/000000070048.jpg,1789050436200,200,,121.81,yolo26m_fp16,true,14.82,64.14,0.01,5
../../val2017/000000078426.jpg,1789050436209,200,,33.98,yolo26n_int8,true,13.73,10.53,0.01,1
../../val2017/000000078823.jpg,1789050436221,200,,35.22,yolo26n_int8,true,9.82,11.99,0.01,4
../../val2017/000000068833.jpg,1789050436226,200,,165.43,yolo26m_fp16,true,15.77,111.95,0.01,7
../../val2017/000000078959.jpg,1789050436239,200,,40.27,yolo26n_int8,true,11.71,11.97,0.01,0
../../val2017/000000076547.jpg,1789050436252,200,,122.12,yolo26m_fp16,true,13.63,64.78,0.01,6
../../val2017/000000079565.jpg,1789050436252,200,,43.21,yolo26n_int8,true,14.65,15.84,0.01,2
../../val2017/000000079837.jpg,1789050436270,200,,42.95,yolo26n_int8,true,14.46,12.76,0.01,4
../../val2017/000000076731.jpg,1789050436271,200,,119.04,yolo26m_fp16,true,12.97,69.05,0.01,0
../../val2017/000000080274.jpg,1789050436284,200,,44.76,yolo26n_int8,true,11.83,12.41,0.01,2
../../val2017/000000078420.jpg,1789050436293,200,,119.98,yolo26m_fp16,true,13.63,65.92,0.01,3
../../val2017/000000080932.jpg,1789050436301,200,,48.95,yolo26n_int8,true,16.90,10.76,0.01,7
../../val2017/000000081738.jpg,1789050436308,200,,37.58,yolo26n_int8,true,9.91,14.04,0.01,1
../../val2017/000000082812.jpg,1789050436320,200,,36.30,yolo26n_int8,true,11.90,9.81,0.01,10
../../val2017/000000079031.jpg,1789050436323,200,,122.82,yolo26m_fp16,true,13.55,64.13,0.01,2
../../val2017/000000082807.jpg,1789050436340,200,,68.38,yolo26m_fp16,true,12.82,17.27,0.01,5
../../val2017/000000085089.jpg,1789050436341,200,,33.30,yolo26n_int8,true,10.06,9.96,0.01,4
../../val2017/000000084664.jpg,1789050436353,200,,51.43,yolo26n_int8,true,16.86,19.37,0.01,4
../../val2017/000000080949.jpg,1789050436366,200,,112.97,yolo26m_fp16,true,14.89,62.90,0.01,5
../../val2017/000000085329.jpg,1789050436368,200,,47.27,yolo26n_int8,true,12.53,16.92,0.01,2
../../val2017/000000087244.jpg,1789050436376,200,,35.62,yolo26n_int8,true,9.79,12.38,0.01,2
../../val2017/000000079588.jpg,1789050436389,200,,166.45,yolo26m_fp16,true,15.42,101.84,0.01,5
../../val2017/000000087742.jpg,1789050436392,200,,38.31,yolo26n_int8,true,16.81,9.08,0.01,1
../../val2017/000000088250.jpg,1789050436409,200,,40.78,yolo26n_int8,true,13.32,11.31,0.01,2
../../val2017/000000083540.jpg,1789050436410,200,,117.36,yolo26m_fp16,true,14.71,55.68,0.01,2
../../val2017/000000088265.jpg,1789050436420,200,,43.70,yolo26n_int8,true,8.86,13.87,0.01,1
../../val2017/000000085823.jpg,1789050436432,200,,108.64,yolo26m_fp16,true,12.89,59.65,0.01,3
../../val2017/000000088432.jpg,1789050436437,200,,47.65,yolo26n_int8,true,16.94,10.04,0.01,3
../../val2017/000000089880.jpg,1789050436448,200,,39.15,yolo26n_int8,true,13.25,14.82,0.01,3
../../val2017/000000090631.jpg,1789050436457,200,,36.14,yolo26n_int8,true,10.76,13.68,0.01,1
../../val2017/000000087476.jpg,1789050436459,200,,115.62,yolo26m_fp16,true,14.30,62.18,0.01,14
../../val2017/000000087875.jpg,1789050436479,200,,113.30,yolo26m_fp16,true,15.46,53.85,0.01,1
../../val2017/000000091495.jpg,1789050436480,200,,41.92,yolo26n_int8,true,16.30,11.74,0.01,3
../../val2017/000000092177.jpg,1789050436493,200,,44.12,yolo26n_int8,true,13.21,14.02,0.01,1
../../val2017/000000092660.jpg,1789050436501,200,,43.83,yolo26n_int8,true,9.44,18.51,0.01,1
../../val2017/000000089045.jpg,1789050436507,200,,115.19,yolo26m_fp16,true,18.59,61.89,0.01,6
../../val2017/000000090155.jpg,1789050436522,200,,111.12,yolo26m_fp16,true,13.59,58.23,0.01,1
../../val2017/000000094185.jpg,1789050436527,200,,47.60,yolo26n_int8,true,15.20,11.18,0.01,3
../../val2017/000000094614.jpg,1789050436537,200,,43.70,yolo26n_int8,true,14.82,19.01,0.01,1
../../val2017/000000094852.jpg,1789050436547,200,,45.67,yolo26n_int8,true,9.57,12.43,0.01,1
../../val2017/000000090956.jpg,1789050436548,200,,115.88,yolo26m_fp16,true,17.21,57.56,0.01,2
../../val2017/000000095899.jpg,1789050436560,200,,52.53,yolo26n_int8,true,19.63,11.71,0.01,1
../../val2017/000000096549.jpg,1789050436573,200,,45.30,yolo26n_int8,true,13.21,20.46,0.01,1
../../val2017/000000093261.jpg,1789050436573,200,,113.09,yolo26m_fp16,true,13.83,69.87,0.01,4
../../val2017/000000097230.jpg,1789050436591,200,,44.28,yolo26n_int8,true,13.03,12.39,0.01,2
../../val2017/000000094336.jpg,1789050436595,200,,114.65,yolo26m_fp16,true,16.85,61.08,0.01,4
../../val2017/000000097585.jpg,1789050436606,200,,46.17,yolo26n_int8,true,13.76,10.44,0.01,3
../../val2017/000000097994.jpg,1789050436618,200,,44.08,yolo26n_int8,true,15.11,12.26,0.01,8
../../val2017/000000096001.jpg,1789050436624,200,,100.83,yolo26m_fp16,true,14.62,64.78,0.01,6
../../val2017/000000098497.jpg,1789050436630,200,,38.40,yolo26n_int8,true,14.07,8.11,0.01,1
../../val2017/000000098520.jpg,1789050436641,200,,45.97,yolo26n_int8,true,14.24,14.68,0.01,2
../../val2017/000000096825.jpg,1789050436647,200,,109.19,yolo26m_fp16,true,13.50,67.06,0.01,3
../../val2017/000000099428.jpg,1789050436665,200,,46.51,yolo26n_int8,true,14.32,11.12,0.01,1
../../val2017/000000101068.jpg,1789050436674,200,,43.29,yolo26n_int8,true,14.73,10.06,0.01,2
../../val2017/000000099182.jpg,1789050436675,200,,64.91,yolo26m_fp16,true,14.18,22.37,0.01,3
../../val2017/000000102331.jpg,1789050436684,200,,42.70,yolo26n_int8,true,9.62,22.08,0.01,2
../../val2017/000000103585.jpg,1789050436702,200,,54.96,yolo26n_int8,true,15.31,15.72,0.01,5
../../val2017/000000098287.jpg,1789050436703,200,,129.59,yolo26m_fp16,true,15.42,73.67,0.01,10
../../val2017/000000105455.jpg,1789050436715,200,,41.30,yolo26n_int8,true,14.13,12.05,0.01,3
../../val2017/000000097278.jpg,1789050436722,200,,173.20,yolo26m_fp16,true,13.73,120.21,0.01,2
../../val2017/000000108440.jpg,1789050436725,200,,40.32,yolo26n_int8,true,11.22,18.00,0.01,1
../../val2017/000000100510.jpg,1789050436743,200,,119.62,yolo26m_fp16,true,13.93,69.05,0.01,4
../../val2017/000000109798.jpg,1789050436744,200,,40.99,yolo26n_int8,true,15.33,11.55,0.01,3
../../val2017/000000109916.jpg,1789050436762,200,,46.60,yolo26n_int8,true,14.80,10.73,0.01,3
../../val2017/000000104424.jpg,1789050436766,200,,100.50,yolo26m_fp16,true,13.07,67.90,0.01,2
../../val2017/000000110211.jpg,1789050436768,200,,46.27,yolo26n_int8,true,12.80,15.76,0.01,3
../../val2017/000000108253.jpg,1789050436789,200,,113.99,yolo26m_fp16,true,13.41,55.52,0.01,15
../../val2017/000000112997.jpg,1789050436790,200,,45.36,yolo26n_int8,true,17.29,11.43,0.01,2
../../val2017/000000108864.jpg,1789050436806,200,,103.53,yolo26m_fp16,true,16.05,50.07,0.01,2
../../val2017/000000113235.jpg,1789050436807,200,,41.83,yolo26n_int8,true,16.73,6.73,0.01,4
../../val2017/000000113867.jpg,1789050436820,200,,51.27,yolo26n_int8,true,7.90,20.39,0.01,0
../../val2017/000000110784.jpg,1789050436827,200,,97.61,yolo26m_fp16,true,16.85,46.87,0.01,2
../../val2017/000000116206.jpg,1789050436842,200,,49.22,yolo26n_int8,true,15.24,12.39,0.01,3
../../val2017/000000111951.jpg,1789050436853,200,,108.88,yolo26m_fp16,true,12.88,56.95,0.01,5
../../val2017/000000118209.jpg,1789050436853,200,,46.37,yolo26n_int8,true,14.48,10.70,0.01,2
../../val2017/000000118405.jpg,1789050436861,200,,40.73,yolo26n_int8,true,10.19,11.57,0.01,0
../../val2017/000000118594.jpg,1789050436873,200,,45.47,yolo26n_int8,true,16.55,11.62,0.01,2
../../val2017/000000113589.jpg,1789050436878,200,,111.58,yolo26m_fp16,true,13.64,60.37,0.01,7
../../val2017/000000119516.jpg,1789050436894,200,,40.54,yolo26n_int8,true,12.70,12.47,0.01,3
../../val2017/000000114770.jpg,1789050436900,200,,110.48,yolo26m_fp16,true,17.24,60.43,0.01,3
../../val2017/000000119677.jpg,1789050436907,200,,45.28,yolo26n_int8,true,9.34,16.58,0.01,3
../../val2017/000000119911.jpg,1789050436919,200,,45.52,yolo26n_int8,true,14.58,13.47,0.01,6
../../val2017/000000117914.jpg,1789050436924,200,,117.81,yolo26m_fp16,true,14.71,72.33,0.01,2
../../val2017/000000120584.jpg,1789050436928,200,,50.45,yolo26n_int8,true,18.93,18.82,0.01,1
../../val2017/000000123480.jpg,1789050436941,200,,40.51,yolo26n_int8,true,13.02,14.48,0.01,1
../../val2017/000000119233.jpg,1789050436947,200,,104.30,yolo26m_fp16,true,13.87,69.01,0.01,5
../../val2017/000000119641.jpg,1789050436964,200,,110.14,yolo26m_fp16,true,17.03,53.41,0.01,20
../../val2017/000000124636.jpg,1789050436970,200,,50.09,yolo26n_int8,true,16.01,11.00,0.01,2
../../val2017/000000125062.jpg,1789050436980,200,,51.62,yolo26n_int8,true,16.30,21.14,0.01,7
../../val2017/000000123213.jpg,1789050436990,200,,95.85,yolo26m_fp16,true,12.72,65.68,0.01,14
../../val2017/000000125257.jpg,1789050436996,200,,54.87,yolo26n_int8,true,12.21,17.71,0.01,2
../../val2017/000000125936.jpg,1789050437006,200,,58.95,yolo26n_int8,true,19.19,25.25,0.01,9
../../val2017/000000123585.jpg,1789050437018,200,,110.90,yolo26m_fp16,true,15.16,60.66,0.01,6
../../val2017/000000127135.jpg,1789050437022,200,,51.22,yolo26n_int8,true,15.92,12.90,0.01,1
../../val2017/000000128699.jpg,1789050437034,200,,44.02,yolo26n_int8,true,15.51,12.76,0.01,5
../../val2017/000000130386.jpg,1789050437044,200,,37.31,yolo26n_int8,true,14.91,10.95,0.01,5
../../val2017/000000128051.jpg,1789050437049,200,,67.99,yolo26m_fp16,true,13.55,24.82,0.01,5
../../val2017/000000130826.jpg,1789050437067,200,,44.63,yolo26n_int8,true,13.54,12.95,0.01,6
../../val2017/000000126107.jpg,1789050437071,200,,106.98,yolo26m_fp16,true,13.61,72.43,0.01,8
../../val2017/000000131379.jpg,1789050437079,200,,44.81,yolo26n_int8,true,12.85,11.41,0.01,1
../../val2017/000000131938.jpg,1789050437094,200,,48.29,yolo26n_int8,true,15.64,10.80,0.01,2
../../val2017/000000124798.jpg,1789050437096,200,,171.77,yolo26m_fp16,true,14.13,112.30,0.01,17
../../val2017/000000132931.jpg,1789050437109,200,,41.11,yolo26n_int8,true,12.53,12.68,0.01,3
../../val2017/000000129135.jpg,1789050437116,200,,119.48,yolo26m_fp16,true,14.45,62.72,0.01,2
../../val2017/000000133233.jpg,1789050437123,200,,42.86,yolo26n_int8,true,15.46,12.71,0.01,0
../../val2017/000000130579.jpg,1789050437137,200,,118.11,yolo26m_fp16,true,13.59,63.43,0.01,2
../../val2017/000000133645.jpg,1789050437138,200,,40.71,yolo26n_int8,true,14.74,8.32,0.01,2
../../val2017/000000133969.jpg,1789050437150,200,,41.04,yolo26n_int8,true,12.29,12.21,0.01,11
../../val2017/000000132622.jpg,1789050437159,200,,110.15,yolo26m_fp16,true,13.25,60.47,0.01,1
../../val2017/000000134096.jpg,1789050437164,200,,47.81,yolo26n_int8,true,17.50,11.65,0.01,1
../../val2017/000000134856.jpg,1789050437178,200,,40.49,yolo26n_int8,true,15.12,10.70,0.01,2
../../val2017/000000133000.jpg,1789050437184,200,,112.00,yolo26m_fp16,true,12.48,60.90,0.01,5
../../val2017/000000133343.jpg,1789050437201,200,,106.48,yolo26m_fp16,true,13.89,62.92,0.01,2
../../val2017/000000135561.jpg,1789050437202,200,,51.62,yolo26n_int8,true,17.15,11.27,0.01,2
../../val2017/000000137294.jpg,1789050437212,200,,46.60,yolo26n_int8,true,15.92,12.86,0.01,1
../../val2017/000000134112.jpg,1789050437227,200,,104.14,yolo26m_fp16,true,14.22,62.74,0.01,3
../../val2017/000000138492.jpg,1789050437229,200,,50.39,yolo26n_int8,true,16.49,12.00,0.01,2
../../val2017/000000138856.jpg,1789050437243,200,,59.15,yolo26n_int8,true,16.19,17.42,0.01,2
../../val2017/000000134886.jpg,1789050437251,200,,113.50,yolo26m_fp16,true,15.55,58.82,0.01,5
../../val2017/000000140076.jpg,1789050437253,200,,50.31,yolo26n_int8,true,18.34,13.86,0.01,8
../../val2017/000000140270.jpg,1789050437261,200,,33.74,yolo26n_int8,true,9.18,12.06,0.01,2
../../val2017/000000137106.jpg,1789050437273,200,,113.35,yolo26m_fp16,true,13.87,63.52,0.01,2
../../val2017/000000140840.jpg,1789050437290,200,,46.70,yolo26n_int8,true,15.12,12.98,0.01,9
../../val2017/000000143068.jpg,1789050437296,200,,34.16,yolo26n_int8,true,10.19,15.40,0.01,5
../../val2017/000000139077.jpg,1789050437298,200,,96.79,yolo26m_fp16,true,15.26,64.78,0.01,3
../../val2017/000000142092.jpg,1789050437308,200,,54.83,yolo26n_int8,true,16.74,17.87,0.01,1
../../val2017/000000140203.jpg,1789050437324,200,,112.20,yolo26m_fp16,true,14.73,69.17,0.01,7
../../val2017/000000143961.jpg,1789050437324,200,,49.87,yolo26n_int8,true,16.27,13.24,0.01,10
../../val2017/000000144784.jpg,1789050437331,200,,34.55,yolo26n_int8,true,13.86,7.88,0.01,1
../../val2017/000000140556.jpg,1789050437342,200,,112.98,yolo26m_fp16,true,14.49,59.81,0.01,7
../../val2017/000000145620.jpg,1789050437354,200,,45.66,yolo26n_int8,true,14.49,12.48,0.01,4
../../val2017/000000141328.jpg,1789050437365,200,,113.58,yolo26m_fp16,true,14.65,52.90,0.01,13
../../val2017/000000146457.jpg,1789050437372,200,,47.15,yolo26n_int8,true,18.16,9.73,0.01,11
../../val2017/000000146489.jpg,1789050437383,200,,51.84,yolo26n_int8,true,15.11,12.67,0.01,4
../../val2017/000000144003.jpg,1789050437389,200,,98.33,yolo26m_fp16,true,16.87,61.68,0.01,14
../../val2017/000000146498.jpg,1789050437396,200,,52.89,yolo26n_int8,true,15.48,9.11,0.02,0
../../val2017/000000147415.jpg,1789050437410,200,,44.77,yolo26n_int8,true,17.09,12.01,0.01,3
../../val2017/000000144798.jpg,1789050437412,200,,113.45,yolo26m_fp16,true,14.17,61.14,0.01,4
../../val2017/000000146358.jpg,1789050437435,200,,110.28,yolo26m_fp16,true,18.41,44.13,0.01,17
../../val2017/000000148730.jpg,1789050437435,200,,52.40,yolo26n_int8,true,16.70,11.88,0.01,0
../../val2017/000000150417.jpg,1789050437443,200,,46.52,yolo26n_int8,true,12.90,10.62,0.01,8
../../val2017/000000151480.jpg,1789050437453,200,,41.03,yolo26n_int8,true,10.49,14.59,0.01,7
../../val2017/000000146667.jpg,1789050437460,200,,105.45,yolo26m_fp16,true,23.63,54.17,0.01,21
../../val2017/000000147498.jpg,1789050437475,200,,102.73,yolo26m_fp16,true,19.35,49.67,0.01,6
../../val2017/000000151662.jpg,1789050437484,200,,48.81,yolo26n_int8,true,18.04,9.84,0.01,1
../../val2017/000000151820.jpg,1789050437492,200,,48.70,yolo26n_int8,true,14.18,20.24,0.01,15
../../val2017/000000151962.jpg,1789050437503,200,,48.77,yolo26n_int8,true,15.73,9.87,0.01,2
../../val2017/000000150224.jpg,1789050437508,200,,119.22,yolo26m_fp16,true,12.91,68.24,0.01,13
../../val2017/000000152465.jpg,1789050437516,200,,40.42,yolo26n_int8,true,7.54,12.58,0.01,1
../../val2017/000000151051.jpg,1789050437527,200,,116.25,yolo26m_fp16,true,13.12,69.78,0.01,2
../../val2017/000000152870.jpg,1789050437535,200,,42.95,yolo26n_int8,true,13.92,9.02,0.01,2
../../val2017/000000153632.jpg,1789050437549,200,,40.19,yolo26n_int8,true,15.44,11.05,0.01,3
../../val2017/000000151657.jpg,1789050437550,200,,114.72,yolo26m_fp16,true,13.28,62.80,0.01,3
../../val2017/000000153299.jpg,1789050437557,200,,53.23,yolo26n_int8,true,24.18,7.95,0.01,3
../../val2017/000000154358.jpg,1789050437573,200,,45.49,yolo26n_int8,true,8.37,14.53,0.01,4
../../val2017/000000152214.jpg,1789050437575,200,,115.09,yolo26m_fp16,true,14.79,64.04,0.01,2
../../val2017/000000155145.jpg,1789050437591,200,,42.06,yolo26n_int8,true,15.13,11.64,0.01,5
../../val2017/000000152740.jpg,1789050437596,200,,111.14,yolo26m_fp16,true,13.16,57.95,0.01,19
../../val2017/000000155443.jpg,1789050437608,200,,50.49,yolo26n_int8,true,15.35,13.13,0.01,2
../../val2017/000000156292.jpg,1789050437619,200,,43.14,yolo26n_int8,true,9.55,11.38,0.01,5
../../val2017/000000154087.jpg,1789050437620,200,,103.25,yolo26m_fp16,true,12.70,66.12,0.01,5
../../val2017/000000157365.jpg,1789050437631,200,,39.92,yolo26n_int8,true,14.24,11.45,0.01,5
../../val2017/000000157756.jpg,1789050437644,200,,47.78,yolo26n_int8,true,13.26,16.67,0.01,7
../../val2017/000000154705.jpg,1789050437647,200,,111.11,yolo26m_fp16,true,13.12,68.75,0.01,7
../../val2017/000000158744.jpg,1789050437664,200,,44.39,yolo26n_int8,true,13.88,12.20,0.01,3
../../val2017/000000155154.jpg,1789050437667,200,,116.82,yolo26m_fp16,true,13.83,66.69,0.01,1
../../val2017/000000159977.jpg,1789050437676,200,,43.85,yolo26n_int8,true,14.47,11.67,0.01,2
../../val2017/000000156071.jpg,1789050437689,200,,115.75,yolo26m_fp16,true,14.97,56.89,0.01,11
../../val2017/000000161799.jpg,1789050437690,200,,43.50,yolo26n_int8,true,14.03,9.61,0.00,3
../../val2017/000000162035.jpg,1789050437705,200,,41.04,yolo26n_int8,true,14.36,12.89,0.01,2
../../val2017/000000162366.jpg,1789050437717,200,,49.75,yolo26n_int8,true,17.83,17.66,0.01,0
../../val2017/000000158548.jpg,1789050437719,200,,110.70,yolo26m_fp16,true,14.90,63.35,0.01,4
../../val2017/000000163562.jpg,1789050437724,200,,34.55,yolo26n_int8,true,8.09,15.34,0.01,2
../../val2017/000000159791.jpg,1789050437740,200,,119.87,yolo26m_fp16,true,14.36,61.87,0.01,6
../../val2017/000000163682.jpg,1789050437755,200,,47.90,yolo26n_int8,true,15.30,11.29,0.01,3
../../val2017/000000161820.jpg,1789050437758,200,,110.64,yolo26m_fp16,true,14.04,58.62,0.01,3
../../val2017/000000164115.jpg,1789050437773,200,,55.93,yolo26n_int8,true,21.27,11.99,0.01,1
../../val2017/000000165351.jpg,1789050437785,200,,65.75,yolo26n_int8,true,20.14,23.72,0.01,0
../../val2017/000000163290.jpg,1789050437788,200,,112.09,yolo26m_fp16,true,13.64,64.98,0.01,3
../../val2017/000000166563.jpg,1789050437794,200,,53.92,yolo26n_int8,true,8.59,32.94,0.01,0
../../val2017/000000169169.jpg,1789050437808,200,,48.27,yolo26n_int8,true,12.33,18.20,0.01,14
../../val2017/000000163611.jpg,1789050437812,200,,121.65,yolo26m_fp16,true,14.42,57.83,0.01,9
../../val2017/000000170099.jpg,1789050437831,200,,45.08,yolo26n_int8,true,14.63,13.10,0.01,4
../../val2017/000000166426.jpg,1789050437833,200,,108.39,yolo26m_fp16,true,17.10,58.58,0.01,10
../../val2017/000000171740.jpg,1789050437840,200,,46.21,yolo26n_int8,true,10.13,18.51,0.01,3
../../val2017/000000172083.jpg,1789050437853,200,,45.00,yolo26n_int8,true,14.71,14.68,0.01,0
../../val2017/000000166918.jpg,1789050437857,200,,101.43,yolo26m_fp16,true,13.22,65.31,0.01,33
../../val2017/000000172877.jpg,1789050437866,200,,53.41,yolo26n_int8,true,13.85,24.82,0.01,4
../../val2017/000000173371.jpg,1789050437881,200,,47.43,yolo26n_int8,true,17.50,10.10,0.01,10
../../val2017/000000169996.jpg,1789050437882,200,,108.78,yolo26m_fp16,true,14.71,63.62,0.01,11
../../val2017/000000174482.jpg,1789050437893,200,,40.23,yolo26n_int8,true,11.68,11.66,0.01,7
../../val2017/000000170595.jpg,1789050437906,200,,118.00,yolo26m_fp16,true,17.85,60.01,0.01,0
../../val2017/000000175535.jpg,1789050437908,200,,41.58,yolo26n_int8,true,16.62,7.73,0.01,4
../../val2017/000000172935.jpg,1789050437920,200,,89.33,yolo26m_fp16,true,13.01,63.52,0.01,3
../../val2017/000000176901.jpg,1789050437937,200,,43.06,yolo26n_int8,true,18.05,12.35,0.01,3
../../val2017/000000173799.jpg,1789050437950,200,,108.18,yolo26m_fp16,true,14.39,53.65,0.01,22
../../val2017/000000176606.jpg,1789050437952,200,,65.47,yolo26n_int8,true,16.60,25.52,0.01,2
../../val2017/000000177015.jpg,1789050437960,200,,53.33,yolo26n_int8,true,17.92,11.48,0.01,4
../../val2017/000000177213.jpg,1789050437972,200,,50.54,yolo26n_int8,true,15.39,17.20,0.01,6
../../val2017/000000175251.jpg,1789050437974,200,,117.00,yolo26m_fp16,true,17.14,53.90,0.01,2
../../val2017/000000176037.jpg,1789050437990,200,,108.45,yolo26m_fp16,true,13.95,47.27,0.01,8
../../val2017/000000179141.jpg,1789050437992,200,,41.74,yolo26n_int8,true,13.66,9.73,0.01,6
../../val2017/000000180560.jpg,1789050438005,200,,44.92,yolo26n_int8,true,15.49,17.22,0.01,3
../../val2017/000000181796.jpg,1789050438016,200,,41.01,yolo26n_int8,true,13.04,13.66,0.01,4
../../val2017/000000177065.jpg,1789050438018,200,,109.39,yolo26m_fp16,true,15.99,54.29,0.01,12
../../val2017/000000182441.jpg,1789050438029,200,,36.64,yolo26n_int8,true,9.40,11.71,0.01,1
../../val2017/000000178469.jpg,1789050438037,200,,99.80,yolo26m_fp16,true,15.58,55.45,0.01,7
../../val2017/000000183127.jpg,1789050438046,200,,40.70,yolo26n_int8,true,14.88,11.48,0.01,2
../../val2017/000000184400.jpg,1789050438060,200,,43.27,yolo26n_int8,true,13.78,12.63,0.01,1
../../val2017/000000179214.jpg,1789050438062,200,,110.05,yolo26m_fp16,true,14.40,57.85,0.01,1
../../val2017/000000184762.jpg,1789050438074,200,,43.68,yolo26n_int8,true,11.75,17.40,0.01,0
../../val2017/000000180798.jpg,1789050438082,200,,109.83,yolo26m_fp16,true,13.34,65.89,0.01,2
../../val2017/000000186449.jpg,1789050438088,200,,41.32,yolo26n_int8,true,15.47,10.64,0.01,6
../../val2017/000000187243.jpg,1789050438102,200,,39.80,yolo26n_int8,true,12.67,13.33,0.01,2
../../val2017/000000181859.jpg,1789050438104,200,,114.19,yolo26m_fp16,true,13.40,63.36,0.01,3
../../val2017/000000190637.jpg,1789050438112,200,,37.60,yolo26n_int8,true,12.05,15.39,0.01,2
../../val2017/000000184611.jpg,1789050438126,200,,107.23,yolo26m_fp16,true,12.21,58.50,0.01,21
../../val2017/000000191614.jpg,1789050438129,200,,46.23,yolo26n_int8,true,17.55,8.94,0.01,3
../../val2017/000000185473.jpg,1789050438147,200,,109.08,yolo26m_fp16,true,17.00,54.89,0.01,16
../../val2017/000000191761.jpg,1789050438151,200,,49.01,yolo26n_int8,true,21.00,12.26,0.01,2
../../val2017/000000192904.jpg,1789050438162,200,,49.76,yolo26n_int8,true,11.66,22.33,0.01,4
../../val2017/000000186873.jpg,1789050438171,200,,111.13,yolo26m_fp16,true,15.92,51.96,0.01,10
../../val2017/000000193181.jpg,1789050438178,200,,48.65,yolo26n_int8,true,14.05,10.45,0.01,4
../../val2017/000000191672.jpg,1789050438191,200,,102.48,yolo26m_fp16,true,16.75,50.61,0.01,2
../../val2017/000000194471.jpg,1789050438191,200,,39.56,yolo26n_int8,true,17.13,11.04,0.01,2
../../val2017/000000194940.jpg,1789050438205,200,,32.97,yolo26n_int8,true,9.81,12.62,0.01,7
../../val2017/000000192191.jpg,1789050438220,200,,115.11,yolo26m_fp16,true,15.93,59.82,0.01,2
../../val2017/000000194506.jpg,1789050438219,200,,56.50,yolo26n_int8,true,13.96,19.85,0.01,2
../../val2017/000000196442.jpg,1789050438226,200,,35.34,yolo26n_int8,true,12.44,11.42,0.01,6
../../val2017/000000192964.jpg,1789050438242,200,,115.64,yolo26m_fp16,true,14.29,65.77,0.01,2
../../val2017/000000197022.jpg,1789050438250,200,,44.78,yolo26n_int8,true,14.47,10.61,0.01,2
../../val2017/000000198928.jpg,1789050438259,200,,32.21,yolo26n_int8,true,9.26,11.30,0.01,2
../../val2017/000000194216.jpg,1789050438265,200,,117.16,yolo26m_fp16,true,13.95,68.46,0.01,3
../../val2017/000000197528.jpg,1789050438271,200,,51.20,yolo26n_int8,true,14.88,17.09,0.01,1
../../val2017/000000199442.jpg,1789050438284,200,,41.54,yolo26n_int8,true,14.56,12.49,0.01,2
../../val2017/000000195045.jpg,1789050438288,200,,109.18,yolo26m_fp16,true,13.07,62.54,0.01,2
../../val2017/000000201775.jpg,1789050438301,200,,42.37,yolo26n_int8,true,15.44,11.28,0.01,3
../../val2017/000000196843.jpg,1789050438311,200,,119.47,yolo26m_fp16,true,16.75,52.74,0.01,4
../../val2017/000000203389.jpg,1789050438322,200,,50.16,yolo26n_int8,true,16.93,13.16,0.01,9
../../val2017/000000203546.jpg,1789050438332,200,,48.13,yolo26n_int8,true,15.00,14.37,0.01,1
../../val2017/000000198805.jpg,1789050438337,200,,116.45,yolo26m_fp16,true,15.54,57.94,0.01,4
../../val2017/000000203580.jpg,1789050438344,200,,55.15,yolo26n_int8,true,14.94,21.93,0.01,2
../../val2017/000000201426.jpg,1789050438358,200,,107.89,yolo26m_fp16,true,13.97,62.04,0.01,7
../../val2017/000000205776.jpg,1789050438363,200,,51.65,yolo26n_int8,true,17.47,13.19,0.02,1
../../val2017/000000208423.jpg,1789050438375,200,,42.16,yolo26n_int8,true,13.87,14.50,0.01,9
../../val2017/000000202001.jpg,1789050438380,200,,113.08,yolo26m_fp16,true,17.58,60.15,0.01,4
../../val2017/000000209142.jpg,1789050438387,200,,43.02,yolo26n_int8,true,15.27,11.07,0.01,5
../../val2017/000000210030.jpg,1789050438399,200,,35.41,yolo26n_int8,true,11.31,12.67,0.01,3
../../val2017/000000204186.jpg,1789050438408,200,,106.45,yolo26m_fp16,true,17.47,52.38,0.01,9
../../val2017/000000210032.jpg,1789050438416,200,,40.73,yolo26n_int8,true,13.77,11.37,0.01,6
../../val2017/000000207538.jpg,1789050438427,200,,105.04,yolo26m_fp16,true,15.10,61.47,0.01,1
../../val2017/000000210520.jpg,1789050438433,200,,52.75,yolo26n_int8,true,16.74,10.64,0.01,9
../../val2017/000000211674.jpg,1789050438443,200,,43.99,yolo26n_int8,true,11.29,18.92,0.03,6
../../val2017/000000208901.jpg,1789050438448,200,,110.72,yolo26m_fp16,true,18.17,59.87,0.01,1
../../val2017/000000213171.jpg,1789050438466,200,,49.59,yolo26n_int8,true,21.01,13.01,0.01,2
../../val2017/000000209753.jpg,1789050438475,200,,116.52,yolo26m_fp16,true,17.71,61.56,0.01,3
../../val2017/000000215072.jpg,1789050438478,200,,45.23,yolo26n_int8,true,16.07,11.12,0.01,5
../../val2017/000000215644.jpg,1789050438487,200,,43.29,yolo26n_int8,true,9.61,17.81,0.01,1
../../val2017/000000211069.jpg,1789050438503,200,,115.59,yolo26m_fp16,true,17.09,56.21,0.01,3
../../val2017/000000215723.jpg,1789050438503,200,,54.52,yolo26n_int8,true,15.62,20.02,0.01,5
../../val2017/000000212166.jpg,1789050438520,200,,111.70,yolo26m_fp16,true,16.69,61.98,0.01,2
../../val2017/000000219485.jpg,1789050438522,200,,46.35,yolo26n_int8,true,14.29,12.20,0.01,1
../../val2017/000000220310.jpg,1789050438525,200,,38.19,yolo26n_int8,true,13.88,11.48,0.01,1
../../val2017/000000214720.jpg,1789050438539,200,,111.82,yolo26m_fp16,true,16.98,58.42,0.01,10
../../val2017/000000222455.jpg,1789050438550,200,,46.29,yolo26n_int8,true,17.29,10.42,0.01,0
../../val2017/000000217400.jpg,1789050438560,200,,93.39,yolo26m_fp16,true,16.19,51.22,0.01,1
../../val2017/000000223182.jpg,1789050438568,200,,45.96,yolo26n_int8,true,10.32,10.55,0.01,8
../../val2017/000000219578.jpg,1789050438588,200,,109.14,yolo26m_fp16,true,14.26,52.29,0.01,2
../../val2017/000000223188.jpg,1789050438588,200,,62.62,yolo26n_int8,true,15.91,22.64,0.01,2
../../val2017/000000223789.jpg,1789050438596,200,,56.51,yolo26n_int8,true,16.50,25.57,0.01,1
../../val2017/000000221155.jpg,1789050438612,200,,108.98,yolo26m_fp16,true,16.02,54.63,0.01,3
../../val2017/000000224051.jpg,1789050438613,200,,52.03,yolo26n_int8,true,14.48,18.56,0.01,3
../../val2017/000000224222.jpg,1789050438621,200,,33.15,yolo26n_int8,true,8.45,11.77,0.01,4
../../val2017/000000225670.jpg,1789050438635,200,,38.79,yolo26n_int8,true,13.90,12.96,0.01,4
../../val2017/000000223090.jpg,1789050438639,200,,117.70,yolo26m_fp16,true,15.77,62.07,0.01,5
../../val2017/000000226171.jpg,1789050438654,200,,41.00,yolo26n_int8,true,14.79,11.53,0.01,5
../../val2017/000000224807.jpg,1789050438661,200,,72.71,yolo26m_fp16,true,11.55,22.61,0.01,37
../../val2017/000000226417.jpg,1789050438663,200,,41.56,yolo26n_int8,true,10.49,18.85,0.01,15
../../val2017/000000226592.jpg,1789050438681,200,,45.27,yolo26n_int8,true,13.97,12.47,0.01,2
../../val2017/000000224119.jpg,1789050438682,200,,113.12,yolo26m_fp16,true,12.24,69.49,0.01,9
../../val2017/000000227985.jpg,1789050438700,200,,45.46,yolo26n_int8,true,13.52,12.43,0.01,4
../../val2017/000000223959.jpg,1789050438704,200,,153.51,yolo26m_fp16,true,14.77,113.83,0.01,2
../../val2017/000000229747.jpg,1789050438708,200,,44.58,yolo26n_int8,true,11.68,18.69,0.03,1
../../val2017/000000229948.jpg,1789050438722,200,,40.08,yolo26n_int8,true,12.79,12.30,0.01,2
../../val2017/000000226408.jpg,1789050438730,200,,117.50,yolo26m_fp16,true,12.82,63.27,0.01,3
../../val2017/000000227686.jpg,1789050438748,200,,109.16,yolo26m_fp16,true,14.95,48.35,0.01,2
../../val2017/000000231508.jpg,1789050438750,200,,45.58,yolo26n_int8,true,17.74,9.98,0.01,9
../../val2017/000000231169.jpg,1789050438759,200,,58.50,yolo26n_int8,true,19.33,22.26,0.01,1
../../val2017/000000229216.jpg,1789050438773,200,,111.13,yolo26m_fp16,true,13.83,59.88,0.01,3
../../val2017/000000231822.jpg,1789050438773,200,,50.93,yolo26n_int8,true,14.27,15.74,0.01,5
../../val2017/000000232244.jpg,1789050438782,200,,33.44,yolo26n_int8,true,10.41,11.67,0.01,2
../../val2017/000000235778.jpg,1789050438800,200,,41.07,yolo26n_int8,true,16.95,9.53,0.01,2
../../val2017/000000230362.jpg,1789050438801,200,,118.56,yolo26m_fp16,true,17.79,59.97,0.01,5
../../val2017/000000231580.jpg,1789050438815,200,,106.44,yolo26m_fp16,true,14.17,51.79,0.01,11
../../val2017/000000236690.jpg,1789050438819,200,,46.21,yolo26n_int8,true,16.83,11.28,0.01,1
../../val2017/000000237864.jpg,1789050438831,200,,45.01,yolo26n_int8,true,16.35,13.49,0.01,2
../../val2017/000000232088.jpg,1789050438837,200,,106.95,yolo26m_fp16,true,13.01,59.62,0.01,4
../../val2017/000000238039.jpg,1789050438850,200,,49.45,yolo26n_int8,true,14.41,11.80,0.01,1
../../val2017/000000239041.jpg,1789050438860,200,,44.73,yolo26n_int8,true,10.18,22.15,0.01,5
../../val2017/000000235064.jpg,1789050438864,200,,112.77,yolo26m_fp16,true,15.76,54.95,0.01,1
../../val2017/000000239857.jpg,1789050438874,200,,41.99,yolo26n_int8,true,12.92,10.49,0.01,9
../../val2017/000000236426.jpg,1789050438886,200,,112.69,yolo26m_fp16,true,12.11,60.74,0.01,17
../../val2017/000000241297.jpg,1789050438901,200,,50.74,yolo26n_int8,true,17.50,11.46,0.01,1
../../val2017/000000238410.jpg,1789050438911,200,,109.35,yolo26m_fp16,true,13.09,62.64,0.01,34
../../val2017/000000243344.jpg,1789050438911,200,,50.97,yolo26n_int8,true,10.00,22.68,0.01,2
../../val2017/000000243989.jpg,1789050438927,200,,62.63,yolo26n_int8,true,18.30,30.12,0.01,6
../../val2017/000000239537.jpg,1789050438933,200,,113.72,yolo26m_fp16,true,12.69,69.73,0.01,3
../../val2017/000000244496.jpg,1789050438937,200,,51.17,yolo26n_int8,true,17.94,22.44,0.01,2
../../val2017/000000240250.jpg,1789050438951,200,,113.33,yolo26m_fp16,true,19.03,49.87,0.01,16
../../val2017/000000245173.jpg,1789050438953,200,,42.40,yolo26n_int8,true,15.71,8.78,0.01,1
../../val2017/000000244019.jpg,1789050438976,200,,102.15,yolo26m_fp16,true,16.78,55.09,0.08,1
../../val2017/000000246308.jpg,1789050438977,200,,49.97,yolo26n_int8,true,16.53,10.89,0.01,8
../../val2017/000000247917.jpg,1789050438987,200,,49.09,yolo26n_int8,true,18.86,11.49,0.01,13
../../val2017/000000248111.jpg,1789050438999,200,,45.77,yolo26n_int8,true,16.72,14.88,0.01,3
../../val2017/000000245026.jpg,1789050439002,200,,100.14,yolo26m_fp16,true,13.94,64.72,0.01,6
../../val2017/000000248752.jpg,1789050439014,200,,37.23,yolo26n_int8,true,14.48,11.02,0.01,2
../../val2017/000000250282.jpg,1789050439024,200,,37.40,yolo26n_int8,true,14.77,10.95,0.01,8
../../val2017/000000245311.jpg,1789050439027,200,,115.36,yolo26m_fp16,true,18.43,58.94,0.01,22
../../val2017/000000250619.jpg,1789050439043,200,,42.95,yolo26n_int8,true,13.59,11.15,0.01,1
../../val2017/000000251119.jpg,1789050439054,200,,39.49,yolo26n_int8,true,16.05,11.06,0.01,0
../../val2017/000000246522.jpg,1789050439061,200,,126.87,yolo26m_fp16,true,16.43,76.35,0.01,2
../../val2017/000000253742.jpg,1789050439075,200,,47.11,yolo26n_int8,true,15.26,11.25,0.01,19
../../val2017/000000248112.jpg,1789050439082,200,,128.71,yolo26m_fp16,true,13.14,77.61,0.01,4
../../val2017/000000255912.jpg,1789050439086,200,,43.07,yolo26n_int8,true,13.40,11.76,0.02,2
../../val2017/000000256518.jpg,1789050439097,200,,42.15,yolo26n_int8,true,13.71,15.38,0.01,5
../../val2017/000000248334.jpg,1789050439103,200,,126.36,yolo26m_fp16,true,18.77,66.45,0.02,8
../../val2017/000000257169.jpg,1789050439117,200,,41.38,yolo26n_int8,true,14.77,10.62,0.01,1
../../val2017/000000259597.jpg,1789050439126,200,,39.78,yolo26n_int8,true,11.85,15.78,0.01,10
../../val2017/000000250901.jpg,1789050439133,200,,130.05,yolo26m_fp16,true,14.20,73.57,0.01,6
../../val2017/000000260657.jpg,1789050439138,200,,40.85,yolo26n_int8,true,16.52,13.14,0.01,0
../../val2017/000000260925.jpg,1789050439149,200,,45.75,yolo26n_int8,true,13.97,15.34,0.01,2
../../val2017/000000251572.jpg,1789050439155,200,,129.84,yolo26m_fp16,true,13.12,67.26,0.01,2
../../val2017/000000261097.jpg,1789050439168,200,,41.13,yolo26n_int8,true,15.14,11.30,0.01,3
../../val2017/000000256868.jpg,1789050439180,200,,118.76,yolo26m_fp16,true,12.80,71.41,0.01,10
../../val2017/000000263463.jpg,1789050439182,200,,43.95,yolo26n_int8,true,16.51,11.43,0.01,0
../../val2017/000000263474.jpg,1789050439194,200,,44.76,yolo26n_int8,true,14.76,10.97,0.01,1
../../val2017/000000264535.jpg,1789050439206,200,,50.96,yolo26n_int8,true,13.54,15.08,0.01,4
../../val2017/000000258911.jpg,1789050439206,200,,123.43,yolo26m_fp16,true,13.95,74.14,0.01,9
../../val2017/000000266206.jpg,1789050439221,200,,40.51,yolo26n_int8,true,14.01,11.00,0.01,0
../../val2017/000000261061.jpg,1789050439231,200,,113.55,yolo26m_fp16,true,14.37,70.23,0.01,2
../../val2017/000000267300.jpg,1789050439235,200,,40.16,yolo26n_int8,true,13.86,7.70,0.01,2
../../val2017/000000267670.jpg,1789050439244,200,,37.39,yolo26n_int8,true,11.91,14.78,0.01,1
../../val2017/000000262487.jpg,1789050439256,200,,122.56,yolo26m_fp16,true,16.65,54.95,0.01,4
../../val2017/000000269682.jpg,1789050439262,200,,40.72,yolo26n_int8,true,15.42,10.03,0.01,5
../../val2017/000000264968.jpg,1789050439276,200,,108.14,yolo26m_fp16,true,14.39,69.29,0.01,7
../../val2017/000000270244.jpg,1789050439285,200,,53.73,yolo26n_int8,true,14.64,11.30,0.01,1
../../val2017/000000266400.jpg,1789050439292,200,,109.77,yolo26m_fp16,true,17.14,53.43,0.01,11
../../val2017/000000270677.jpg,1789050439298,200,,53.96,yolo26n_int8,true,13.68,9.33,0.01,2
../../val2017/000000272364.jpg,1789050439313,200,,51.31,yolo26n_int8,true,16.43,19.08,0.01,2
../../val2017/000000267537.jpg,1789050439320,200,,113.39,yolo26m_fp16,true,13.25,55.73,0.01,14
../../val2017/000000273711.jpg,1789050439332,200,,46.74,yolo26n_int8,true,15.64,11.98,0.01,9
../../val2017/000000270297.jpg,1789050439345,200,,109.35,yolo26m_fp16,true,22.52,40.37,0.01,3
../../val2017/000000275791.jpg,1789050439345,200,,46.36,yolo26n_int8,true,8.88,14.94,0.01,4
../../val2017/000000271997.jpg,1789050439363,200,,106.37,yolo26m_fp16,true,14.04,46.04,0.01,2
../../val2017/000000276285.jpg,1789050439364,200,,49.79,yolo26n_int8,true,14.65,11.39,0.01,9
../../val2017/000000276720.jpg,1789050439373,200,,53.37,yolo26n_int8,true,15.90,20.25,0.01,4
../../val2017/000000278006.jpg,1789050439385,200,,40.24,yolo26n_int8,true,15.89,11.48,0.01,0
../../val2017/000000273642.jpg,1789050439387,200,,109.93,yolo26m_fp16,true,16.76,62.62,0.01,3
../../val2017/000000280891.jpg,1789050439408,200,,42.27,yolo26n_int8,true,14.24,10.99,0.01,7
../../val2017/000000278848.jpg,1789050439410,200,,64.31,yolo26m_fp16,true,13.10,19.08,0.01,11
../../val2017/000000281754.jpg,1789050439423,200,,49.36,yolo26n_int8,true,14.46,15.43,0.01,3
../../val2017/000000277197.jpg,1789050439430,200,,97.73,yolo26m_fp16,true,15.91,57.17,0.01,7
../../val2017/000000283070.jpg,1789050439439,200,,51.90,yolo26n_int8,true,15.53,11.82,0.01,5
../../val2017/000000283113.jpg,1789050439452,200,,43.49,yolo26n_int8,true,13.89,10.15,0.01,4
../../val2017/000000273715.jpg,1789050439452,200,,159.49,yolo26m_fp16,true,16.99,102.18,0.01,6
../../val2017/000000283412.jpg,1789050439463,200,,52.98,yolo26n_int8,true,15.89,22.70,0.01,3
../../val2017/000000281687.jpg,1789050439477,200,,111.22,yolo26m_fp16,true,13.29,62.53,0.01,15
../../val2017/000000285349.jpg,1789050439482,200,,52.11,yolo26n_int8,true,19.40,10.72,0.01,1
../../val2017/000000282046.jpg,1789050439493,200,,107.77,yolo26m_fp16,true,13.98,59.15,0.01,1
../../val2017/000000286908.jpg,1789050439501,200,,48.60,yolo26n_int8,true,13.55,11.76,0.01,19
../../val2017/000000289516.jpg,1789050439514,200,,50.20,yolo26n_int8,true,15.37,18.22,0.01,2
../../val2017/000000284991.jpg,1789050439517,200,,92.02,yolo26m_fp16,true,13.56,60.02,0.01,2
../../val2017/000000290163.jpg,1789050439530,200,,47.62,yolo26n_int8,true,15.26,13.88,0.01,6
../../val2017/000000292225.jpg,1789050439540,200,,39.66,yolo26n_int8,true,15.58,13.72,0.01,4
../../val2017/000000286849.jpg,1789050439542,200,,102.69,yolo26m_fp16,true,13.57,60.86,0.01,4
../../val2017/000000292456.jpg,1789050439551,200,,37.48,yolo26n_int8,true,10.87,10.83,0.01,5
../../val2017/000000292488.jpg,1789050439565,200,,47.88,yolo26n_int8,true,13.83,21.88,0.01,2
../../val2017/000000287527.jpg,1789050439571,200,,118.89,yolo26m_fp16,true,14.87,55.09,0.01,4
../../val2017/000000292997.jpg,1789050439582,200,,40.83,yolo26n_int8,true,12.32,12.62,0.01,8
../../val2017/000000293245.jpg,1789050439592,200,,39.93,yolo26n_int8,true,10.46,13.04,0.01,1
../../val2017/000000292908.jpg,1789050439596,200,,65.41,yolo26m_fp16,true,12.27,26.13,0.01,2
../../val2017/000000293071.jpg,1789050439617,200,,74.91,yolo26m_fp16,true,15.66,20.04,0.01,4
../../val2017/000000293300.jpg,1789050439617,200,,51.38,yolo26n_int8,true,14.98,12.94,0.01,2
../../val2017/000000293794.jpg,1789050439626,200,,54.20,yolo26n_int8,true,15.65,22.53,0.01,8
../../val2017/000000294831.jpg,1789050439636,200,,44.13,yolo26n_int8,true,12.27,16.17,0.01,5
../../val2017/000000289594.jpg,1789050439641,200,,163.28,yolo26m_fp16,true,12.99,120.73,0.01,3
../../val2017/000000291619.jpg,1789050439662,200,,167.92,yolo26m_fp16,true,18.97,107.72,0.01,3
../../val2017/000000296224.jpg,1789050439664,200,,47.19,yolo26n_int8,true,15.85,11.55,0.01,1
../../val2017/000000297353.jpg,1789050439676,200,,50.19,yolo26n_int8,true,16.28,18.26,0.01,2
../../val2017/000000294783.jpg,1789050439686,200,,103.79,yolo26m_fp16,true,13.13,59.87,0.01,5
../../val2017/000000297681.jpg,1789050439686,200,,49.78,yolo26n_int8,true,12.66,17.74,0.01,1
../../val2017/000000299355.jpg,1789050439700,200,,58.71,yolo26n_int8,true,15.59,25.20,0.01,1
../../val2017/000000301718.jpg,1789050439710,200,,45.16,yolo26n_int8,true,14.39,14.86,0.01,9
../../val2017/000000295420.jpg,1789050439713,200,,116.38,yolo26m_fp16,true,18.28,60.15,0.01,6
../../val2017/000000303653.jpg,1789050439722,200,,36.47,yolo26n_int8,true,9.18,10.42,0.01,6
../../val2017/000000304396.jpg,1789050439742,200,,41.70,yolo26n_int8,true,13.83,11.97,0.01,2
../../val2017/000000296284.jpg,1789050439742,200,,124.68,yolo26m_fp16,true,18.32,65.86,0.01,9
../../val2017/000000304560.jpg,1789050439760,200,,44.35,yolo26n_int8,true,14.37,10.97,0.01,1
../../val2017/000000301376.jpg,1789050439760,200,,98.24,yolo26m_fp16,true,13.54,72.57,0.01,20
../../val2017/000000305609.jpg,1789050439770,200,,46.97,yolo26n_int8,true,11.64,21.29,0.01,4
../../val2017/000000303305.jpg,1789050439784,200,,107.89,yolo26m_fp16,true,12.20,68.19,0.01,2
../../val2017/000000306582.jpg,1789050439788,200,,45.70,yolo26n_int8,true,14.89,11.26,0.01,0
../../val2017/000000307145.jpg,1789050439799,200,,39.34,yolo26n_int8,true,16.20,12.23,0.01,2
../../val2017/000000308328.jpg,1789050439809,200,,38.66,yolo26n_int8,true,9.79,12.09,0.01,6
../../val2017/000000304291.jpg,1789050439811,200,,124.38,yolo26m_fp16,true,13.33,66.49,0.01,1
../../val2017/000000309173.jpg,1789050439825,200,,37.17,yolo26n_int8,true,16.25,10.82,0.01,1
../../val2017/000000305309.jpg,1789050439829,200,,114.53,yolo26m_fp16,true,13.00,60.43,0.01,2
../../val2017/000000309678.jpg,1789050439843,200,,43.43,yolo26n_int8,true,14.70,12.21,0.01,1
../../val2017/000000309938.jpg,1789050439853,200,,44.29,yolo26n_int8,true,9.27,20.11,0.01,1
../../val2017/000000306733.jpg,1789050439856,200,,113.34,yolo26m_fp16,true,14.66,65.20,0.01,7
../../val2017/000000311789.jpg,1789050439865,200,,39.00,yolo26n_int8,true,13.53,10.45,0.01,2
../../val2017/000000307598.jpg,1789050439874,200,,113.49,yolo26m_fp16,true,13.33,60.74,0.01,1
../../val2017/000000312406.jpg,1789050439886,200,,42.71,yolo26n_int8,true,15.91,8.03,0.01,3
../../val2017/000000313182.jpg,1789050439896,200,,39.68,yolo26n_int8,true,12.31,12.41,0.01,4
../../val2017/000000308476.jpg,1789050439901,200,,115.20,yolo26m_fp16,true,15.13,57.56,0.01,2
../../val2017/000000313562.jpg,1789050439907,200,,42.54,yolo26n_int8,true,14.66,9.07,0.01,2
../../val2017/000000314182.jpg,1789050439920,200,,45.53,yolo26n_int8,true,17.07,12.77,0.01,8
../../val2017/000000311518.jpg,1789050439927,200,,115.56,yolo26m_fp16,true,15.95,62.39,0.01,1
../../val2017/000000316054.jpg,1789050439941,200,,45.12,yolo26n_int8,true,12.32,12.60,0.01,2
../../val2017/000000322429.jpg,1789050439955,200,,47.10,yolo26n_int8,true,14.57,10.72,0.01,7
../../val2017/000000312278.jpg,1789050439958,200,,128.12,yolo26m_fp16,true,16.39,66.46,0.01,3
../../val2017/000000322610.jpg,1789050439965,200,,44.74,yolo26n_int8,true,17.16,12.06,0.01,10
../../val2017/000000322959.jpg,1789050439980,200,,51.78,yolo26n_int8,true,16.58,9.99,0.01,4
../../val2017/000000313130.jpg,1789050439981,200,,127.41,yolo26m_fp16,true,15.08,74.64,0.01,6
../../val2017/000000314914.jpg,1789050439997,200,,110.12,yolo26m_fp16,true,16.97,59.74,0.01,2
../../val2017/000000326462.jpg,1789050440001,200,,45.76,yolo26n_int8,true,18.52,10.70,0.01,0
../../val2017/000000327617.jpg,1789050440014,200,,49.06,yolo26n_int8,true,16.14,16.45,0.01,2
../../val2017/000000319607.jpg,1789050440022,200,,120.57,yolo26m_fp16,true,14.35,60.91,0.01,6
../../val2017/000000328337.jpg,1789050440025,200,,43.00,yolo26n_int8,true,16.16,10.34,0.01,1
../../val2017/000000330554.jpg,1789050440042,200,,40.26,yolo26n_int8,true,14.94,10.99,0.01,0
../../val2017/000000323263.jpg,1789050440045,200,,103.88,yolo26m_fp16,true,18.36,48.78,0.01,8
../../val2017/000000330790.jpg,1789050440065,200,,49.96,yolo26n_int8,true,14.03,12.44,0.01,5
../../val2017/000000327601.jpg,1789050440066,200,,107.31,yolo26m_fp16,true,17.65,55.41,0.01,4
../../val2017/000000331075.jpg,1789050440075,200,,52.73,yolo26n_int8,true,15.03,18.25,0.01,1
../../val2017/000000331799.jpg,1789050440088,200,,46.28,yolo26n_int8,true,14.32,10.83,0.01,5
../../val2017/000000328030.jpg,1789050440093,200,,113.12,yolo26m_fp16,true,13.52,65.25,0.01,5
../../val2017/000000332570.jpg,1789050440109,200,,43.69,yolo26n_int8,true,16.82,12.60,0.01,2
../../val2017/000000329614.jpg,1789050440114,200,,115.48,yolo26m_fp16,true,14.00,69.14,0.01,13
../../val2017/000000333697.jpg,1789050440121,200,,45.40,yolo26n_int8,true,14.79,11.45,0.01,0
../../val2017/000000333745.jpg,1789050440131,200,,42.87,yolo26n_int8,true,12.36,15.38,0.01,4
../../val2017/000000331352.jpg,1789050440141,200,,115.95,yolo26m_fp16,true,12.64,72.79,0.01,1
../../val2017/000000333956.jpg,1789050440145,200,,51.51,yolo26n_int8,true,10.68,29.27,0.01,1
../../val2017/000000334555.jpg,1789050440161,200,,46.58,yolo26n_int8,true,14.19,12.95,0.01,13
../../val2017/000000332351.jpg,1789050440165,200,,116.38,yolo26m_fp16,true,13.55,69.09,0.01,19
../../val2017/000000336209.jpg,1789050440171,200,,39.73,yolo26n_int8,true,14.14,11.28,0.01,1
../../val2017/000000332901.jpg,1789050440182,200,,116.12,yolo26m_fp16,true,15.46,60.42,0.01,6
../../val2017/000000336658.jpg,1789050440193,200,,46.91,yolo26n_int8,true,16.78,11.37,0.01,3
../../val2017/000000334483.jpg,1789050440203,200,,93.22,yolo26m_fp16,true,15.98,52.59,0.01,20
../../val2017/000000338304.jpg,1789050440209,200,,42.93,yolo26n_int8,true,16.85,8.40,0.01,7
../../val2017/000000338901.jpg,1789050440220,200,,48.19,yolo26n_int8,true,16.14,16.43,0.01,4
../../val2017/000000339823.jpg,1789050440232,200,,49.79,yolo26n_int8,true,9.41,18.98,0.01,1
../../val2017/000000335427.jpg,1789050440233,200,,110.98,yolo26m_fp16,true,14.84,53.57,0.01,8
../../val2017/000000336265.jpg,1789050440251,200,,109.44,yolo26m_fp16,true,13.29,57.94,0.01,2
../../val2017/000000342186.jpg,1789050440251,200,,47.78,yolo26n_int8,true,15.00,11.30,0.01,2
../../val2017/000000343524.jpg,1789050440262,200,,40.74,yolo26n_int8,true,13.35,14.20,0.01,2
../../val2017/000000345356.jpg,1789050440272,200,,39.53,yolo26n_int8,true,8.85,18.61,0.02,4
../../val2017/000000338191.jpg,1789050440280,200,,117.98,yolo26m_fp16,true,14.99,50.30,0.01,9
../../val2017/000000339870.jpg,1789050440294,200,,100.97,yolo26m_fp16,true,14.34,59.75,0.01,4
../../val2017/000000346703.jpg,1789050440300,200,,47.69,yolo26n_int8,true,16.72,10.73,0.01,14
../../val2017/000000347174.jpg,1789050440310,200,,47.33,yolo26n_int8,true,13.79,17.31,0.01,2
../../val2017/000000347254.jpg,1789050440323,200,,50.28,yolo26n_int8,true,18.78,13.84,0.01,3
../../val2017/000000343315.jpg,1789050440323,200,,114.20,yolo26m_fp16,true,15.22,54.17,0.01,1
../../val2017/000000347370.jpg,1789050440334,200,,39.54,yolo26n_int8,true,10.96,13.61,0.01,1
../../val2017/000000343706.jpg,1789050440342,200,,109.20,yolo26m_fp16,true,13.45,57.56,0.01,2
../../val2017/000000347664.jpg,1789050440358,200,,47.51,yolo26n_int8,true,14.84,14.81,0.01,14
../../val2017/000000345397.jpg,1789050440365,200,,113.98,yolo26m_fp16,true,20.23,51.67,0.01,3
../../val2017/000000349184.jpg,1789050440369,200,,45.38,yolo26n_int8,true,15.55,11.94,0.01,7
../../val2017/000000349302.jpg,1789050440379,200,,45.37,yolo26n_int8,true,9.91,12.30,0.01,2
../../val2017/000000347265.jpg,1789050440392,200,,111.37,yolo26m_fp16,true,12.73,64.65,0.01,2
../../val2017/000000349860.jpg,1789050440393,200,,51.09,yolo26n_int8,true,17.23,16.08,0.01,4
../../val2017/000000350148.jpg,1789050440406,200,,40.96,yolo26n_int8,true,12.82,12.87,0.01,8
../../val2017/000000347456.jpg,1789050440412,200,,111.75,yolo26m_fp16,true,16.15,58.55,0.01,2
../../val2017/000000351589.jpg,1789050440425,200,,45.40,yolo26n_int8,true,15.34,10.83,0.01,2
../../val2017/000000352584.jpg,1789050440439,200,,45.06,yolo26n_int8,true,19.05,11.67,0.01,0
../../val2017/000000348012.jpg,1789050440439,200,,115.64,yolo26m_fp16,true,14.06,69.66,0.01,2
../../val2017/000000353027.jpg,1789050440452,200,,45.66,yolo26n_int8,true,14.08,16.19,0.01,3
../../val2017/000000353180.jpg,1789050440464,200,,51.51,yolo26n_int8,true,17.64,22.46,0.01,10
../../val2017/000000350054.jpg,1789050440466,200,,107.62,yolo26m_fp16,true,13.46,71.86,0.01,2
../../val2017/000000354072.jpg,1789050440490,200,,63.47,yolo26m_fp16,true,13.75,19.60,0.01,3
../../val2017/000000355610.jpg,1789050440490,200,,50.75,yolo26n_int8,true,21.06,11.81,0.01,2
../../val2017/000000356248.jpg,1789050440501,200,,48.37,yolo26n_int8,true,13.36,14.27,0.01,10
../../val2017/000000351810.jpg,1789050440509,200,,116.19,yolo26m_fp16,true,23.56,57.26,0.01,12
../../val2017/000000356387.jpg,1789050440518,200,,51.91,yolo26n_int8,true,14.48,15.49,0.01,7
../../val2017/000000351559.jpg,1789050440529,200,,159.95,yolo26m_fp16,true,14.09,109.33,0.01,1
../../val2017/000000356432.jpg,1789050440531,200,,41.53,yolo26n_int8,true,17.37,11.54,0.01,4
../../val2017/000000355817.jpg,1789050440546,200,,106.99,yolo26m_fp16,true,17.32,40.83,0.01,2
../../val2017/000000357459.jpg,1789050440563,200,,61.04,yolo26n_int8,true,17.31,12.99,0.01,2
../../val2017/000000356498.jpg,1789050440566,200,,75.71,yolo26m_fp16,true,18.56,22.17,0.01,2
../../val2017/000000360097.jpg,1789050440571,200,,41.51,yolo26n_int8,true,11.02,18.92,0.01,1
../../val2017/000000357742.jpg,1789050440585,200,,76.27,yolo26n_int8,true,25.44,30.58,0.01,3
../../val2017/000000356261.jpg,1789050440591,200,,127.05,yolo26m_fp16,true,16.26,64.81,0.01,1
../../val2017/000000361142.jpg,1789050440595,200,,48.94,yolo26n_int8,true,15.36,18.60,0.01,7
../../val2017/000000361506.jpg,1789050440609,200,,42.72,yolo26n_int8,true,11.81,15.65,0.01,1
../../val2017/000000359937.jpg,1789050440613,200,,94.92,yolo26m_fp16,true,14.28,51.27,0.01,2
../../val2017/000000361919.jpg,1789050440630,200,,42.77,yolo26n_int8,true,12.35,11.25,0.01,10
../../val2017/000000360325.jpg,1789050440641,200,,109.55,yolo26m_fp16,true,14.62,63.80,0.01,13
../../val2017/000000364884.jpg,1789050440643,200,,47.37,yolo26n_int8,true,15.77,16.58,0.01,1
../../val2017/000000365098.jpg,1789050440653,200,,44.19,yolo26n_int8,true,12.85,15.51,0.01,0
../../val2017/000000365207.jpg,1789050440666,200,,52.67,yolo26n_int8,true,14.61,16.63,0.01,3
../../val2017/000000361238.jpg,1789050440666,200,,103.51,yolo26m_fp16,true,18.00,64.35,0.01,11
../../val2017/000000366141.jpg,1789050440675,200,,33.24,yolo26n_int8,true,8.91,12.61,0.01,2
../../val2017/000000361621.jpg,1789050440688,200,,116.35,yolo26m_fp16,true,13.58,72.25,0.01,2
../../val2017/000000366225.jpg,1789050440692,200,,38.94,yolo26n_int8,true,13.55,11.25,0.01,4
../../val2017/000000367228.jpg,1789050440711,200,,36.09,yolo26n_int8,true,10.16,11.17,0.01,2
../../val2017/000000364126.jpg,1789050440711,200,,119.86,yolo26m_fp16,true,14.44,67.33,0.01,2
../../val2017/000000366884.jpg,1789050440721,200,,52.23,yolo26n_int8,true,16.14,19.09,0.01,3
../../val2017/000000367680.jpg,1789050440733,200,,43.71,yolo26n_int8,true,14.85,17.55,0.01,10
../../val2017/000000365766.jpg,1789050440735,200,,105.19,yolo26m_fp16,true,16.25,62.83,0.01,4
../../val2017/000000370478.jpg,1789050440753,200,,42.12,yolo26n_int8,true,13.54,11.97,0.01,3
../../val2017/000000366178.jpg,1789050440756,200,,112.26,yolo26m_fp16,true,17.60,58.02,0.01,4
../../val2017/000000370999.jpg,1789050440765,200,,43.72,yolo26n_int8,true,15.89,14.12,0.01,2
../../val2017/000000372349.jpg,1789050440779,200,,43.16,yolo26n_int8,true,15.30,12.27,0.01,2
../../val2017/000000366711.jpg,1789050440782,200,,114.82,yolo26m_fp16,true,13.91,57.92,0.01,4
../../val2017/000000374551.jpg,1789050440791,200,,34.58,yolo26n_int8,true,12.39,8.12,0.01,1
../../val2017/000000369541.jpg,1789050440801,200,,108.17,yolo26m_fp16,true,14.24,61.78,0.01,7
../../val2017/000000376307.jpg,1789050440813,200,,47.64,yolo26n_int8,true,19.57,11.89,0.01,4
../../val2017/000000370818.jpg,1789050440819,200,,108.03,yolo26m_fp16,true,11.66,59.44,0.01,3
../../val2017/000000376856.jpg,1789050440834,200,,55.27,yolo26n_int8,true,18.12,14.44,0.01,1
../../val2017/000000371552.jpg,1789050440847,200,,113.98,yolo26m_fp16,true,14.26,56.39,0.01,7
../../val2017/000000377000.jpg,1789050440853,200,,61.99,yolo26n_int8,true,20.29,17.02,0.02,1
../../val2017/000000377670.jpg,1789050440860,200,,46.54,yolo26n_int8,true,14.30,11.20,0.01,3
../../val2017/000000373705.jpg,1789050440865,200,,111.05,yolo26m_fp16,true,15.33,57.59,0.01,8
../../val2017/000000377882.jpg,1789050440885,200,,50.31,yolo26n_int8,true,14.64,12.65,0.01,0
../../val2017/000000376900.jpg,1789050440889,200,,106.64,yolo26m_fp16,true,19.44,51.63,0.01,15
../../val2017/000000379453.jpg,1789050440893,200,,40.13,yolo26n_int8,true,14.61,16.80,0.02,1
../../val2017/000000380913.jpg,1789050440905,200,,44.30,yolo26n_int8,true,15.13,11.20,0.01,8
../../val2017/000000377635.jpg,1789050440919,200,,118.20,yolo26m_fp16,true,14.15,61.84,0.01,6
../../val2017/000000382030.jpg,1789050440919,200,,54.35,yolo26n_int8,true,18.83,17.36,0.01,1
../../val2017/000000382734.jpg,1789050440926,200,,35.54,yolo26n_int8,true,9.14,11.56,0.01,0
../../val2017/000000377723.jpg,1789050440938,200,,118.58,yolo26m_fp16,true,16.53,54.79,0.01,15
../../val2017/000000383606.jpg,1789050440950,200,,44.43,yolo26n_int8,true,13.60,10.32,0.01,2
../../val2017/000000378116.jpg,1789050440954,200,,106.71,yolo26m_fp16,true,14.89,58.34,0.01,2
../../val2017/000000384527.jpg,1789050440966,200,,46.69,yolo26n_int8,true,17.49,10.59,0.01,7
../../val2017/000000384666.jpg,1789050440976,200,,49.90,yolo26n_int8,true,18.95,18.82,0.01,7
../../val2017/000000382122.jpg,1789050440981,200,,96.02,yolo26m_fp16,true,15.19,64.20,0.01,1
../../val2017/000000386134.jpg,1789050440986,200,,47.37,yolo26n_int8,true,12.94,13.18,0.01,0
../../val2017/000000389197.jpg,1789050441001,200,,45.04,yolo26n_int8,true,13.80,15.74,0.01,5
../../val2017/000000383386.jpg,1789050441007,200,,112.83,yolo26m_fp16,true,17.95,54.87,0.01,4
../../val2017/000000389532.jpg,1789050441014,200,,36.90,yolo26n_int8,true,13.78,10.98,0.01,4
../../val2017/000000391140.jpg,1789050441024,200,,37.83,yolo26n_int8,true,11.07,15.09,0.01,1
../../val2017/000000383921.jpg,1789050441032,200,,112.57,yolo26m_fp16,true,13.50,58.02,0.01,13
../../val2017/000000393014.jpg,1789050441047,200,,45.96,yolo26n_int8,true,13.96,11.14,0.01,1
../../val2017/000000393056.jpg,1789050441060,200,,53.13,yolo26n_int8,true,16.83,18.75,0.01,1
../../val2017/000000387916.jpg,1789050441061,200,,110.84,yolo26m_fp16,true,16.31,69.06,0.01,14
../../val2017/000000393226.jpg,1789050441077,200,,51.53,yolo26n_int8,true,14.20,12.18,0.01,7
../../val2017/000000389451.jpg,1789050441078,200,,110.90,yolo26m_fp16,true,15.15,63.41,0.01,16
../../val2017/000000396518.jpg,1789050441090,200,,42.67,yolo26n_int8,true,16.29,11.66,0.01,2
../../val2017/000000397354.jpg,1789050441102,200,,40.74,yolo26n_int8,true,14.57,10.91,0.01,15
../../val2017/000000389812.jpg,1789050441105,200,,123.38,yolo26m_fp16,true,17.81,62.25,0.01,2
../../val2017/000000399296.jpg,1789050441117,200,,40.17,yolo26n_int8,true,12.70,11.77,0.01,5
../../val2017/000000400082.jpg,1789050441129,200,,39.07,yolo26n_int8,true,15.16,11.37,0.01,3
../../val2017/000000393093.jpg,1789050441134,200,,120.04,yolo26m_fp16,true,12.97,71.98,0.01,11
../../val2017/000000395575.jpg,1789050441149,200,,116.62,yolo26m_fp16,true,15.90,59.75,0.01,3
../../val2017/000000400161.jpg,1789050441156,200,,51.16,yolo26n_int8,true,17.47,10.46,0.01,5
../../val2017/000000401244.jpg,1789050441170,200,,52.60,yolo26n_int8,true,15.76,18.76,0.01,2
../../val2017/000000396580.jpg,1789050441177,200,,116.96,yolo26m_fp16,true,15.22,65.31,0.01,1
../../val2017/000000402096.jpg,1789050441179,200,,49.55,yolo26n_int8,true,15.36,19.88,0.01,1
../../val2017/000000402765.jpg,1789050441193,200,,37.09,yolo26n_int8,true,15.36,12.12,0.01,1
../../val2017/000000402334.jpg,1789050441204,200,,69.90,yolo26n_int8,true,13.48,37.01,0.01,2
../../val2017/000000399560.jpg,1789050441207,200,,129.56,yolo26m_fp16,true,15.24,70.57,0.01,2
../../val2017/000000403385.jpg,1789050441218,200,,40.08,yolo26n_int8,true,14.96,10.78,0.01,3
../../val2017/000000404128.jpg,1789050441227,200,,33.38,yolo26n_int8,true,9.58,12.58,0.01,1
../../val2017/000000400573.jpg,1789050441234,200,,127.57,yolo26m_fp16,true,16.75,61.04,0.01,4
../../val2017/000000404479.jpg,1789050441243,200,,38.86,yolo26n_int8,true,11.61,11.50,0.01,1
../../val2017/000000402615.jpg,1789050441255,200,,105.04,yolo26m_fp16,true,13.06,70.75,0.01,8
../../val2017/000000405691.jpg,1789050441261,200,,52.81,yolo26n_int8,true,15.75,11.71,0.01,6
../../val2017/000000407524.jpg,1789050441271,200,,43.50,yolo26n_int8,true,14.78,10.70,0.01,3
../../val2017/000000403122.jpg,1789050441278,200,,107.85,yolo26m_fp16,true,12.75,75.38,0.01,28
../../val2017/000000408120.jpg,1789050441285,200,,41.52,yolo26n_int8,true,12.40,11.32,0.01,2
../../val2017/000000403584.jpg,1789050441302,200,,121.87,yolo26m_fp16,true,15.74,54.76,0.02,8
../../val2017/000000410510.jpg,1789050441305,200,,43.74,yolo26n_int8,true,17.31,11.97,0.01,2
../../val2017/000000410612.jpg,1789050441316,200,,44.93,yolo26n_int8,true,16.99,15.31,0.01,1
../../val2017/000000410880.jpg,1789050441327,200,,47.93,yolo26n_int8,true,18.64,12.08,0.01,3
../../val2017/000000405972.jpg,1789050441330,200,,111.63,yolo26m_fp16,true,16.58,60.19,0.01,2
../../val2017/000000412887.jpg,1789050441344,200,,41.72,yolo26n_int8,true,13.21,11.32,0.01,2
../../val2017/000000411953.jpg,1789050441345,200,,55.40,yolo26m_fp16,true,14.59,20.00,0.01,3
../../val2017/000000413552.jpg,1789050441353,200,,37.22,yolo26n_int8,true,8.66,15.69,0.03,1
../../val2017/000000410496.jpg,1789050441370,200,,114.55,yolo26m_fp16,true,16.95,56.15,0.01,16
../../val2017/000000415194.jpg,1789050441372,200,,42.12,yolo26n_int8,true,15.85,10.56,0.01,4
../../val2017/000000407825.jpg,1789050441384,200,,149.90,yolo26m_fp16,true,18.51,95.53,0.01,5
../../val2017/000000416745.jpg,1789050441392,200,,47.07,yolo26n_int8,true,18.71,11.21,0.01,1
../../val2017/000000413247.jpg,1789050441411,200,,105.39,yolo26m_fp16,true,14.36,51.97,0.01,4
../../val2017/000000416758.jpg,1789050441411,200,,57.78,yolo26n_int8,true,16.54,20.56,0.01,2
../../val2017/000000416991.jpg,1789050441423,200,,52.55,yolo26n_int8,true,14.77,21.88,0.01,6
../../val2017/000000417465.jpg,1789050441433,200,,48.09,yolo26n_int8,true,8.41,21.66,0.01,3
../../val2017/000000414170.jpg,1789050441433,200,,105.99,yolo26m_fp16,true,14.79,50.43,0.01,7
../../val2017/000000416256.jpg,1789050441449,200,,105.20,yolo26m_fp16,true,17.13,47.97,0.01,3
../../val2017/000000419379.jpg,1789050441458,200,,46.58,yolo26n_int8,true,15.94,10.83,0.01,6
../../val2017/000000419653.jpg,1789050441469,200,,45.26,yolo26n_int8,true,13.32,16.02,0.01,7
../../val2017/000000417043.jpg,1789050441475,200,,102.50,yolo26m_fp16,true,15.32,61.10,0.01,1
../../val2017/000000419974.jpg,1789050441480,200,,45.80,yolo26n_int8,true,14.84,15.28,0.01,7
../../val2017/000000417911.jpg,1789050441492,200,,98.25,yolo26m_fp16,true,13.71,52.89,0.01,2
../../val2017/000000420840.jpg,1789050441503,200,,44.84,yolo26n_int8,true,15.92,10.50,0.01,3
../../val2017/000000422886.jpg,1789050441513,200,,42.18,yolo26n_int8,true,8.25,12.23,0.01,2
../../val2017/000000423617.jpg,1789050441523,200,,48.24,yolo26n_int8,true,13.54,9.13,0.01,9
../../val2017/000000419408.jpg,1789050441525,200,,112.96,yolo26m_fp16,true,14.69,49.46,0.01,11
../../val2017/000000424162.jpg,1789050441540,200,,47.85,yolo26n_int8,true,15.99,11.33,0.01,8
../../val2017/000000419882.jpg,1789050441543,200,,108.72,yolo26m_fp16,true,17.15,58.94,0.01,6
../../val2017/000000424545.jpg,1789050441561,200,,47.75,yolo26n_int8,true,15.82,11.16,0.01,1
../../val2017/000000420281.jpg,1789050441569,200,,119.36,yolo26m_fp16,true,17.52,56.06,0.01,4
../../val2017/000000424642.jpg,1789050441571,200,,46.00,yolo26n_int8,true,18.94,7.37,0.16,4
../../val2017/000000425906.jpg,1789050441581,200,,40.63,yolo26n_int8,true,13.84,12.88,0.01,5
../../val2017/000000426241.jpg,1789050441593,200,,49.88,yolo26n_int8,true,19.43,15.95,0.01,6
../../val2017/000000423798.jpg,1789050441597,200,,116.57,yolo26m_fp16,true,14.87,71.40,0.01,5
../../val2017/000000428867.jpg,1789050441607,200,,38.29,yolo26n_int8,true,14.47,11.70,0.01,6
../../val2017/000000430871.jpg,1789050441619,200,,37.83,yolo26n_int8,true,12.80,13.93,0.01,1
../../val2017/000000424349.jpg,1789050441624,200,,120.56,yolo26m_fp16,true,14.21,71.27,0.01,4
../../val2017/000000424551.jpg,1789050441643,200,,118.51,yolo26m_fp16,true,14.55,70.44,0.01,3
../../val2017/000000431876.jpg,1789050441642,200,,45.21,yolo26n_int8,true,14.29,10.63,0.01,8
../../val2017/000000432898.jpg,1789050441654,200,,46.25,yolo26n_int8,true,17.89,12.02,0.01,7
../../val2017/000000427649.jpg,1789050441666,200,,105.30,yolo26m_fp16,true,13.90,71.31,0.01,1
../../val2017/000000433243.jpg,1789050441671,200,,51.91,yolo26n_int8,true,15.63,12.24,0.01,2
../../val2017/000000434479.jpg,1789050441684,200,,41.72,yolo26n_int8,true,15.72,13.26,0.01,2
../../val2017/000000434548.jpg,1789050441694,200,,40.04,yolo26n_int8,true,11.72,12.92,0.01,3
../../val2017/000000429598.jpg,1789050441697,200,,125.71,yolo26m_fp16,true,14.94,67.84,0.01,4
../../val2017/000000430961.jpg,1789050441716,200,,122.66,yolo26m_fp16,true,17.28,66.23,0.01,8
../../val2017/000000437898.jpg,1789050441717,200,,44.72,yolo26n_int8,true,15.26,11.80,0.01,4
../../val2017/000000439180.jpg,1789050441732,200,,47.36,yolo26n_int8,true,13.86,15.41,0.01,22
../../val2017/000000439994.jpg,1789050441739,200,,43.96,yolo26n_int8,true,12.42,13.81,0.01,3
../../val2017/000000433374.jpg,1789050441742,200,,117.70,yolo26m_fp16,true,14.44,64.37,0.01,7
../../val2017/000000441553.jpg,1789050441757,200,,40.51,yolo26n_int8,true,14.44,12.55,0.01,9
../../val2017/000000434247.jpg,1789050441763,200,,120.31,yolo26m_fp16,true,11.99,62.17,0.01,13
../../val2017/000000442463.jpg,1789050441776,200,,43.51,yolo26n_int8,true,13.47,14.52,0.01,2
../../val2017/000000437110.jpg,1789050441786,200,,118.65,yolo26m_fp16,true,14.49,54.98,0.01,1
../../val2017/000000442836.jpg,1789050441798,200,,54.51,yolo26n_int8,true,16.20,13.11,0.01,3
../../val2017/000000445602.jpg,1789050441807,200,,49.52,yolo26n_int8,true,15.18,18.76,0.01,4
../../val2017/000000441247.jpg,1789050441807,200,,109.60,yolo26m_fp16,true,13.07,64.09,0.01,17
../../val2017/000000445722.jpg,1789050441820,200,,56.18,yolo26n_int8,true,12.98,31.81,0.01,3
../../val2017/000000445999.jpg,1789050441834,200,,47.89,yolo26n_int8,true,13.75,21.74,0.01,1
../../val2017/000000445846.jpg,1789050441835,200,,58.87,yolo26m_fp16,true,12.93,25.56,0.01,2
../../val2017/000000446522.jpg,1789050441848,200,,41.57,yolo26n_int8,true,13.22,12.17,0.01,4
../../val2017/000000442661.jpg,1789050441859,200,,119.98,yolo26m_fp16,true,15.94,62.17,0.01,1
../../val2017/000000447313.jpg,1789050441864,200,,43.50,yolo26n_int8,true,8.23,10.84,0.01,2
../../val2017/000000441586.jpg,1789050441880,200,,162.82,yolo26m_fp16,true,15.04,107.24,0.01,11
../../val2017/000000448448.jpg,1789050441882,200,,47.02,yolo26n_int8,true,15.19,12.63,0.01,1
../../val2017/000000449579.jpg,1789050441892,200,,43.27,yolo26n_int8,true,16.04,15.69,0.01,2
../../val2017/000000449996.jpg,1789050441903,200,,43.32,yolo26n_int8,true,9.52,17.90,0.01,4
../../val2017/000000446207.jpg,1789050441904,200,,105.70,yolo26m_fp16,true,13.17,71.73,0.01,1
../../val2017/000000451043.jpg,1789050441923,200,,42.99,yolo26n_int8,true,14.81,12.75,0.01,1
../../val2017/000000451155.jpg,1789050441932,200,,40.21,yolo26n_int8,true,15.29,14.63,0.01,2
../../val2017/000000446574.jpg,1789050441933,200,,125.20,yolo26m_fp16,true,17.64,67.26,0.01,4
../../val2017/000000452784.jpg,1789050441944,200,,39.45,yolo26n_int8,true,10.83,13.14,0.01,1
../../val2017/000000447314.jpg,1789050441955,200,,121.01,yolo26m_fp16,true,14.02,67.05,0.01,8
../../val2017/000000452891.jpg,1789050441968,200,,44.48,yolo26n_int8,true,15.65,11.72,0.01,2
../../val2017/000000453860.jpg,1789050441980,200,,47.11,yolo26n_int8,true,14.97,18.47,0.01,2
../../val2017/000000450100.jpg,1789050441980,200,,116.08,yolo26m_fp16,true,14.54,69.33,0.01,7
../../val2017/000000453981.jpg,1789050441989,200,,45.33,yolo26n_int8,true,8.56,19.19,0.01,1
../../val2017/000000451144.jpg,1789050441998,200,,115.41,yolo26m_fp16,true,12.74,64.88,0.01,5
../../val2017/000000454798.jpg,1789050442015,200,,46.14,yolo26n_int8,true,14.87,12.33,0.01,3
../../val2017/000000452084.jpg,1789050442022,200,,119.41,yolo26m_fp16,true,17.31,53.05,0.01,6
../../val2017/000000457262.jpg,1789050442030,200,,40.42,yolo26n_int8,true,13.93,12.20,0.01,2
../../val2017/000000455219.jpg,1789050442044,200,,63.26,yolo26n_int8,true,15.37,20.81,0.01,5
../../val2017/000000453040.jpg,1789050442049,200,,116.18,yolo26m_fp16,true,15.78,61.32,0.01,2
../../val2017/000000457884.jpg,1789050442054,200,,55.62,yolo26n_int8,true,16.91,21.18,0.01,5
../../val2017/000000458410.jpg,1789050442070,200,,45.75,yolo26n_int8,true,14.61,11.14,0.01,2
../../val2017/000000454661.jpg,1789050442071,200,,115.30,yolo26m_fp16,true,14.10,62.26,0.01,9
../../val2017/000000459757.jpg,1789050442080,200,,35.88,yolo26n_int8,true,8.50,10.71,0.01,1
../../val2017/000000460494.jpg,1789050442093,200,,38.47,yolo26n_int8,true,12.77,12.03,0.01,4
../../val2017/000000456292.jpg,1789050442097,200,,116.58,yolo26m_fp16,true,12.81,67.29,0.01,1
../../val2017/000000460927.jpg,1789050442114,200,,33.88,yolo26n_int8,true,11.62,12.10,0.01,1
../../val2017/000000458255.jpg,1789050442117,200,,101.31,yolo26m_fp16,true,12.90,64.25,0.01,4
../../val2017/000000460683.jpg,1789050442126,200,,54.89,yolo26n_int8,true,15.41,22.80,0.01,4
../../val2017/000000461573.jpg,1789050442142,200,,47.12,yolo26n_int8,true,15.16,10.53,0.01,1
../../val2017/000000458702.jpg,1789050442142,200,,112.27,yolo26m_fp16,true,13.01,62.51,0.01,4
../../val2017/000000462614.jpg,1789050442155,200,,40.63,yolo26n_int8,true,9.57,11.05,0.01,4
../../val2017/000000460333.jpg,1789050442167,200,,118.31,yolo26m_fp16,true,14.17,65.83,0.01,4
../../val2017/000000462728.jpg,1789050442170,200,,43.43,yolo26n_int8,true,14.44,14.99,0.01,2
../../val2017/000000460682.jpg,1789050442187,200,,116.93,yolo26m_fp16,true,12.63,67.43,0.01,1
../../val2017/000000463522.jpg,1789050442187,200,,44.41,yolo26n_int8,true,15.45,10.85,0.01,7
../../val2017/000000463618.jpg,1789050442198,200,,42.96,yolo26n_int8,true,14.87,10.51,0.01,4
../../val2017/000000463802.jpg,1789050442207,200,,39.65,yolo26n_int8,true,11.06,12.02,0.01,1
../../val2017/000000461751.jpg,1789050442213,200,,115.63,yolo26m_fp16,true,13.69,62.85,0.01,6
../../val2017/000000465430.jpg,1789050442232,200,,44.91,yolo26n_int8,true,15.63,11.53,0.01,3
../../val2017/000000462629.jpg,1789050442233,200,,116.10,yolo26m_fp16,true,12.66,63.75,0.01,9
../../val2017/000000469067.jpg,1789050442246,200,,47.58,yolo26n_int8,true,14.32,13.96,0.01,2
../../val2017/000000469192.jpg,1789050442254,200,,46.09,yolo26n_int8,true,8.55,20.89,0.01,8
../../val2017/000000463037.jpg,1789050442265,200,,122.53,yolo26m_fp16,true,16.63,61.86,0.01,2
../../val2017/000000470924.jpg,1789050442268,200,,53.86,yolo26n_int8,true,15.40,14.26,0.01,16
../../val2017/000000472623.jpg,1789050442281,200,,47.22,yolo26n_int8,true,14.37,12.33,0.01,4
../../val2017/000000464358.jpg,1789050442285,200,,115.33,yolo26m_fp16,true,14.52,70.61,0.01,3
../../val2017/000000473121.jpg,1789050442297,200,,42.48,yolo26n_int8,true,16.77,10.54,0.01,1
../../val2017/000000465585.jpg,1789050442307,200,,117.88,yolo26m_fp16,true,17.68,59.61,0.01,9
../../val2017/000000473974.jpg,1789050442318,200,,50.05,yolo26n_int8,true,14.88,9.50,0.01,5
../../val2017/000000471991.jpg,1789050442324,200,,91.11,yolo26m_fp16,true,14.60,52.73,0.01,1
../../val2017/000000474164.jpg,1789050442338,200,,53.96,yolo26n_int8,true,16.19,13.14,0.01,3
../../val2017/000000473015.jpg,1789050442348,200,,101.31,yolo26m_fp16,true,13.64,53.15,0.01,1
../../val2017/000000474293.jpg,1789050442348,200,,62.20,yolo26n_int8,true,16.86,23.04,0.01,1
../../val2017/000000474786.jpg,1789050442361,200,,53.76,yolo26n_int8,true,20.16,19.92,0.01,4
../../val2017/000000475572.jpg,1789050442372,200,,47.39,yolo26n_int8,true,9.22,25.37,0.01,4
../../val2017/000000473821.jpg,1789050442372,200,,107.08,yolo26m_fp16,true,12.82,63.44,0.01,6
../../val2017/000000476787.jpg,1789050442390,200,,41.45,yolo26n_int8,true,13.21,11.46,0.01,3
../../val2017/000000474452.jpg,1789050442401,200,,104.53,yolo26m_fp16,true,22.13,57.86,0.01,10
../../val2017/000000477118.jpg,1789050442402,200,,41.09,yolo26n_int8,true,16.54,10.57,0.01,0
../../val2017/000000477955.jpg,1789050442411,200,,38.26,yolo26n_int8,true,8.65,11.47,0.01,3
../../val2017/000000474881.jpg,1789050442425,200,,106.13,yolo26m_fp16,true,14.63,65.12,0.01,4
../../val2017/000000479448.jpg,1789050442428,200,,37.87,yolo26n_int8,true,14.15,8.75,0.01,6
../../val2017/000000476491.jpg,1789050442440,200,,102.25,yolo26m_fp16,true,13.52,68.69,0.01,1
../../val2017/000000479596.jpg,1789050442449,200,,47.44,yolo26n_int8,true,19.88,10.80,0.01,3
../../val2017/000000480122.jpg,1789050442459,200,,47.94,yolo26n_int8,true,9.11,19.87,0.01,12
../../val2017/000000481413.jpg,1789050442471,200,,42.39,yolo26n_int8,true,13.90,13.22,0.01,2
../../val2017/000000476514.jpg,1789050442471,200,,122.81,yolo26m_fp16,true,13.33,65.29,0.01,4
../../val2017/000000477288.jpg,1789050442484,200,,112.15,yolo26m_fp16,true,12.43,53.43,0.01,18
../../val2017/000000482719.jpg,1789050442497,200,,47.30,yolo26n_int8,true,15.86,10.97,0.01,1
../../val2017/000000483999.jpg,1789050442510,200,,50.54,yolo26n_int8,true,17.51,14.47,0.01,20
../../val2017/000000479953.jpg,1789050442511,200,,106.68,yolo26m_fp16,true,15.77,51.87,0.01,2
../../val2017/000000484351.jpg,1789050442517,200,,45.82,yolo26n_int8,true,13.85,13.29,0.01,17
../../val2017/000000484404.jpg,1789050442529,200,,44.58,yolo26n_int8,true,9.40,17.86,0.01,4
../../val2017/000000480212.jpg,1789050442539,200,,113.45,yolo26m_fp16,true,17.21,58.97,0.02,4
../../val2017/000000485027.jpg,1789050442551,200,,39.86,yolo26n_int8,true,13.48,11.54,0.01,3
../../val2017/000000482477.jpg,1789050442562,200,,121.32,yolo26m_fp16,true,14.22,59.28,0.01,1
../../val2017/000000485480.jpg,1789050442562,200,,44.25,yolo26n_int8,true,13.64,19.41,0.01,5
../../val2017/000000485802.jpg,1789050442572,200,,42.60,yolo26n_int8,true,8.79,23.58,0.01,1
../../val2017/000000486112.jpg,1789050442587,200,,48.07,yolo26n_int8,true,17.99,10.50,0.01,2
../../val2017/000000484296.jpg,1789050442589,200,,117.61,yolo26m_fp16,true,14.51,66.65,0.01,2
../../val2017/000000489764.jpg,1789050442606,200,,34.29,yolo26n_int8,true,10.69,11.49,0.01,2
../../val2017/000000484893.jpg,1789050442610,200,,112.45,yolo26m_fp16,true,12.12,67.71,0.01,7
../../val2017/000000485130.jpg,1789050442630,200,,118.72,yolo26m_fp16,true,14.15,62.43,0.01,1
../../val2017/000000488736.jpg,1789050442631,200,,69.40,yolo26n_int8,true,16.53,19.15,0.01,3
../../val2017/000000489924.jpg,1789050442641,200,,51.38,yolo26n_int8,true,18.75,14.09,0.01,4
../../val2017/000000490125.jpg,1789050442652,200,,45.24,yolo26n_int8,true,12.30,18.19,0.01,15
../../val2017/000000488592.jpg,1789050442656,200,,104.59,yolo26m_fp16,true,15.74,57.30,0.01,9
../../val2017/000000490936.jpg,1789050442664,200,,53.26,yolo26n_int8,true,15.43,15.75,0.01,9
../../val2017/000000491464.jpg,1789050442677,200,,45.65,yolo26n_int8,true,15.32,11.33,0.01,1
../../val2017/000000489611.jpg,1789050442685,200,,123.04,yolo26m_fp16,true,13.36,59.21,0.01,4
../../val2017/000000492284.jpg,1789050442697,200,,44.66,yolo26n_int8,true,14.75,11.78,0.01,3
../../val2017/000000489842.jpg,1789050442699,200,,111.66,yolo26m_fp16,true,14.95,57.30,0.01,26
../../val2017/000000493799.jpg,1789050442707,200,,42.24,yolo26n_int8,true,13.00,8.71,0.01,4
../../val2017/000000491213.jpg,1789050442722,200,,91.35,yolo26m_fp16,true,14.85,55.50,0.01,7
../../val2017/000000493864.jpg,1789050442729,200,,50.69,yolo26n_int8,true,17.57,10.68,0.01,3
../../val2017/000000494913.jpg,1789050442736,200,,50.70,yolo26n_int8,true,18.00,19.17,0.01,3
../../val2017/000000491867.jpg,1789050442750,200,,108.43,yolo26m_fp16,true,17.24,54.99,0.01,7
../../val2017/000000495448.jpg,1789050442752,200,,52.30,yolo26n_int8,true,16.56,11.19,0.01,0
../../val2017/000000499181.jpg,1789050442767,200,,44.09,yolo26n_int8,true,9.14,11.92,0.01,7
../../val2017/000000492968.jpg,1789050442768,200,,111.64,yolo26m_fp16,true,16.50,53.85,0.01,2
../../val2017/000000500464.jpg,1789050442780,200,,43.69,yolo26n_int8,true,14.61,11.98,0.01,1
../../val2017/000000495054.jpg,1789050442789,200,,91.63,yolo26m_fp16,true,12.41,59.50,0.01,5
../../val2017/000000502168.jpg,1789050442794,200,,41.18,yolo26n_int8,true,14.28,7.79,0.01,9
../../val2017/000000502737.jpg,1789050442805,200,,37.43,yolo26n_int8,true,12.56,11.40,0.01,2
../../val2017/000000496571.jpg,1789050442814,200,,106.59,yolo26m_fp16,true,14.59,59.78,0.01,14
../../val2017/000000503841.jpg,1789050442826,200,,45.10,yolo26n_int8,true,15.90,10.98,0.01,2
../../val2017/000000505573.jpg,1789050442836,200,,29.90,yolo26n_int8,true,9.18,10.83,0.01,1
../../val2017/000000499768.jpg,1789050442840,200,,110.77,yolo26m_fp16,true,15.24,60.54,0.01,2
../../val2017/000000503855.jpg,1789050442848,200,,53.86,yolo26n_int8,true,14.51,16.20,0.01,17
../../val2017/000000500663.jpg,1789050442858,200,,108.53,yolo26m_fp16,true,18.14,58.96,0.01,4
../../val2017/000000507015.jpg,1789050442867,200,,41.57,yolo26n_int8,true,15.78,12.16,0.01,10
../../val2017/000000507797.jpg,1789050442878,200,,42.43,yolo26n_int8,true,10.20,12.92,0.01,13
../../val2017/000000502732.jpg,1789050442886,200,,118.80,yolo26m_fp16,true,19.10,60.04,0.01,1
../../val2017/000000508101.jpg,1789050442891,200,,51.16,yolo26n_int8,true,18.61,15.78,0.01,2
../../val2017/000000508639.jpg,1789050442904,200,,45.50,yolo26n_int8,true,16.71,10.85,0.01,0
../../val2017/000000505565.jpg,1789050442910,200,,115.26,yolo26m_fp16,true,14.95,57.74,0.01,3
../../val2017/000000509699.jpg,1789050442926,200,,46.97,yolo26n_int8,true,16.74,12.96,0.01,2
../../val2017/000000506178.jpg,1789050442929,200,,115.14,yolo26m_fp16,true,15.98,61.45,0.01,3
../../val2017/000000511398.jpg,1789050442944,200,,52.61,yolo26n_int8,true,14.20,12.53,0.01,1
../../val2017/000000511999.jpg,1789050442951,200,,46.91,yolo26n_int8,true,16.58,12.02,0.01,6
../../val2017/000000508586.jpg,1789050442956,200,,107.73,yolo26m_fp16,true,13.91,69.33,0.01,8
../../val2017/000000512929.jpg,1789050442964,200,,53.70,yolo26n_int8,true,18.91,14.96,0.01,3
../../val2017/000000513484.jpg,1789050442978,200,,47.39,yolo26n_int8,true,13.92,12.18,0.01,1
../../val2017/000000509131.jpg,1789050442981,200,,112.91,yolo26m_fp16,true,15.26,65.82,0.01,7
../../val2017/000000513580.jpg,1789050442989,200,,37.36,yolo26n_int8,true,12.66,10.50,0.01,3
../../val2017/000000514797.jpg,1789050443005,200,,40.14,yolo26n_int8,true,14.19,11.59,0.01,4
../../val2017/000000510329.jpg,1789050443005,200,,119.33,yolo26m_fp16,true,15.24,61.34,0.01,5
../../val2017/000000516601.jpg,1789050443020,200,,40.98,yolo26n_int8,true,14.40,12.60,0.01,7
../../val2017/000000516871.jpg,1789050443031,200,,50.23,yolo26n_int8,true,10.00,22.79,0.01,1
../../val2017/000000513283.jpg,1789050443031,200,,105.06,yolo26m_fp16,true,12.75,75.62,0.01,4
../../val2017/000000513567.jpg,1789050443051,200,,106.85,yolo26m_fp16,true,14.16,62.53,0.01,16
../../val2017/000000520264.jpg,1789050443052,200,,46.13,yolo26n_int8,true,14.98,9.26,0.01,6
../../val2017/000000520832.jpg,1789050443064,200,,43.60,yolo26n_int8,true,13.94,15.65,0.01,2
../../val2017/000000522713.jpg,1789050443074,200,,42.88,yolo26n_int8,true,11.42,18.12,0.01,3
../../val2017/000000514586.jpg,1789050443075,200,,118.19,yolo26m_fp16,true,15.44,65.92,0.01,6
../../val2017/000000523782.jpg,1789050443089,200,,36.24,yolo26n_int8,true,12.05,11.48,0.01,2
../../val2017/000000517069.jpg,1789050443097,200,,106.69,yolo26m_fp16,true,14.85,63.51,0.01,9
../../val2017/000000523811.jpg,1789050443103,200,,38.67,yolo26n_int8,true,14.76,6.87,0.01,1
../../val2017/000000522751.jpg,1789050443120,200,,68.36,yolo26m_fp16,true,13.02,19.33,0.01,6
../../val2017/000000525083.jpg,1789050443121,200,,44.09,yolo26n_int8,true,15.49,9.86,0.01,4
../../val2017/000000526751.jpg,1789050443130,200,,41.01,yolo26n_int8,true,8.97,18.42,0.01,2
../../val2017/000000521956.jpg,1789050443142,200,,110.67,yolo26m_fp16,true,14.48,67.16,0.01,3
../../val2017/000000530052.jpg,1789050443151,200,,47.63,yolo26n_int8,true,14.00,9.75,0.01,0
../../val2017/000000518770.jpg,1789050443161,200,,154.47,yolo26m_fp16,true,15.57,96.97,0.01,19
../../val2017/000000530466.jpg,1789050443173,200,,51.58,yolo26n_int8,true,19.21,13.16,0.01,1
../../val2017/000000530470.jpg,1789050443184,200,,52.37,yolo26n_int8,true,18.98,24.04,0.01,3
../../val2017/000000526728.jpg,1789050443186,200,,110.75,yolo26m_fp16,true,12.91,57.62,0.01,12
../../val2017/000000531134.jpg,1789050443200,200,,57.84,yolo26n_int8,true,14.49,26.15,0.01,8
../../val2017/000000527215.jpg,1789050443205,200,,107.05,yolo26m_fp16,true,15.84,49.64,0.01,7
../../val2017/000000531495.jpg,1789050443212,200,,50.46,yolo26n_int8,true,15.15,14.88,0.01,0
../../val2017/000000530099.jpg,1789050443226,200,,106.12,yolo26m_fp16,true,18.40,55.17,0.01,2
../../val2017/000000533536.jpg,1789050443228,200,,42.29,yolo26n_int8,true,16.88,8.58,0.00,2
../../val2017/000000535306.jpg,1789050443243,200,,41.86,yolo26n_int8,true,14.30,11.66,0.01,2
../../val2017/000000531135.jpg,1789050443248,200,,96.98,yolo26m_fp16,true,16.15,54.92,0.01,12
../../val2017/000000537812.jpg,1789050443256,200,,43.61,yolo26n_int8,true,15.74,10.97,0.01,1
../../val2017/000000532761.jpg,1789050443269,200,,95.76,yolo26m_fp16,true,14.60,52.92,0.01,8
../../val2017/000000540466.jpg,1789050443274,200,,44.66,yolo26n_int8,true,17.30,8.67,0.01,1
../../val2017/000000533816.jpg,1789050443285,200,,97.73,yolo26m_fp16,true,15.97,46.04,0.01,30
../../val2017/000000540502.jpg,1789050443297,200,,51.87,yolo26n_int8,true,15.58,10.91,0.01,5
../../val2017/000000540932.jpg,1789050443308,200,,59.44,yolo26n_int8,true,16.71,21.49,0.01,7
../../val2017/000000536073.jpg,1789050443314,200,,108.85,yolo26m_fp16,true,18.15,51.03,0.01,4
../../val2017/000000541123.jpg,1789050443318,200,,48.49,yolo26n_int8,true,12.96,14.68,0.01,7
../../val2017/000000544605.jpg,1789050443331,200,,45.76,yolo26n_int8,true,14.39,18.59,0.01,0
../../val2017/000000540280.jpg,1789050443339,200,,112.36,yolo26m_fp16,true,16.24,58.53,0.01,2
../../val2017/000000545594.jpg,1789050443352,200,,43.28,yolo26n_int8,true,10.80,11.12,0.01,4
../../val2017/000000541055.jpg,1789050443358,200,,101.97,yolo26m_fp16,true,13.68,62.01,0.01,8
../../val2017/000000546659.jpg,1789050443366,200,,47.81,yolo26n_int8,true,15.36,13.80,0.01,1
../../val2017/000000546717.jpg,1789050443377,200,,45.91,yolo26n_int8,true,13.96,15.51,0.01,4
../../val2017/000000541634.jpg,1789050443385,200,,110.93,yolo26m_fp16,true,14.05,67.49,0.01,5
../../val2017/000000546826.jpg,1789050443389,200,,49.21,yolo26n_int8,true,19.56,16.41,0.01,0
../../val2017/000000547502.jpg,1789050443403,200,,44.86,yolo26n_int8,true,10.57,12.33,0.01,9
../../val2017/000000544811.jpg,1789050443410,200,,112.51,yolo26m_fp16,true,12.56,64.96,0.01,2
../../val2017/000000546325.jpg,1789050443424,200,,109.29,yolo26m_fp16,true,16.82,53.42,0.01,4
../../val2017/000000548339.jpg,1789050443429,200,,50.45,yolo26n_int8,true,16.19,10.32,0.01,2
../../val2017/000000549738.jpg,1789050443441,200,,51.59,yolo26n_int8,true,16.31,23.35,0.01,5
../../val2017/000000547144.jpg,1789050443447,200,,94.65,yolo26m_fp16,true,15.08,57.19,0.01,10
../../val2017/000000549930.jpg,1789050443451,200,,46.88,yolo26n_int8,true,11.74,17.98,0.01,4
../../val2017/000000550471.jpg,1789050443463,200,,52.49,yolo26n_int8,true,12.75,18.46,0.01,1
../../val2017/000000548246.jpg,1789050443473,200,,107.08,yolo26m_fp16,true,13.07,63.83,0.01,16
../../val2017/000000551304.jpg,1789050443477,200,,48.35,yolo26n_int8,true,15.82,14.99,0.01,1
../../val2017/000000554328.jpg,1789050443491,200,,43.23,yolo26n_int8,true,15.30,11.42,0.01,4
../../val2017/000000548524.jpg,1789050443495,200,,109.94,yolo26m_fp16,true,14.57,59.87,0.01,2
../../val2017/000000555009.jpg,1789050443501,200,,38.00,yolo26n_int8,true,12.95,16.15,0.01,6
../../val2017/000000550797.jpg,1789050443519,200,,94.26,yolo26m_fp16,true,12.47,59.53,0.01,1
../../val2017/000000557501.jpg,1789050443529,200,,51.09,yolo26n_int8,true,16.56,9.25,0.01,2
../../val2017/000000554266.jpg,1789050443536,200,,94.70,yolo26m_fp16,true,13.84,65.10,0.01,6
../../val2017/000000558114.jpg,1789050443546,200,,55.14,yolo26n_int8,true,18.17,11.02,0.01,5
../../val2017/000000559547.jpg,1789050443552,200,,56.58,yolo26n_int8,true,16.50,20.95,0.01,5
../../val2017/000000560474.jpg,1789050443562,200,,42.86,yolo26n_int8,true,9.28,8.67,0.01,6
../../val2017/000000554735.jpg,1789050443566,200,,113.75,yolo26m_fp16,true,15.37,55.57,0.01,2
../../val2017/000000555412.jpg,1789050443579,200,,104.66,yolo26m_fp16,true,21.80,39.98,0.01,1
../../val2017/000000561958.jpg,1789050443606,200,,69.00,yolo26n_int8,true,28.61,11.40,0.01,10
../../val2017/000000560178.jpg,1789050443606,200,,104.78,yolo26m_fp16,true,13.96,47.41,0.01,2
../../val2017/000000562443.jpg,1789050443618,200,,65.12,yolo26n_int8,true,15.12,13.05,0.01,1
../../val2017/000000562843.jpg,1789050443629,200,,62.47,yolo26n_int8,true,26.60,22.08,0.01,3
../../val2017/000000560880.jpg,1789050443632,200,,102.80,yolo26m_fp16,true,24.49,40.43,0.01,3
../../val2017/000000564091.jpg,1789050443645,200,,38.22,yolo26n_int8,true,14.67,10.67,0.01,3
../../val2017/000000562243.jpg,1789050443653,200,,106.06,yolo26m_fp16,true,17.82,54.48,0.01,2
../../val2017/000000564127.jpg,1789050443658,200,,39.81,yolo26n_int8,true,15.82,10.92,0.01,1
../../val2017/000000562561.jpg,1789050443669,200,,106.90,yolo26m_fp16,true,18.24,54.92,0.01,2
../../val2017/000000565012.jpg,1789050443685,200,,53.02,yolo26n_int8,true,21.09,10.99,0.01,2
../../val2017/000000568147.jpg,1789050443695,200,,49.92,yolo26n_int8,true,18.53,16.13,0.00,3
../../val2017/000000563267.jpg,1789050443696,200,,112.78,yolo26m_fp16,true,18.27,53.36,0.01,10
../../val2017/000000568584.jpg,1789050443702,200,,49.27,yolo26n_int8,true,14.40,13.92,0.01,3
../../val2017/000000569059.jpg,1789050443714,200,,44.50,yolo26n_int8,true,14.98,13.18,0.01,5
../../val2017/000000563604.jpg,1789050443721,200,,115.25,yolo26m_fp16,true,14.24,59.43,0.01,11
../../val2017/000000564133.jpg,1789050443740,200,,111.12,yolo26m_fp16,true,15.19,50.21,0.01,5
../../val2017/000000570664.jpg,1789050443743,200,,47.87,yolo26n_int8,true,21.42,9.39,0.01,5
../../val2017/000000573391.jpg,1789050443750,200,,46.74,yolo26n_int8,true,8.65,10.25,0.01,1
../../val2017/000000575081.jpg,1789050443760,200,,45.89,yolo26n_int8,true,14.18,16.92,0.01,3
../../val2017/000000568690.jpg,1789050443773,200,,113.77,yolo26m_fp16,true,13.72,68.86,0.01,2
../../val2017/000000575243.jpg,1789050443773,200,,51.30,yolo26n_int8,true,15.01,19.17,0.01,6
../../val2017/000000576566.jpg,1789050443783,200,,40.28,yolo26n_int8,true,12.71,13.84,0.01,1
../../val2017/000000575372.jpg,1789050443792,200,,51.80,yolo26m_fp16,true,13.22,19.75,0.01,4
../../val2017/000000577735.jpg,1789050443804,200,,43.00,yolo26n_int8,true,14.82,12.41,0.01,2
../../val2017/000000571804.jpg,1789050443819,200,,122.20,yolo26m_fp16,true,13.89,66.29,0.01,9
../../val2017/000000577862.jpg,1789050443820,200,,46.90,yolo26n_int8,true,14.07,10.46,0.01,2
../../val2017/000000577976.jpg,1789050443829,200,,36.42,yolo26n_int8,true,8.79,13.83,0.01,4
../../val2017/000000569273.jpg,1789050443843,200,,157.43,yolo26m_fp16,true,16.48,110.12,0.01,6
../../val2017/000000577932.jpg,1789050443843,200,,59.54,yolo26n_int8,true,13.46,21.16,0.01,15
../../val2017/000000578489.jpg,1789050443861,200,,41.92,yolo26n_int8,true,16.08,11.13,0.01,7
../../val2017/000000577584.jpg,1789050443861,200,,111.16,yolo26m_fp16,true,12.75,64.56,0.01,3
../../val2017/000000578922.jpg,1789050443874,200,,44.24,yolo26n_int8,true,8.77,19.93,0.01,4
../../val2017/000000577864.jpg,1789050443886,200,,112.68,yolo26m_fp16,true,16.06,58.02,0.01,5
../../val2017/000000578967.jpg,1789050443889,200,,43.50,yolo26n_int8,true,14.34,11.18,0.01,1
../../val2017/000000581062.jpg,1789050443903,200,,39.31,yolo26n_int8,true,16.50,11.60,0.01,1
../../val2017/000000578093.jpg,1789050443907,200,,102.91,yolo26m_fp16,true,21.22,49.43,0.01,7
../../val2017/000000581206.jpg,1789050443914,200,,40.11,yolo26n_int8,true,9.80,10.63,0.01,2
../../val2017/000000581317.jpg,1789050443928,200,,41.71,yolo26n_int8,true,14.09,13.50,0.01,2
../../val2017/000000578500.jpg,1789050443934,200,,114.10,yolo26m_fp16,true,15.34,60.90,0.01,13
../../val2017/000000581615.jpg,1789050443947,200,,44.15,yolo26n_int8,true,13.90,12.78,0.01,1
../../val2017/000000579070.jpg,1789050443954,200,,110.04,yolo26m_fp16,true,12.23,63.16,0.01,38
../../val2017/000000002157.jpg,1789050443959,200,,44.87,yolo26n_int8,true,10.56,20.17,0.01,7
../../val2017/000000002299.jpg,1789050443969,200,,41.03,yolo26n_int8,true,14.61,13.25,0.01,9
../../val2017/000000002587.jpg,1789050443982,200,,47.14,yolo26n_int8,true,18.59,15.50,0.01,1
../../val2017/000000579900.jpg,1789050443982,200,,120.33,yolo26m_fp16,true,16.22,64.01,0.01,11
../../val2017/000000581482.jpg,1789050443998,200,,109.25,yolo26m_fp16,true,13.31,58.22,0.01,2
../../val2017/000000004795.jpg,1789050444011,200,,55.22,yolo26n_int8,true,22.21,11.80,0.01,2
../../val2017/000000005477.jpg,1789050444023,200,,53.76,yolo26n_int8,true,12.78,18.64,0.01,1
../../val2017/000000001818.jpg,1789050444025,200,,117.31,yolo26m_fp16,true,17.67,53.53,0.01,2
../../val2017/000000006471.jpg,1789050444035,200,,52.90,yolo26n_int8,true,18.08,22.21,0.01,9
../../val2017/000000003501.jpg,1789050444040,200,,92.69,yolo26m_fp16,true,15.69,54.67,0.01,4
../../val2017/000000007991.jpg,1789050444057,200,,46.14,yolo26n_int8,true,13.41,12.14,0.01,1
../../val2017/000000008690.jpg,1789050444070,200,,44.87,yolo26n_int8,true,14.10,11.83,0.01,4
../../val2017/000000005193.jpg,1789050444071,200,,111.96,yolo26m_fp16,true,13.55,52.41,0.01,11
../../val2017/000000008844.jpg,1789050444080,200,,45.11,yolo26n_int8,true,15.04,14.35,0.01,3
../../val2017/000000009891.jpg,1789050444094,200,,53.25,yolo26n_int8,true,15.84,14.51,0.01,4
../../val2017/000000005992.jpg,1789050444096,200,,113.94,yolo26m_fp16,true,16.21,63.56,0.01,5
../../val2017/000000010092.jpg,1789050444104,200,,34.23,yolo26n_int8,true,8.11,11.07,0.01,5
../../val2017/000000006771.jpg,1789050444119,200,,117.34,yolo26m_fp16,true,14.03,67.60,0.01,11
../../val2017/000000010764.jpg,1789050444123,200,,42.78,yolo26n_int8,true,16.65,10.34,0.01,2
../../val2017/000000010977.jpg,1789050444135,200,,41.66,yolo26n_int8,true,16.08,14.36,0.01,2
../../val2017/000000010995.jpg,1789050444146,200,,50.21,yolo26n_int8,true,18.53,17.36,0.01,1
../../val2017/000000008629.jpg,1789050444148,200,,124.72,yolo26m_fp16,true,13.85,68.66,0.01,8
../../val2017/000000011615.jpg,1789050444155,200,,36.04,yolo26n_int8,true,10.16,14.00,0.01,0
../../val2017/000000009914.jpg,1789050444169,200,,111.11,yolo26m_fp16,true,14.70,65.26,0.01,5
../../val2017/000000013004.jpg,1789050444174,200,,38.53,yolo26n_int8,true,14.21,9.87,0.01,1
../../val2017/000000010583.jpg,1789050444190,200,,117.88,yolo26m_fp16,true,18.80,56.23,0.01,4
../../val2017/000000013291.jpg,1789050444190,200,,41.33,yolo26n_int8,true,16.38,11.23,0.01,7
../../val2017/000000013546.jpg,1789050444204,200,,48.19,yolo26n_int8,true,10.22,24.55,0.01,4
../../val2017/000000011511.jpg,1789050444217,200,,112.53,yolo26m_fp16,true,15.96,65.16,0.01,10
../../val2017/000000013597.jpg,1789050444218,200,,48.94,yolo26n_int8,true,12.61,19.10,0.01,1
../../val2017/000000014888.jpg,1789050444235,200,,44.09,yolo26n_int8,true,14.88,11.07,0.01,0
../../val2017/000000012280.jpg,1789050444235,200,,111.96,yolo26m_fp16,true,14.47,58.40,0.01,5
../../val2017/000000015597.jpg,1789050444244,200,,39.42,yolo26n_int8,true,9.77,15.81,0.01,2
../../val2017/000000013201.jpg,1789050444257,200,,110.25,yolo26m_fp16,true,13.71,57.70,0.01,2
../../val2017/000000015956.jpg,1789050444268,200,,48.98,yolo26n_int8,true,14.82,11.22,0.01,4
../../val2017/000000014226.jpg,1789050444282,200,,107.62,yolo26m_fp16,true,15.97,62.25,0.01,5
../../val2017/000000017182.jpg,1789050444282,200,,46.68,yolo26n_int8,true,17.57,12.13,0.01,2
../../val2017/000000017714.jpg,1789050444286,200,,42.42,yolo26n_int8,true,9.17,17.41,0.01,3
../../val2017/000000017905.jpg,1789050444303,200,,45.50,yolo26n_int8,true,12.78,12.02,0.01,2
../../val2017/000000015079.jpg,1789050444310,200,,119.08,yolo26m_fp16,true,13.09,62.54,0.01,3
../../val2017/000000015746.jpg,1789050444324,200,,105.58,yolo26m_fp16,true,13.81,57.25,0.01,1
../../val2017/000000020333.jpg,1789050444328,200,,41.15,yolo26n_int8,true,16.00,11.07,0.01,2
../../val2017/000000019432.jpg,1789050444342,200,,59.50,yolo26n_int8,true,17.08,20.71,0.01,10
../../val2017/000000022192.jpg,1789050444350,200,,40.38,yolo26n_int8,true,10.65,17.08,0.01,3
../../val2017/000000016958.jpg,1789050444352,200,,117.15,yolo26m_fp16,true,13.87,66.23,0.01,8
../../val2017/000000020571.jpg,1789050444363,200,,60.16,yolo26n_int8,true,14.40,24.57,0.01,4
../../val2017/000000017959.jpg,1789050444376,200,,107.42,yolo26m_fp16,true,12.52,67.14,0.01,12
../../val2017/000000023230.jpg,1789050444380,200,,51.17,yolo26n_int8,true,15.96,7.64,0.01,2
../../val2017/000000025096.jpg,1789050444393,200,,42.42,yolo26n_int8,true,14.68,12.18,0.01,2
../../val2017/000000020059.jpg,1789050444401,200,,118.06,yolo26m_fp16,true,17.20,59.10,0.01,2
../../val2017/000000025181.jpg,1789050444406,200,,41.22,yolo26n_int8,true,14.47,11.74,0.01,4
../../val2017/000000022705.jpg,1789050444422,200,,97.75,yolo26m_fp16,true,15.72,63.76,0.01,8
../../val2017/000000027696.jpg,1789050444423,200,,43.26,yolo26n_int8,true,15.26,11.24,0.01,4
../../val2017/000000027982.jpg,1789050444432,200,,38.48,yolo26n_int8,true,16.55,9.19,0.01,2
../../val2017/000000029640.jpg,1789050444443,200,,42.33,yolo26n_int8,true,12.71,11.60,0.01,10
../../val2017/000000023781.jpg,1789050444454,200,,111.77,yolo26m_fp16,true,14.96,66.88,0.01,8
../../val2017/000000025139.jpg,1789050444468,200,,115.55,yolo26m_fp16,true,14.46,63.03,0.01,2
../../val2017/000000031050.jpg,1789050444472,200,,48.97,yolo26n_int8,true,17.36,10.90,0.01,3
../../val2017/000000031620.jpg,1789050444485,200,,52.90,yolo26n_int8,true,16.65,19.03,0.01,4
../../val2017/000000025593.jpg,1789050444491,200,,114.85,yolo26m_fp16,true,17.31,49.06,0.01,1
../../val2017/000000031817.jpg,1789050444495,200,,51.33,yolo26n_int8,true,13.32,21.19,0.01,3
../../val2017/000000032811.jpg,1789050444506,200,,34.11,yolo26n_int8,true,13.04,11.09,0.01,1
../../val2017/000000030828.jpg,1789050444521,200,,114.51,yolo26m_fp16,true,14.93,63.58,0.01,5
../../val2017/000000032081.jpg,1789050444521,200,,67.01,yolo26n_int8,true,21.32,30.60,0.01,2
../../val2017/000000032861.jpg,1789050444532,200,,40.85,yolo26n_int8,true,13.41,12.19,0.01,2
../../val2017/000000031322.jpg,1789050444543,200,,118.84,yolo26m_fp16,true,17.78,53.00,0.01,24
../../val2017/000000033104.jpg,1789050444547,200,,40.97,yolo26n_int8,true,17.40,8.03,0.01,4
../../val2017/000000032285.jpg,1789050444562,200,,93.19,yolo26m_fp16,true,16.13,61.55,0.01,1
../../val2017/000000033854.jpg,1789050444569,200,,45.72,yolo26n_int8,true,15.06,11.23,0.01,14
../../val2017/000000035279.jpg,1789050444578,200,,45.00,yolo26n_int8,true,14.10,11.93,0.01,5
../../val2017/000000032817.jpg,1789050444587,200,,101.50,yolo26m_fp16,true,14.46,64.24,0.01,6
../../val2017/000000035682.jpg,1789050444589,200,,45.71,yolo26n_int8,true,18.46,8.68,0.01,9
../../val2017/000000037740.jpg,1789050444602,200,,40.28,yolo26n_int8,true,14.56,12.09,0.01,7
../../val2017/000000033005.jpg,1789050444613,200,,118.29,yolo26m_fp16,true,12.88,65.81,0.01,2
../../val2017/000000039477.jpg,1789050444616,200,,37.95,yolo26n_int8,true,8.83,11.03,0.01,6
../../val2017/000000034071.jpg,1789050444632,200,,110.42,yolo26m_fp16,true,15.67,60.07,0.01,3
../../val2017/000000041888.jpg,1789050444643,200,,51.87,yolo26n_int8,true,16.70,10.91,0.01,3
../../val2017/000000042296.jpg,1789050444653,200,,50.62,yolo26n_int8,true,14.88,17.80,0.01,5
../../val2017/000000035770.jpg,1789050444654,200,,106.35,yolo26m_fp16,true,15.98,61.22,0.01,5
../../val2017/000000042563.jpg,1789050444660,200,,46.49,yolo26n_int8,true,8.98,19.09,0.01,1
../../val2017/000000044652.jpg,1789050444672,200,,40.19,yolo26n_int8,true,14.48,13.22,0.01,1
../../val2017/000000038678.jpg,1789050444681,200,,111.51,yolo26m_fp16,true,15.14,57.99,0.01,9
../../val2017/000000047585.jpg,1789050444698,200,,37.36,yolo26n_int8,true,11.04,11.57,0.01,7
../../val2017/000000039551.jpg,1789050444700,200,,113.05,yolo26m_fp16,true,22.38,51.35,0.01,3
../../val2017/000000045472.jpg,1789050444711,200,,57.91,yolo26n_int8,true,15.20,22.03,0.01,10
../../val2017/000000049269.jpg,1789050444724,200,,51.55,yolo26n_int8,true,15.96,18.17,0.01,2
../../val2017/000000042888.jpg,1789050444725,200,,109.06,yolo26m_fp16,true,15.70,62.83,0.01,0
../../val2017/000000050638.jpg,1789050444735,200,,53.45,yolo26n_int8,true,16.03,18.00,0.01,1
../../val2017/000000050844.jpg,1789050444746,200,,45.40,yolo26n_int8,true,13.95,15.47,0.01,4
../../val2017/000000045070.jpg,1789050444754,200,,111.16,yolo26m_fp16,true,19.79,54.73,0.01,3
../../val2017/000000052462.jpg,1789050444761,200,,36.22,yolo26n_int8,true,8.66,12.64,0.01,2
../../val2017/000000046497.jpg,1789050444778,200,,120.34,yolo26m_fp16,true,18.13,61.47,0.01,6
../../val2017/000000054605.jpg,1789050444781,200,,45.52,yolo26n_int8,true,15.84,11.25,0.01,9
../../val2017/000000054967.jpg,1789050444789,200,,39.34,yolo26n_int8,true,13.66,11.95,0.01,12
../../val2017/000000050828.jpg,1789050444799,200,,101.25,yolo26m_fp16,true,12.61,69.21,0.01,3
../../val2017/000000055950.jpg,1789050444803,200,,48.29,yolo26n_int8,true,16.46,13.94,0.01,3
../../val2017/000000057672.jpg,1789050444820,200,,42.14,yolo26n_int8,true,13.45,13.03,0.01,9
../../val2017/000000051961.jpg,1789050444821,200,,108.92,yolo26m_fp16,true,15.46,63.22,0.01,1
../../val2017/000000058384.jpg,1789050444832,200,,42.35,yolo26n_int8,true,9.34,15.77,0.01,2
../../val2017/000000053909.jpg,1789050444843,200,,115.20,yolo26m_fp16,true,19.16,54.91,0.01,3
../../val2017/000000060823.jpg,1789050444852,200,,48.95,yolo26n_int8,true,14.29,9.53,0.01,10
../../val2017/000000057150.jpg,1789050444862,200,,101.05,yolo26m_fp16,true,13.76,61.61,0.01,21
../../val2017/000000061108.jpg,1789050444870,200,,49.49,yolo26n_int8,true,17.05,11.13,0.01,2
../../val2017/000000061333.jpg,1789050444878,200,,46.36,yolo26n_int8,true,13.71,20.89,0.01,2
../../val2017/000000061418.jpg,1789050444890,200,,46.67,yolo26n_int8,true,15.22,10.17,0.01,9
../../val2017/000000057760.jpg,1789050444890,200,,108.52,yolo26m_fp16,true,13.14,63.51,0.01,19
../../val2017/000000062025.jpg,1789050444901,200,,38.17,yolo26n_int8,true,12.72,11.54,0.01,3
../../val2017/000000058655.jpg,1789050444911,200,,110.75,yolo26m_fp16,true,16.37,54.19,0.01,6
../../val2017/000000063552.jpg,1789050444928,200,,49.70,yolo26n_int8,true,14.27,11.53,0.01,1
../../val2017/000000060835.jpg,1789050444932,200,,111.32,yolo26m_fp16,true,14.71,52.33,0.01,3
../../val2017/000000064499.jpg,1789050444940,200,,50.19,yolo26n_int8,true,19.65,10.97,0.01,1
../../val2017/000000064523.jpg,1789050444953,200,,52.54,yolo26n_int8,true,14.96,22.90,0.01,14
../../val2017/000000061747.jpg,1789050444959,200,,106.14,yolo26m_fp16,true,15.60,58.61,0.01,2
../../val2017/000000064718.jpg,1789050444963,200,,51.86,yolo26n_int8,true,17.35,14.06,0.01,3
../../val2017/000000065455.jpg,1789050444975,200,,43.38,yolo26n_int8,true,15.60,11.09,0.01,7
../../val2017/000000063047.jpg,1789050444982,200,,111.67,yolo26m_fp16,true,23.81,47.34,0.01,7
../../val2017/000000066523.jpg,1789050444998,200,,43.04,yolo26n_int8,true,14.21,10.73,0.01,1
../../val2017/000000066841.jpg,1789050445006,200,,43.09,yolo26n_int8,true,15.06,17.14,0.01,0
../../val2017/000000064462.jpg,1789050445007,200,,116.65,yolo26m_fp16,true,16.86,67.67,0.01,2
../../val2017/000000067310.jpg,1789050445022,200,,45.96,yolo26n_int8,true,16.51,11.78,0.01,4
../../val2017/000000067616.jpg,1789050445033,200,,50.00,yolo26n_int8,true,11.42,19.64,0.01,9
../../val2017/000000065350.jpg,1789050445036,200,,107.25,yolo26m_fp16,true,13.86,73.95,0.01,8
../../val2017/000000068286.jpg,1789050445049,200,,42.57,yolo26n_int8,true,13.72,12.54,0.01,1
../../val2017/000000069138.jpg,1789050445062,200,,40.07,yolo26n_int8,true,15.62,11.68,0.01,2
../../val2017/000000066038.jpg,1789050445064,200,,123.10,yolo26m_fp16,true,15.62,68.31,0.01,19
../../val2017/000000070774.jpg,1789050445078,200,,41.55,yolo26n_int8,true,14.86,11.44,0.01,1
../../val2017/000000066706.jpg,1789050445084,200,,124.47,yolo26m_fp16,true,16.44,64.35,0.01,6
../../val2017/000000071451.jpg,1789050445089,200,,39.43,yolo26n_int8,true,17.03,9.72,0.01,1
../../val2017/000000073153.jpg,1789050445100,200,,37.45,yolo26n_int8,true,14.40,11.38,0.01,1
../../val2017/000000068093.jpg,1789050445107,200,,108.69,yolo26m_fp16,true,13.93,60.92,0.01,6
../../val2017/000000076416.jpg,1789050445126,200,,47.86,yolo26n_int8,true,11.58,12.58,0.01,2
../../val2017/000000068833.jpg,1789050445129,200,,122.07,yolo26m_fp16,true,15.13,58.28,0.01,7
../../val2017/000000076625.jpg,1789050445136,200,,47.38,yolo26n_int8,true,16.58,15.25,0.01,7
../../val2017/000000076731.jpg,1789050445149,200,,49.34,yolo26n_int8,true,13.50,20.61,0.01,0
../../val2017/000000070048.jpg,1789050445154,200,,121.16,yolo26m_fp16,true,17.83,57.61,0.01,5
../../val2017/000000077460.jpg,1789050445160,200,,50.93,yolo26n_int8,true,14.19,20.88,0.01,8
../../val2017/000000078426.jpg,1789050445169,200,,40.03,yolo26n_int8,true,9.60,18.37,0.01,1
../../val2017/000000074646.jpg,1789050445177,200,,112.81,yolo26m_fp16,true,14.58,64.69,0.01,9
../../val2017/000000078959.jpg,1789050445192,200,,42.92,yolo26n_int8,true,13.66,12.68,0.01,0
../../val2017/000000076547.jpg,1789050445205,200,,120.64,yolo26m_fp16,true,18.45,54.13,0.01,6
../../val2017/000000079565.jpg,1789050445205,200,,44.89,yolo26n_int8,true,17.31,14.93,0.01,2
../../val2017/000000079588.jpg,1789050445216,200,,46.23,yolo26n_int8,true,9.85,12.93,0.01,5
../../val2017/000000078420.jpg,1789050445224,200,,97.12,yolo26m_fp16,true,12.65,66.87,0.01,3
../../val2017/000000079837.jpg,1789050445228,200,,50.12,yolo26n_int8,true,18.59,15.39,0.01,4
../../val2017/000000078823.jpg,1789050445245,200,,108.60,yolo26m_fp16,true,15.23,60.93,0.01,6
../../val2017/000000080932.jpg,1789050445250,200,,44.63,yolo26n_int8,true,15.16,11.20,0.01,7
../../val2017/000000081738.jpg,1789050445261,200,,43.94,yolo26n_int8,true,10.08,20.56,0.01,1
../../val2017/000000079031.jpg,1789050445273,200,,117.96,yolo26m_fp16,true,20.46,53.01,0.01,2
../../val2017/000000082812.jpg,1789050445273,200,,43.01,yolo26n_int8,true,13.93,12.33,0.01,10
../../val2017/000000080274.jpg,1789050445288,200,,95.61,yolo26m_fp16,true,13.23,53.42,0.01,2
../../val2017/000000084664.jpg,1789050445298,200,,47.67,yolo26n_int8,true,17.73,13.15,0.01,4
../../val2017/000000085089.jpg,1789050445308,200,,47.02,yolo26n_int8,true,11.44,22.20,0.01,4
../../val2017/000000080949.jpg,1789050445313,200,,107.72,yolo26m_fp16,true,15.79,56.73,0.01,5
../../val2017/000000085329.jpg,1789050445320,200,,47.36,yolo26n_int8,true,16.37,16.84,0.01,2
../../val2017/000000082807.jpg,1789050445336,200,,112.57,yolo26m_fp16,true,18.42,57.11,0.01,5
../../val2017/000000087244.jpg,1789050445336,200,,47.14,yolo26n_int8,true,16.65,10.72,0.01,2
../../val2017/000000087742.jpg,1789050445351,200,,43.02,yolo26n_int8,true,15.94,11.63,0.01,1
../../val2017/000000083540.jpg,1789050445358,200,,112.64,yolo26m_fp16,true,16.13,52.60,0.01,2
../../val2017/000000088250.jpg,1789050445363,200,,42.08,yolo26n_int8,true,15.50,11.12,0.01,2
../../val2017/000000085823.jpg,1789050445377,200,,99.33,yolo26m_fp16,true,12.32,54.06,0.01,3
../../val2017/000000088432.jpg,1789050445386,200,,47.32,yolo26n_int8,true,17.35,10.92,0.01,3
../../val2017/000000089045.jpg,1789050445397,200,,45.37,yolo26n_int8,true,16.69,13.15,0.01,2
../../val2017/000000087476.jpg,1789050445403,200,,105.32,yolo26m_fp16,true,16.19,58.59,0.01,14
../../val2017/000000089880.jpg,1789050445408,200,,49.57,yolo26n_int8,true,17.02,21.20,0.01,3
../../val2017/000000090631.jpg,1789050445418,200,,40.88,yolo26n_int8,true,8.60,20.69,0.01,1
../../val2017/000000087875.jpg,1789050445426,200,,113.30,yolo26m_fp16,true,15.05,55.69,0.01,1
../../val2017/000000091495.jpg,1789050445438,200,,41.16,yolo26n_int8,true,13.07,12.54,0.01,3
../../val2017/000000092660.jpg,1789050445452,200,,43.66,yolo26n_int8,true,14.62,11.73,0.01,1
../../val2017/000000088265.jpg,1789050445453,200,,115.56,yolo26m_fp16,true,14.66,55.35,0.01,1
../../val2017/000000093261.jpg,1789050445461,200,,41.73,yolo26n_int8,true,11.50,19.98,0.01,3
../../val2017/000000094185.jpg,1789050445476,200,,48.89,yolo26n_int8,true,14.26,13.71,0.01,3
../../val2017/000000090155.jpg,1789050445480,200,,116.62,yolo26m_fp16,true,11.74,74.50,0.01,1
../../val2017/000000094614.jpg,1789050445486,200,,33.76,yolo26n_int8,true,12.05,10.51,0.01,1
../../val2017/000000090956.jpg,1789050445496,200,,109.80,yolo26m_fp16,true,13.25,66.08,0.01,2
../../val2017/000000095899.jpg,1789050445506,200,,44.28,yolo26n_int8,true,14.77,11.07,0.01,1
../../val2017/000000096549.jpg,1789050445519,200,,39.34,yolo26n_int8,true,15.08,12.53,0.02,1
../../val2017/000000092177.jpg,1789050445526,200,,121.95,yolo26m_fp16,true,14.63,65.19,0.01,2
../../val2017/000000096001.jpg,1789050445529,200,,52.57,yolo26n_int8,true,10.52,24.83,0.01,0
../../val2017/000000097230.jpg,1789050445542,200,,45.89,yolo26n_int8,true,14.45,10.89,0.01,2
../../val2017/000000094336.jpg,1789050445547,200,,107.80,yolo26m_fp16,true,16.61,67.45,0.01,4
../../val2017/000000094852.jpg,1789050445569,200,,115.64,yolo26m_fp16,true,14.45,49.16,0.01,2
../../val2017/000000098287.jpg,1789050445568,200,,38.12,yolo26n_int8,true,9.47,11.55,0.01,8
../../val2017/000000097585.jpg,1789050445578,200,,58.43,yolo26n_int8,true,14.90,20.78,0.01,3
../../val2017/000000098497.jpg,1789050445587,200,,45.30,yolo26n_int8,true,15.77,11.48,0.01,1
../../val2017/000000096825.jpg,1789050445593,200,,106.84,yolo26m_fp16,true,14.99,64.22,0.01,3
../../val2017/000000098520.jpg,1789050445601,200,,53.80,yolo26n_int8,true,14.51,23.26,0.01,2
../../val2017/000000099428.jpg,1789050445610,200,,40.77,yolo26n_int8,true,9.32,15.52,0.01,1
../../val2017/000000097278.jpg,1789050445617,200,,110.52,yolo26m_fp16,true,12.89,67.28,0.01,2
../../val2017/000000101068.jpg,1789050445632,200,,44.41,yolo26n_int8,true,14.18,11.04,0.01,2
../../val2017/000000097994.jpg,1789050445644,200,,117.96,yolo26m_fp16,true,14.74,65.55,0.01,10
../../val2017/000000103585.jpg,1789050445645,200,,44.08,yolo26n_int8,true,14.43,12.86,0.01,5
../../val2017/000000104424.jpg,1789050445656,200,,43.58,yolo26n_int8,true,8.76,12.46,0.01,2
../../val2017/000000099182.jpg,1789050445668,200,,99.03,yolo26m_fp16,true,12.52,72.08,0.01,3
../../val2017/000000105455.jpg,1789050445670,200,,53.16,yolo26n_int8,true,14.45,18.14,0.01,3
../../val2017/000000108440.jpg,1789050445687,200,,43.00,yolo26n_int8,true,16.37,12.34,0.01,1
../../val2017/000000100510.jpg,1789050445689,200,,110.83,yolo26m_fp16,true,15.96,62.05,0.01,4
../../val2017/000000109798.jpg,1789050445693,200,,36.93,yolo26n_int8,true,14.19,12.83,0.01,3
../../val2017/000000102331.jpg,1789050445708,200,,114.43,yolo26m_fp16,true,14.93,62.65,0.01,2
../../val2017/000000110211.jpg,1789050445716,200,,42.75,yolo26n_int8,true,15.74,7.37,0.01,3
../../val2017/000000112997.jpg,1789050445729,200,,35.74,yolo26n_int8,true,11.13,11.05,0.00,2
../../val2017/000000108253.jpg,1789050445731,200,,98.45,yolo26m_fp16,true,16.78,51.71,0.01,15
../../val2017/000000111951.jpg,1789050445742,200,,51.67,yolo26n_int8,true,16.65,18.37,0.01,3
../../val2017/000000108864.jpg,1789050445754,200,,108.34,yolo26m_fp16,true,16.66,52.09,0.01,2
../../val2017/000000113235.jpg,1789050445758,200,,49.60,yolo26n_int8,true,17.80,10.56,0.01,4
../../val2017/000000109916.jpg,1789050445771,200,,101.72,yolo26m_fp16,true,13.50,50.71,0.01,4
../../val2017/000000113867.jpg,1789050445785,200,,53.98,yolo26n_int8,true,14.72,11.35,0.01,0
../../val2017/000000110784.jpg,1789050445796,200,,108.40,yolo26m_fp16,true,15.65,53.22,0.01,2
../../val2017/000000116206.jpg,1789050445796,200,,54.26,yolo26n_int8,true,16.04,19.49,0.01,3
../../val2017/000000118209.jpg,1789050445810,200,,51.26,yolo26n_int8,true,14.89,13.14,0.01,2
../../val2017/000000113589.jpg,1789050445816,200,,99.16,yolo26m_fp16,true,15.60,55.02,0.01,7
../../val2017/000000118594.jpg,1789050445831,200,,46.03,yolo26n_int8,true,13.99,12.53,0.01,2
../../val2017/000000114770.jpg,1789050445843,200,,111.94,yolo26m_fp16,true,17.44,54.67,0.01,3
../../val2017/000000119233.jpg,1789050445844,200,,47.39,yolo26n_int8,true,17.65,15.66,0.01,3
../../val2017/000000119641.jpg,1789050445854,200,,43.60,yolo26n_int8,true,14.29,11.28,0.01,17
../../val2017/000000119677.jpg,1789050445866,200,,49.84,yolo26n_int8,true,13.64,17.70,0.01,3
../../val2017/000000117914.jpg,1789050445868,200,,114.08,yolo26m_fp16,true,16.27,67.95,0.01,2
../../val2017/000000120584.jpg,1789050445873,200,,29.75,yolo26n_int8,true,9.04,8.46,0.01,1
../../val2017/000000118405.jpg,1789050445889,200,,116.77,yolo26m_fp16,true,15.68,57.50,0.01,1
../../val2017/000000123480.jpg,1789050445891,200,,36.51,yolo26n_int8,true,16.53,7.53,0.01,1
../../val2017/000000119516.jpg,1789050445906,200,,109.00,yolo26m_fp16,true,12.54,61.77,0.01,6
../../val2017/000000124636.jpg,1789050445915,200,,46.32,yolo26n_int8,true,14.19,10.47,0.01,2
../../val2017/000000123585.jpg,1789050445929,200,,62.99,yolo26n_int8,true,16.25,20.18,0.01,4
../../val2017/000000119911.jpg,1789050445933,200,,101.50,yolo26m_fp16,true,12.89,63.28,0.01,7
../../val2017/000000125062.jpg,1789050445940,200,,51.22,yolo26n_int8,true,14.73,18.96,0.01,7
../../val2017/000000125936.jpg,1789050445950,200,,43.88,yolo26n_int8,true,9.95,21.53,0.01,9
../../val2017/000000123213.jpg,1789050445962,200,,117.75,yolo26m_fp16,true,12.90,62.80,0.01,14
../../val2017/000000124798.jpg,1789050445977,200,,102.70,yolo26m_fp16,true,17.94,42.33,0.01,17
../../val2017/000000127135.jpg,1789050445983,200,,53.13,yolo26n_int8,true,21.18,8.42,0.01,1
../../val2017/000000128699.jpg,1789050445995,200,,54.31,yolo26n_int8,true,19.44,21.52,0.01,5
../../val2017/000000125257.jpg,1789050446001,200,,110.12,yolo26m_fp16,true,13.56,64.34,0.01,2
../../val2017/000000129135.jpg,1789050446008,200,,57.33,yolo26n_int8,true,13.57,13.76,0.01,2
../../val2017/000000130386.jpg,1789050446016,200,,53.85,yolo26n_int8,true,13.70,23.58,0.01,5
../../val2017/000000126107.jpg,1789050446030,200,,114.58,yolo26m_fp16,true,15.34,63.35,0.01,8
../../val2017/000000130826.jpg,1789050446030,200,,47.03,yolo26n_int8,true,14.51,14.96,0.01,6
../../val2017/000000131938.jpg,1789050446047,200,,44.84,yolo26n_int8,true,15.46,11.56,0.01,2
../../val2017/000000128051.jpg,1789050446049,200,,115.17,yolo26m_fp16,true,14.01,63.16,0.01,5
../../val2017/000000132931.jpg,1789050446059,200,,42.68,yolo26n_int8,true,14.06,12.66,0.01,3
../../val2017/000000133233.jpg,1789050446072,200,,41.47,yolo26n_int8,true,15.92,11.72,0.01,0
../../val2017/000000130579.jpg,1789050446073,200,,96.42,yolo26m_fp16,true,14.28,66.37,0.01,2
../../val2017/000000133645.jpg,1789050446094,200,,44.03,yolo26n_int8,true,15.05,10.86,0.01,2
../../val2017/000000131379.jpg,1789050446095,200,,100.08,yolo26m_fp16,true,16.40,58.09,0.01,2
../../val2017/000000133969.jpg,1789050446102,200,,43.40,yolo26n_int8,true,14.77,10.59,0.01,11
../../val2017/000000134096.jpg,1789050446115,200,,40.55,yolo26n_int8,true,13.45,11.27,0.01,1
../../val2017/000000132622.jpg,1789050446119,200,,110.57,yolo26m_fp16,true,14.53,59.56,0.01,1
../../val2017/000000134856.jpg,1789050446134,200,,39.77,yolo26n_int8,true,14.06,12.16,0.01,2
../../val2017/000000135561.jpg,1789050446144,200,,40.97,yolo26n_int8,true,13.53,14.85,0.01,2
../../val2017/000000133000.jpg,1789050446144,200,,114.21,yolo26m_fp16,true,12.48,67.21,0.01,5
../../val2017/000000137106.jpg,1789050446155,200,,39.83,yolo26n_int8,true,12.90,14.45,0.01,1
../../val2017/000000133343.jpg,1789050446169,200,,121.53,yolo26m_fp16,true,13.40,71.21,0.01,2
../../val2017/000000137294.jpg,1789050446169,200,,49.67,yolo26n_int8,true,13.81,17.33,0.01,1
../../val2017/000000134112.jpg,1789050446187,200,,111.74,yolo26m_fp16,true,15.19,64.29,0.01,3
../../val2017/000000138856.jpg,1789050446192,200,,47.67,yolo26n_int8,true,15.63,10.64,0.01,2
../../val2017/000000140076.jpg,1789050446203,200,,47.53,yolo26n_int8,true,17.18,17.42,0.01,8
../../val2017/000000140270.jpg,1789050446212,200,,41.77,yolo26n_int8,true,10.54,18.04,0.01,2
../../val2017/000000134886.jpg,1789050446215,200,,119.54,yolo26m_fp16,true,15.51,64.32,0.01,5
../../val2017/000000140840.jpg,1789050446232,200,,40.23,yolo26n_int8,true,14.02,11.87,0.01,9
../../val2017/000000138492.jpg,1789050446238,200,,104.43,yolo26m_fp16,true,15.54,62.96,0.01,2
../../val2017/000000141328.jpg,1789050446248,200,,44.75,yolo26n_int8,true,14.00,10.81,0.01,4
../../val2017/000000142092.jpg,1789050446262,200,,49.91,yolo26n_int8,true,9.23,16.30,0.01,1
../../val2017/000000139077.jpg,1789050446263,200,,116.77,yolo26m_fp16,true,14.34,66.10,0.01,3
../../val2017/000000143961.jpg,1789050446275,200,,42.00,yolo26n_int8,true,12.99,11.83,0.01,10
../../val2017/000000144784.jpg,1789050446287,200,,38.16,yolo26n_int8,true,15.39,11.29,0.01,1
../../val2017/000000140203.jpg,1789050446289,200,,119.34,yolo26m_fp16,true,14.54,70.35,0.01,7
../../val2017/000000145620.jpg,1789050446296,200,,33.23,yolo26n_int8,true,8.73,10.57,0.01,4
../../val2017/000000140556.jpg,1789050446310,200,,122.13,yolo26m_fp16,true,14.97,60.31,0.01,7
../../val2017/000000146358.jpg,1789050446318,200,,39.90,yolo26n_int8,true,14.90,10.33,0.01,4
../../val2017/000000143068.jpg,1789050446330,200,,114.34,yolo26m_fp16,true,12.29,71.28,0.01,9
../../val2017/000000146457.jpg,1789050446334,200,,47.07,yolo26n_int8,true,20.36,8.60,0.01,11
../../val2017/000000146498.jpg,1789050446343,200,,46.61,yolo26n_int8,true,12.01,15.27,0.01,0
../../val2017/000000144003.jpg,1789050446353,200,,114.82,yolo26m_fp16,true,17.92,60.20,0.01,14
../../val2017/000000147415.jpg,1789050446366,200,,47.73,yolo26n_int8,true,20.45,10.91,0.01,3
../../val2017/000000150224.jpg,1789050446375,200,,31.89,yolo26n_int8,true,10.48,11.69,0.01,8
../../val2017/000000144798.jpg,1789050446377,200,,114.84,yolo26m_fp16,true,19.29,55.90,0.01,4
../../val2017/000000148730.jpg,1789050446391,200,,55.55,yolo26n_int8,true,16.13,23.63,0.01,0
../../val2017/000000146489.jpg,1789050446403,200,,113.64,yolo26m_fp16,true,13.61,62.43,0.01,5
../../val2017/000000150417.jpg,1789050446403,200,,49.58,yolo26n_int8,true,17.50,10.53,0.01,8
../../val2017/000000146667.jpg,1789050446420,200,,110.25,yolo26m_fp16,true,16.14,55.24,0.01,21
../../val2017/000000151480.jpg,1789050446423,200,,47.64,yolo26n_int8,true,18.34,7.72,0.01,7
../../val2017/000000151662.jpg,1789050446437,200,,45.90,yolo26n_int8,true,17.52,11.14,0.01,1
../../val2017/000000147498.jpg,1789050446442,200,,112.31,yolo26m_fp16,true,13.68,57.82,0.01,6
../../val2017/000000151962.jpg,1789050446453,200,,46.70,yolo26n_int8,true,16.05,10.66,0.01,2
../../val2017/000000151051.jpg,1789050446462,200,,95.29,yolo26m_fp16,true,13.02,59.90,0.01,2
../../val2017/000000152465.jpg,1789050446471,200,,47.37,yolo26n_int8,true,15.02,8.05,0.01,1
../../val2017/000000152740.jpg,1789050446483,200,,46.03,yolo26n_int8,true,13.72,12.33,0.01,14
../../val2017/000000151657.jpg,1789050446492,200,,114.95,yolo26m_fp16,true,14.36,60.75,0.01,3
../../val2017/000000152870.jpg,1789050446493,200,,50.06,yolo26n_int8,true,15.14,14.87,0.01,2
../../val2017/000000153632.jpg,1789050446506,200,,43.64,yolo26n_int8,true,10.18,13.51,0.01,3
../../val2017/000000151820.jpg,1789050446514,200,,110.90,yolo26m_fp16,true,14.44,61.49,0.01,27
../../val2017/000000154358.jpg,1789050446530,200,,46.14,yolo26n_int8,true,14.24,12.60,0.01,4
../../val2017/000000152214.jpg,1789050446536,200,,114.78,yolo26m_fp16,true,15.02,52.14,0.01,2
../../val2017/000000155145.jpg,1789050446541,200,,47.57,yolo26n_int8,true,15.43,18.05,0.01,5
../../val2017/000000155154.jpg,1789050446552,200,,45.54,yolo26n_int8,true,16.25,17.64,0.01,0
../../val2017/000000155443.jpg,1789050446562,200,,47.50,yolo26n_int8,true,12.06,18.36,0.01,2
../../val2017/000000153299.jpg,1789050446566,200,,113.26,yolo26m_fp16,true,18.61,63.86,0.01,2
../../val2017/000000154087.jpg,1789050446578,200,,107.05,yolo26m_fp16,true,12.83,61.66,0.01,5
../../val2017/000000156292.jpg,1789050446590,200,,48.98,yolo26n_int8,true,16.11,10.00,0.01,5
../../val2017/000000157756.jpg,1789050446600,200,,48.56,yolo26n_int8,true,15.67,14.02,0.01,7
../../val2017/000000154705.jpg,1789050446609,200,,116.88,yolo26m_fp16,true,15.89,65.27,0.01,7
../../val2017/000000158548.jpg,1789050446610,200,,48.09,yolo26n_int8,true,9.10,11.31,0.01,3
../../val2017/000000158744.jpg,1789050446622,200,,55.79,yolo26n_int8,true,16.39,22.58,0.01,3
../../val2017/000000156071.jpg,1789050446638,200,,107.85,yolo26m_fp16,true,15.72,60.13,0.01,11
../../val2017/000000159977.jpg,1789050446640,200,,47.56,yolo26n_int8,true,14.89,9.18,0.01,2
../../val2017/000000157365.jpg,1789050446651,200,,110.26,yolo26m_fp16,true,16.37,50.65,0.01,9
../../val2017/000000161820.jpg,1789050446658,200,,47.97,yolo26n_int8,true,19.06,11.84,0.01,1
../../val2017/000000162366.jpg,1789050446670,200,,47.14,yolo26n_int8,true,14.58,19.76,0.01,0
../../val2017/000000159791.jpg,1789050446674,200,,95.23,yolo26m_fp16,true,18.60,60.01,0.01,6
../../val2017/000000163562.jpg,1789050446684,200,,43.72,yolo26n_int8,true,18.23,13.10,0.01,2
../../val2017/000000161799.jpg,1789050446709,200,,108.69,yolo26m_fp16,true,16.17,50.98,0.91,7
../../val2017/000000162035.jpg,1789050446710,200,,99.93,yolo26m_fp16,true,20.05,37.37,0.01,5
../../val2017/000000163682.jpg,1789050446722,200,,63.64,yolo26n_int8,true,23.98,8.26,0.01,3
../../val2017/000000164115.jpg,1789050446731,200,,61.25,yolo26n_int8,true,19.12,16.73,0.01,1
../../val2017/000000163290.jpg,1789050446738,200,,99.79,yolo26m_fp16,true,19.56,45.51,0.01,3
../../val2017/000000165351.jpg,1789050446746,200,,71.73,yolo26n_int8,true,21.35,17.35,0.01,0
../../val2017/000000166563.jpg,1789050446759,200,,49.58,yolo26n_int8,true,18.03,12.84,0.02,0
../../val2017/000000163611.jpg,1789050446764,200,,112.90,yolo26m_fp16,true,19.12,42.19,0.01,9
../../val2017/000000169169.jpg,1789050446778,200,,54.97,yolo26n_int8,true,15.55,17.23,0.01,14
../../val2017/000000166426.jpg,1789050446785,200,,100.58,yolo26m_fp16,true,15.70,46.89,0.01,10
../../val2017/000000170099.jpg,1789050446787,200,,48.30,yolo26n_int8,true,18.72,10.12,0.01,4
../../val2017/000000171740.jpg,1789050446801,200,,41.49,yolo26n_int8,true,12.16,12.43,0.01,3
../../val2017/000000166918.jpg,1789050446809,200,,98.61,yolo26m_fp16,true,16.31,47.61,0.01,33
../../val2017/000000172877.jpg,1789050446820,200,,42.22,yolo26n_int8,true,14.36,11.21,0.01,4
../../val2017/000000172935.jpg,1789050446832,200,,46.82,yolo26n_int8,true,17.37,16.51,0.01,1
../../val2017/000000169996.jpg,1789050446837,200,,105.65,yolo26m_fp16,true,15.13,57.45,0.01,11
../../val2017/000000173799.jpg,1789050446843,200,,41.76,yolo26n_int8,true,7.65,10.62,0.01,14
../../val2017/000000170595.jpg,1789050446860,200,,113.37,yolo26m_fp16,true,20.13,58.40,0.01,0
../../val2017/000000174482.jpg,1789050446859,200,,48.28,yolo26n_int8,true,18.77,11.65,0.01,7
../../val2017/000000172083.jpg,1789050446878,200,,113.20,yolo26m_fp16,true,15.72,61.17,0.01,3
../../val2017/000000175535.jpg,1789050446885,200,,52.59,yolo26n_int8,true,21.50,11.07,0.01,4
../../val2017/000000176606.jpg,1789050446898,200,,54.33,yolo26n_int8,true,15.14,11.82,0.01,2
../../val2017/000000173371.jpg,1789050446901,200,,114.11,yolo26m_fp16,true,15.93,57.76,0.01,11
../../val2017/000000177015.jpg,1789050446910,200,,48.63,yolo26n_int8,true,14.90,12.33,0.01,4
../../val2017/000000177213.jpg,1789050446922,200,,36.34,yolo26n_int8,true,11.94,11.59,0.01,6
../../val2017/000000175251.jpg,1789050446924,200,,103.96,yolo26m_fp16,true,17.60,55.11,0.01,2
../../val2017/000000176037.jpg,1789050446942,200,,104.28,yolo26m_fp16,true,18.25,44.73,0.01,8
../../val2017/000000178469.jpg,1789050446947,200,,48.01,yolo26n_int8,true,15.19,12.11,0.01,2
../../val2017/000000179141.jpg,1789050446958,200,,56.16,yolo26n_int8,true,15.45,23.02,0.01,6
../../val2017/000000176901.jpg,1789050446969,200,,108.70,yolo26m_fp16,true,17.16,59.33,0.01,5
../../val2017/000000180560.jpg,1789050446969,200,,47.32,yolo26n_int8,true,17.57,13.83,0.01,3
../../val2017/000000181796.jpg,1789050446990,200,,47.36,yolo26n_int8,true,15.58,10.67,0.01,4
../../val2017/000000177065.jpg,1789050446993,200,,112.86,yolo26m_fp16,true,14.81,41.37,0.01,12
../../val2017/000000182441.jpg,1789050447004,200,,45.81,yolo26n_int8,true,13.19,13.05,0.01,1
../../val2017/000000184400.jpg,1789050447015,200,,43.75,yolo26n_int8,true,14.55,13.35,0.01,1
../../val2017/000000179214.jpg,1789050447017,200,,106.81,yolo26m_fp16,true,14.72,56.75,0.01,1
../../val2017/000000184762.jpg,1789050447033,200,,39.61,yolo26n_int8,true,14.05,12.35,0.01,0
../../val2017/000000180798.jpg,1789050447042,200,,117.80,yolo26m_fp16,true,13.93,74.31,0.01,2
../../val2017/000000185473.jpg,1789050447045,200,,40.45,yolo26n_int8,true,14.06,12.94,0.01,7
../../val2017/000000186449.jpg,1789050447056,200,,40.71,yolo26n_int8,true,13.38,10.28,0.01,6
../../val2017/000000181859.jpg,1789050447069,200,,122.03,yolo26m_fp16,true,13.70,72.95,0.01,3
../../val2017/000000187243.jpg,1789050447073,200,,40.06,yolo26n_int8,true,14.96,11.04,0.01,2
../../val2017/000000183127.jpg,1789050447085,200,,115.82,yolo26m_fp16,true,13.54,66.95,0.01,2
../../val2017/000000191614.jpg,1789050447095,200,,49.92,yolo26n_int8,true,17.37,11.12,0.01,3
../../val2017/000000191672.jpg,1789050447107,200,,51.51,yolo26n_int8,true,15.49,15.97,0.01,1
../../val2017/000000184611.jpg,1789050447111,200,,121.03,yolo26m_fp16,true,14.94,65.01,0.01,21
../../val2017/000000191761.jpg,1789050447117,200,,46.74,yolo26n_int8,true,16.80,11.49,0.01,2
../../val2017/000000192904.jpg,1789050447128,200,,42.63,yolo26n_int8,true,12.32,14.81,0.01,4
../../val2017/000000186873.jpg,1789050447137,200,,118.87,yolo26m_fp16,true,14.16,60.96,0.01,10
../../val2017/000000193181.jpg,1789050447150,200,,41.82,yolo26n_int8,true,9.36,10.54,0.01,4
../../val2017/000000194471.jpg,1789050447159,200,,41.40,yolo26n_int8,true,15.91,13.64,0.01,2
../../val2017/000000190637.jpg,1789050447161,200,,118.79,yolo26m_fp16,true,15.85,63.09,0.01,5
../../val2017/000000194940.jpg,1789050447178,200,,41.15,yolo26n_int8,true,16.01,12.02,0.01,7
../../val2017/000000192191.jpg,1789050447184,200,,111.20,yolo26m_fp16,true,13.87,67.72,0.01,2
../../val2017/000000194506.jpg,1789050447189,200,,60.33,yolo26n_int8,true,13.43,20.94,0.01,2
../../val2017/000000196442.jpg,1789050447198,200,,39.34,yolo26n_int8,true,8.08,19.36,0.01,6
../../val2017/000000192964.jpg,1789050447206,200,,110.56,yolo26m_fp16,true,16.98,65.49,0.01,2
../../val2017/000000197022.jpg,1789050447226,200,,47.84,yolo26n_int8,true,13.98,13.15,0.01,2
../../val2017/000000194216.jpg,1789050447231,200,,119.13,yolo26m_fp16,true,12.38,72.45,0.01,3
../../val2017/000000198805.jpg,1789050447236,200,,46.48,yolo26n_int8,true,14.14,12.71,0.01,3
../../val2017/000000198928.jpg,1789050447247,200,,48.13,yolo26n_int8,true,14.43,21.08,0.01,2
../../val2017/000000195045.jpg,1789050447260,200,,109.81,yolo26m_fp16,true,14.24,64.71,0.01,2
../../val2017/000000199442.jpg,1789050447263,200,,56.43,yolo26n_int8,true,15.25,19.53,0.01,2
../../val2017/000000201775.jpg,1789050447274,200,,42.49,yolo26n_int8,true,15.14,13.24,0.01,3
../../val2017/000000196843.jpg,1789050447285,200,,123.09,yolo26m_fp16,true,16.48,65.13,0.01,4
../../val2017/000000203389.jpg,1789050447290,200,,42.82,yolo26n_int8,true,15.40,8.87,0.01,9
../../val2017/000000197528.jpg,1789050447302,200,,116.81,yolo26m_fp16,true,14.26,60.75,0.01,1
../../val2017/000000203580.jpg,1789050447312,200,,49.08,yolo26n_int8,true,16.44,11.63,0.01,2
../../val2017/000000201426.jpg,1789050447326,200,,99.36,yolo26m_fp16,true,15.15,62.92,0.01,7
../../val2017/000000204186.jpg,1789050447328,200,,53.25,yolo26n_int8,true,15.56,10.73,0.01,5
../../val2017/000000205776.jpg,1789050447336,200,,50.38,yolo26n_int8,true,11.22,21.94,0.01,1
../../val2017/000000208423.jpg,1789050447349,200,,47.34,yolo26n_int8,true,14.35,20.65,0.01,9
../../val2017/000000202001.jpg,1789050447352,200,,115.49,yolo26m_fp16,true,14.63,60.97,0.01,4
../../val2017/000000209142.jpg,1789050447372,200,,45.46,yolo26n_int8,true,14.17,11.42,0.01,5
../../val2017/000000203546.jpg,1789050447376,200,,115.79,yolo26m_fp16,true,18.52,51.39,0.01,1
../../val2017/000000210030.jpg,1789050447379,200,,42.51,yolo26n_int8,true,12.41,17.98,0.01,3
../../val2017/000000210032.jpg,1789050447392,200,,42.60,yolo26n_int8,true,15.36,12.51,0.01,6
../../val2017/000000207538.jpg,1789050447406,200,,115.81,yolo26m_fp16,true,27.55,64.31,0.01,1
../../val2017/000000210520.jpg,1789050447407,200,,54.60,yolo26n_int8,true,17.47,13.64,0.01,9
../../val2017/000000211674.jpg,1789050447417,200,,40.03,yolo26n_int8,true,13.28,11.37,0.01,6
../../val2017/000000208901.jpg,1789050447428,200,,115.80,yolo26m_fp16,true,14.25,76.95,0.01,1
../../val2017/000000213171.jpg,1789050447433,200,,40.24,yolo26n_int8,true,16.47,10.42,0.01,2
../../val2017/000000209753.jpg,1789050447448,200,,119.86,yolo26m_fp16,true,11.77,72.20,0.01,3
../../val2017/000000215072.jpg,1789050447454,200,,46.94,yolo26n_int8,true,17.95,9.91,0.01,5
../../val2017/000000215644.jpg,1789050447466,200,,48.40,yolo26n_int8,true,15.03,18.30,0.01,1
../../val2017/000000211069.jpg,1789050447473,200,,101.04,yolo26m_fp16,true,13.80,62.87,0.01,3
../../val2017/000000215723.jpg,1789050447477,200,,48.12,yolo26n_int8,true,14.44,18.05,0.01,5
../../val2017/000000219485.jpg,1789050447487,200,,38.56,yolo26n_int8,true,10.10,13.57,0.01,1
../../val2017/000000212166.jpg,1789050447498,200,,119.47,yolo26m_fp16,true,16.74,58.44,0.01,2
../../val2017/000000220310.jpg,1789050447506,200,,39.14,yolo26n_int8,true,13.87,8.47,0.01,1
../../val2017/000000214720.jpg,1789050447517,200,,110.37,yolo26m_fp16,true,16.34,55.45,0.01,10
../../val2017/000000222455.jpg,1789050447531,200,,53.91,yolo26n_int8,true,17.14,10.70,0.01,0
../../val2017/000000223090.jpg,1789050447534,200,,47.52,yolo26n_int8,true,13.12,20.87,0.01,1
../../val2017/000000217400.jpg,1789050447543,200,,109.40,yolo26m_fp16,true,12.46,62.46,0.01,1
../../val2017/000000223182.jpg,1789050447553,200,,53.11,yolo26n_int8,true,15.44,10.63,0.01,8
../../val2017/000000223789.jpg,1789050447563,200,,46.15,yolo26n_int8,true,20.20,15.05,0.01,1
../../val2017/000000219578.jpg,1789050447569,200,,114.64,yolo26m_fp16,true,18.41,58.78,0.01,2
../../val2017/000000224051.jpg,1789050447572,200,,37.52,yolo26n_int8,true,12.98,9.04,0.01,3
../../val2017/000000223959.jpg,1789050447586,200,,54.05,yolo26m_fp16,true,11.28,15.72,0.01,2
../../val2017/000000224222.jpg,1789050447597,200,,43.43,yolo26n_int8,true,15.85,11.75,0.01,4
../../val2017/000000223188.jpg,1789050447607,200,,101.34,yolo26m_fp16,true,17.35,55.80,0.01,1
../../val2017/000000224807.jpg,1789050447613,200,,49.30,yolo26n_int8,true,19.99,10.14,0.01,14
../../val2017/000000225670.jpg,1789050447624,200,,55.17,yolo26n_int8,true,20.43,18.76,0.01,4
../../val2017/000000226408.jpg,1789050447635,200,,49.39,yolo26n_int8,true,13.93,22.36,0.01,1
../../val2017/000000221155.jpg,1789050447636,200,,162.50,yolo26m_fp16,true,15.39,104.05,0.01,3
../../val2017/000000224119.jpg,1789050447654,200,,110.72,yolo26m_fp16,true,14.33,58.12,0.01,9
../../val2017/000000226592.jpg,1789050447653,200,,45.91,yolo26n_int8,true,14.76,12.20,0.01,2
../../val2017/000000227985.jpg,1789050447669,200,,44.36,yolo26n_int8,true,13.87,11.43,0.01,4
../../val2017/000000229747.jpg,1789050447681,200,,44.52,yolo26n_int8,true,12.67,16.72,0.01,1
../../val2017/000000226171.jpg,1789050447681,200,,108.96,yolo26m_fp16,true,15.52,68.23,0.01,5
../../val2017/000000229948.jpg,1789050447700,200,,41.87,yolo26n_int8,true,14.94,11.82,0.01,2
../../val2017/000000226417.jpg,1789050447709,200,,108.56,yolo26m_fp16,true,18.26,69.42,0.01,22
../../val2017/000000231169.jpg,1789050447712,200,,42.70,yolo26n_int8,true,14.16,9.54,0.01,1
../../val2017/000000231508.jpg,1789050447721,200,,40.10,yolo26n_int8,true,12.96,12.97,0.01,9
../../val2017/000000227686.jpg,1789050447732,200,,119.03,yolo26m_fp16,true,14.43,58.55,0.01,2
../../val2017/000000231822.jpg,1789050447743,200,,42.67,yolo26n_int8,true,15.53,11.14,0.01,5
../../val2017/000000229216.jpg,1789050447756,200,,120.10,yolo26m_fp16,true,13.94,72.19,0.01,3
../../val2017/000000232244.jpg,1789050447756,200,,43.31,yolo26n_int8,true,17.15,11.77,0.01,2
../../val2017/000000235778.jpg,1789050447770,200,,37.77,yolo26n_int8,true,7.50,12.60,0.01,2
../../val2017/000000235064.jpg,1789050447780,200,,57.26,yolo26n_int8,true,15.09,18.69,0.01,1
../../val2017/000000230362.jpg,1789050447780,200,,125.30,yolo26m_fp16,true,13.80,68.33,0.01,5
../../val2017/000000236426.jpg,1789050447801,200,,58.15,yolo26m_fp16,true,13.16,19.91,0.01,17
../../val2017/000000236690.jpg,1789050447801,200,,45.60,yolo26n_int8,true,15.37,10.16,0.01,1
../../val2017/000000238039.jpg,1789050447814,200,,43.59,yolo26n_int8,true,9.07,14.82,0.01,1
../../val2017/000000232088.jpg,1789050447829,200,,118.59,yolo26m_fp16,true,14.40,64.21,0.01,4
../../val2017/000000239041.jpg,1789050447829,200,,48.99,yolo26n_int8,true,14.39,18.79,0.01,5
../../val2017/000000239857.jpg,1789050447846,200,,42.99,yolo26n_int8,true,16.13,12.29,0.01,9
../../val2017/000000231580.jpg,1789050447848,200,,166.38,yolo26m_fp16,true,15.46,104.80,0.01,11
../../val2017/000000240250.jpg,1789050447864,200,,49.69,yolo26n_int8,true,18.96,12.08,0.01,11
../../val2017/000000237864.jpg,1789050447869,200,,113.28,yolo26m_fp16,true,14.50,60.48,0.01,2
../../val2017/000000241297.jpg,1789050447877,200,,46.73,yolo26n_int8,true,13.78,13.21,0.01,1
../../val2017/000000243989.jpg,1789050447890,200,,44.65,yolo26n_int8,true,16.51,11.03,0.01,6
../../val2017/000000238410.jpg,1789050447892,200,,111.61,yolo26m_fp16,true,15.80,60.16,0.01,34
../../val2017/000000244496.jpg,1789050447904,200,,38.74,yolo26n_int8,true,16.05,11.41,0.01,2
../../val2017/000000245173.jpg,1789050447916,200,,38.82,yolo26n_int8,true,9.65,10.67,0.01,1
../../val2017/000000239537.jpg,1789050447918,200,,116.63,yolo26m_fp16,true,13.80,60.42,0.01,3
../../val2017/000000246308.jpg,1789050447938,200,,46.13,yolo26n_int8,true,16.89,9.80,0.01,8
../../val2017/000000243344.jpg,1789050447939,200,,107.55,yolo26m_fp16,true,18.12,54.46,0.01,2
../../val2017/000000246522.jpg,1789050447951,200,,46.88,yolo26n_int8,true,15.54,17.82,0.01,1
../../val2017/000000247917.jpg,1789050447962,200,,45.49,yolo26n_int8,true,14.86,12.83,0.01,13
../../val2017/000000244019.jpg,1789050447966,200,,117.16,yolo26m_fp16,true,14.13,60.91,0.01,1
../../val2017/000000248112.jpg,1789050447982,200,,44.14,yolo26n_int8,true,14.99,12.18,0.01,4
../../val2017/000000245026.jpg,1789050447987,200,,117.85,yolo26m_fp16,true,13.86,65.35,0.01,6
../../val2017/000000248752.jpg,1789050447992,200,,40.84,yolo26n_int8,true,17.63,10.17,0.01,2
../../val2017/000000250282.jpg,1789050448003,200,,40.46,yolo26n_int8,true,13.34,13.81,0.01,8
../../val2017/000000245311.jpg,1789050448015,200,,123.87,yolo26m_fp16,true,16.37,62.56,0.01,22
../../val2017/000000250619.jpg,1789050448018,200,,51.56,yolo26n_int8,true,12.27,23.40,0.01,1
../../val2017/000000251119.jpg,1789050448031,200,,43.44,yolo26n_int8,true,15.16,13.48,0.01,0
../../val2017/000000248111.jpg,1789050448034,200,,115.28,yolo26m_fp16,true,14.47,69.46,0.01,6
../../val2017/000000253742.jpg,1789050448048,200,,44.28,yolo26n_int8,true,12.62,13.14,0.01,19
../../val2017/000000248334.jpg,1789050448059,200,,119.19,yolo26m_fp16,true,16.20,63.29,0.01,8
../../val2017/000000256518.jpg,1789050448059,200,,40.81,yolo26n_int8,true,16.36,11.53,0.01,5
../../val2017/000000257169.jpg,1789050448073,200,,37.79,yolo26n_int8,true,8.64,12.65,0.01,1
../../val2017/000000256868.jpg,1789050448087,200,,55.33,yolo26n_int8,true,15.84,22.98,0.01,6
../../val2017/000000250901.jpg,1789050448089,200,,104.11,yolo26m_fp16,true,13.28,69.48,0.01,6
../../val2017/000000259597.jpg,1789050448097,200,,38.05,yolo26n_int8,true,13.97,10.93,0.01,10
../../val2017/000000258911.jpg,1789050448111,200,,62.71,yolo26m_fp16,true,14.35,21.78,0.01,9
../../val2017/000000260925.jpg,1789050448114,200,,39.43,yolo26n_int8,true,15.56,8.64,0.01,2
../../val2017/000000261097.jpg,1789050448131,200,,41.40,yolo26n_int8,true,15.42,11.05,0.01,3
../../val2017/000000255912.jpg,1789050448132,200,,117.12,yolo26m_fp16,true,14.72,66.00,0.01,7
../../val2017/000000262487.jpg,1789050448153,200,,55.47,yolo26n_int8,true,16.18,11.42,0.01,3
../../val2017/000000251572.jpg,1789050448154,200,,161.46,yolo26m_fp16,true,11.67,110.86,0.01,2
../../val2017/000000263463.jpg,1789050448157,200,,45.63,yolo26n_int8,true,15.16,15.12,0.01,0
../../val2017/000000260657.jpg,1789050448174,200,,113.17,yolo26m_fp16,true,15.47,55.80,0.01,0
../../val2017/000000264535.jpg,1789050448182,200,,51.37,yolo26n_int8,true,17.99,12.44,0.01,4
../../val2017/000000261061.jpg,1789050448193,200,,106.17,yolo26m_fp16,true,16.07,54.15,0.02,2
../../val2017/000000266206.jpg,1789050448200,200,,46.24,yolo26n_int8,true,19.66,10.99,0.01,0
../../val2017/000000267300.jpg,1789050448210,200,,52.52,yolo26n_int8,true,18.00,21.52,0.01,2
../../val2017/000000267670.jpg,1789050448222,200,,38.92,yolo26n_int8,true,15.65,9.17,0.01,1
../../val2017/000000263474.jpg,1789050448222,200,,108.57,yolo26m_fp16,true,17.76,53.45,0.01,1
../../val2017/000000264968.jpg,1789050448233,200,,100.34,yolo26m_fp16,true,15.59,52.48,0.01,7
../../val2017/000000270244.jpg,1789050448245,200,,45.00,yolo26n_int8,true,15.56,11.98,0.01,1
../../val2017/000000266400.jpg,1789050448253,200,,98.81,yolo26m_fp16,true,15.85,49.62,0.01,11
../../val2017/000000270297.jpg,1789050448270,200,,59.53,yolo26n_int8,true,20.70,12.95,0.01,1
../../val2017/000000272364.jpg,1789050448283,200,,49.07,yolo26n_int8,true,16.47,10.81,0.01,2
../../val2017/000000267537.jpg,1789050448284,200,,109.64,yolo26m_fp16,true,16.32,53.86,0.01,14
../../val2017/000000270677.jpg,1789050448287,200,,64.84,yolo26n_int8,true,10.57,15.88,0.01,2
../../val2017/000000273711.jpg,1789050448300,200,,43.75,yolo26n_int8,true,13.23,14.23,0.01,9
../../val2017/000000269682.jpg,1789050448305,200,,111.14,yolo26m_fp16,true,18.18,54.04,0.01,9
../../val2017/000000271997.jpg,1789050448323,200,,100.09,yolo26m_fp16,true,22.33,48.36,0.01,2
../../val2017/000000276285.jpg,1789050448337,200,,52.99,yolo26n_int8,true,16.49,16.03,0.01,9
../../val2017/000000276720.jpg,1789050448347,200,,60.08,yolo26n_int8,true,17.69,25.28,0.01,4
../../val2017/000000273642.jpg,1789050448347,200,,102.39,yolo26m_fp16,true,17.38,62.42,0.01,3
../../val2017/000000278006.jpg,1789050448358,200,,52.64,yolo26n_int8,true,9.79,30.67,0.01,0
../../val2017/000000277197.jpg,1789050448373,200,,73.17,yolo26n_int8,true,16.38,39.01,0.01,4
../../val2017/000000273715.jpg,1789050448373,200,,103.45,yolo26m_fp16,true,13.45,66.51,0.01,6
../../val2017/000000280891.jpg,1789050448380,200,,42.27,yolo26n_int8,true,14.63,12.56,0.01,7
../../val2017/000000281754.jpg,1789050448391,200,,42.69,yolo26n_int8,true,12.60,12.78,0.01,3
../../val2017/000000275791.jpg,1789050448401,200,,117.81,yolo26m_fp16,true,13.32,53.91,0.01,4
../../val2017/000000278848.jpg,1789050448414,200,,91.00,yolo26m_fp16,true,13.85,60.07,0.01,11
../../val2017/000000283113.jpg,1789050448423,200,,49.02,yolo26n_int8,true,16.09,10.80,0.01,4
../../val2017/000000281687.jpg,1789050448438,200,,90.92,yolo26m_fp16,true,14.66,59.62,0.01,15
../../val2017/000000283412.jpg,1789050448439,200,,58.70,yolo26n_int8,true,17.27,24.07,0.01,3
../../val2017/000000284991.jpg,1789050448451,200,,59.86,yolo26n_int8,true,13.31,32.67,0.01,1
../../val2017/000000282046.jpg,1789050448462,200,,103.46,yolo26m_fp16,true,19.37,58.73,0.01,1
../../val2017/000000285349.jpg,1789050448464,200,,62.87,yolo26n_int8,true,10.76,39.25,0.01,1
../../val2017/000000283070.jpg,1789050448481,200,,107.19,yolo26m_fp16,true,15.46,48.74,0.01,5
../../val2017/000000286908.jpg,1789050448485,200,,62.16,yolo26n_int8,true,20.20,11.42,0.01,19
../../val2017/000000287527.jpg,1789050448495,200,,54.90,yolo26n_int8,true,16.85,19.49,0.01,3
../../val2017/000000290163.jpg,1789050448508,200,,45.90,yolo26n_int8,true,14.47,11.37,0.01,6
../../val2017/000000286849.jpg,1789050448512,200,,97.55,yolo26m_fp16,true,15.76,62.50,0.01,4
../../val2017/000000292225.jpg,1789050448520,200,,38.20,yolo26n_int8,true,14.06,14.83,0.01,4
../../val2017/000000292488.jpg,1789050448534,200,,38.90,yolo26n_int8,true,14.66,11.60,0.01,2
../../val2017/000000289516.jpg,1789050448535,200,,95.23,yolo26m_fp16,true,15.72,60.37,0.01,3
../../val2017/000000292908.jpg,1789050448547,200,,39.06,yolo26n_int8,true,11.69,12.31,0.01,2
../../val2017/000000292997.jpg,1789050448560,200,,47.66,yolo26n_int8,true,13.94,16.76,0.01,8
../../val2017/000000289594.jpg,1789050448562,200,,110.33,yolo26m_fp16,true,15.12,69.52,0.01,3
../../val2017/000000293245.jpg,1789050448580,200,,44.74,yolo26n_int8,true,13.86,12.06,0.01,1
../../val2017/000000291619.jpg,1789050448581,200,,116.86,yolo26m_fp16,true,13.21,68.22,0.01,3
../../val2017/000000293794.jpg,1789050448589,200,,41.96,yolo26n_int8,true,13.40,15.02,0.01,8
../../val2017/000000294831.jpg,1789050448602,200,,40.55,yolo26n_int8,true,9.85,15.69,0.01,5
../../val2017/000000292456.jpg,1789050448607,200,,121.07,yolo26m_fp16,true,13.43,68.82,0.01,7
../../val2017/000000293071.jpg,1789050448626,200,,105.76,yolo26m_fp16,true,16.64,62.28,0.01,4
../../val2017/000000296224.jpg,1789050448628,200,,46.05,yolo26n_int8,true,16.68,12.40,0.01,1
../../val2017/000000296284.jpg,1789050448640,200,,49.89,yolo26n_int8,true,17.71,22.43,0.01,1
../../val2017/000000297353.jpg,1789050448648,200,,44.94,yolo26n_int8,true,7.40,23.22,0.01,2
../../val2017/000000293300.jpg,1789050448653,200,,117.94,yolo26m_fp16,true,14.94,56.69,0.01,4
../../val2017/000000299355.jpg,1789050448665,200,,38.44,yolo26n_int8,true,14.54,11.64,0.01,1
../../val2017/000000294783.jpg,1789050448675,200,,114.94,yolo26m_fp16,true,14.54,59.71,0.01,5
../../val2017/000000301718.jpg,1789050448686,200,,45.89,yolo26n_int8,true,14.92,12.68,0.01,9
../../val2017/000000303305.jpg,1789050448700,200,,51.18,yolo26n_int8,true,12.49,14.94,0.01,1
../../val2017/000000295420.jpg,1789050448702,200,,121.82,yolo26m_fp16,true,12.45,61.66,0.01,6
../../val2017/000000303653.jpg,1789050448709,200,,54.78,yolo26n_int8,true,14.79,18.88,0.01,6
../../val2017/000000304396.jpg,1789050448720,200,,44.41,yolo26n_int8,true,15.30,13.77,0.01,2
../../val2017/000000297681.jpg,1789050448728,200,,118.27,yolo26m_fp16,true,13.63,67.86,0.01,2
../../val2017/000000305309.jpg,1789050448741,200,,40.49,yolo26n_int8,true,12.82,12.03,0.01,3
../../val2017/000000301376.jpg,1789050448750,200,,122.06,yolo26m_fp16,true,16.80,65.03,0.01,20
../../val2017/000000306582.jpg,1789050448759,200,,50.28,yolo26n_int8,true,17.64,12.69,0.01,0
../../val2017/000000304291.jpg,1789050448774,200,,107.20,yolo26m_fp16,true,14.73,64.18,0.01,1
../../val2017/000000306733.jpg,1789050448774,200,,53.53,yolo26n_int8,true,17.13,16.53,0.01,5
../../val2017/000000307145.jpg,1789050448784,200,,55.23,yolo26n_int8,true,17.83,27.75,0.01,2
../../val2017/000000308328.jpg,1789050448797,200,,46.31,yolo26n_int8,true,12.28,16.70,0.01,6
../../val2017/000000304560.jpg,1789050448798,200,,111.64,yolo26m_fp16,true,15.76,65.13,0.01,1
../../val2017/000000309173.jpg,1789050448816,200,,42.53,yolo26n_int8,true,16.79,12.04,0.01,1
../../val2017/000000305609.jpg,1789050448821,200,,118.28,yolo26m_fp16,true,18.72,60.68,0.01,9
../../val2017/000000309938.jpg,1789050448826,200,,42.57,yolo26n_int8,true,15.45,12.33,0.01,1
../../val2017/000000311789.jpg,1789050448838,200,,39.46,yolo26n_int8,true,12.02,13.54,0.01,2
../../val2017/000000307598.jpg,1789050448844,200,,102.97,yolo26m_fp16,true,16.09,62.83,0.01,1
../../val2017/000000312278.jpg,1789050448861,200,,44.05,yolo26n_int8,true,14.57,11.70,0.01,0
../../val2017/000000312406.jpg,1789050448869,200,,47.93,yolo26n_int8,true,13.72,19.03,0.01,3
../../val2017/000000308476.jpg,1789050448872,200,,112.92,yolo26m_fp16,true,13.92,65.74,0.01,2
../../val2017/000000313182.jpg,1789050448885,200,,43.51,yolo26n_int8,true,13.56,11.44,0.01,4
../../val2017/000000309678.jpg,1789050448896,200,,121.98,yolo26m_fp16,true,13.56,66.52,0.01,2
../../val2017/000000314182.jpg,1789050448903,200,,41.84,yolo26n_int8,true,17.85,9.17,0.03,8
../../val2017/000000316054.jpg,1789050448912,200,,39.13,yolo26n_int8,true,9.56,11.54,0.01,2
../../val2017/000000311518.jpg,1789050448923,200,,125.81,yolo26m_fp16,true,13.48,70.32,0.01,1
../../val2017/000000314914.jpg,1789050448929,200,,58.62,yolo26n_int8,true,17.07,13.19,0.01,1
../../val2017/000000313130.jpg,1789050448941,200,,114.16,yolo26m_fp16,true,14.26,64.71,0.01,6
../../val2017/000000322429.jpg,1789050448946,200,,49.45,yolo26n_int8,true,13.91,9.91,0.01,7
../../val2017/000000313562.jpg,1789050448958,200,,113.83,yolo26m_fp16,true,15.74,50.90,0.01,4
../../val2017/000000322959.jpg,1789050448963,200,,51.23,yolo26n_int8,true,23.72,7.48,0.00,4
../../val2017/000000326462.jpg,1789050448977,200,,47.76,yolo26n_int8,true,17.31,12.67,0.01,0
../../val2017/000000319607.jpg,1789050448985,200,,99.90,yolo26m_fp16,true,17.90,50.47,0.01,6
../../val2017/000000327617.jpg,1789050448990,200,,43.70,yolo26n_int8,true,16.00,11.12,0.01,2
../../val2017/000000328337.jpg,1789050449005,200,,41.28,yolo26n_int8,true,15.96,11.47,0.01,1
../../val2017/000000322610.jpg,1789050449008,200,,104.92,yolo26m_fp16,true,18.14,48.83,0.01,24
../../val2017/000000329614.jpg,1789050449014,200,,36.79,yolo26n_int8,true,16.46,10.94,0.01,9
../../val2017/000000330554.jpg,1789050449025,200,,39.12,yolo26n_int8,true,13.50,12.24,0.01,0
../../val2017/000000323263.jpg,1789050449034,200,,108.39,yolo26m_fp16,true,14.54,55.51,0.02,8
../../val2017/000000327601.jpg,1789050449050,200,,108.10,yolo26m_fp16,true,18.10,61.24,0.01,4
../../val2017/000000331075.jpg,1789050449055,200,,49.99,yolo26n_int8,true,18.06,6.85,0.01,1
../../val2017/000000331799.jpg,1789050449066,200,,51.50,yolo26n_int8,true,15.76,14.78,0.01,5
../../val2017/000000332351.jpg,1789050449075,200,,50.13,yolo26n_int8,true,10.00,25.68,0.01,9
../../val2017/000000330790.jpg,1789050449079,200,,88.78,yolo26m_fp16,true,25.61,25.67,0.01,3
../../val2017/000000332570.jpg,1789050449086,200,,51.84,yolo26n_int8,true,16.34,17.29,0.01,2
../../val2017/000000328030.jpg,1789050449097,200,,138.74,yolo26m_fp16,true,14.38,80.08,0.01,5
../../val2017/000000333697.jpg,1789050449107,200,,50.95,yolo26n_int8,true,18.47,11.04,0.01,0
../../val2017/000000333956.jpg,1789050449119,200,,43.02,yolo26n_int8,true,16.18,11.96,0.01,1
../../val2017/000000331352.jpg,1789050449122,200,,112.93,yolo26m_fp16,true,21.48,52.93,0.01,1
../../val2017/000000334555.jpg,1789050449131,200,,44.43,yolo26n_int8,true,13.72,11.09,0.01,13
../../val2017/000000336209.jpg,1789050449149,200,,41.54,yolo26n_int8,true,15.55,10.52,0.01,1
../../val2017/000000332901.jpg,1789050449149,200,,98.41,yolo26m_fp16,true,23.76,51.74,0.01,6
../../val2017/000000336265.jpg,1789050449168,200,,49.05,yolo26n_int8,true,18.17,11.79,0.01,2
../../val2017/000000333745.jpg,1789050449171,200,,103.76,yolo26m_fp16,true,15.70,62.15,0.01,6
../../val2017/000000336658.jpg,1789050449180,200,,57.05,yolo26n_int8,true,18.26,20.53,0.01,3
../../val2017/000000338901.jpg,1789050449190,200,,41.02,yolo26n_int8,true,13.18,12.71,0.01,4
../../val2017/000000334483.jpg,1789050449195,200,,115.88,yolo26m_fp16,true,13.44,65.95,0.01,20
../../val2017/000000339823.jpg,1789050449218,200,,49.68,yolo26n_int8,true,14.52,12.19,0.01,1
../../val2017/000000335427.jpg,1789050449219,200,,120.82,yolo26m_fp16,true,14.93,59.39,0.01,8
../../val2017/000000342186.jpg,1789050449226,200,,46.26,yolo26n_int8,true,15.59,11.39,0.01,2
../../val2017/000000343524.jpg,1789050449239,200,,43.46,yolo26n_int8,true,14.00,16.77,0.01,2
../../val2017/000000338191.jpg,1789050449243,200,,108.65,yolo26m_fp16,true,15.37,53.36,0.01,9
../../val2017/000000343315.jpg,1789050449249,200,,58.28,yolo26n_int8,true,9.15,26.80,0.01,1
../../val2017/000000338304.jpg,1789050449262,200,,113.32,yolo26m_fp16,true,13.82,62.75,0.01,18
../../val2017/000000343706.jpg,1789050449271,200,,51.84,yolo26n_int8,true,15.45,11.70,0.01,3
../../val2017/000000347254.jpg,1789050449284,200,,34.52,yolo26n_int8,true,12.69,8.55,0.01,3
../../val2017/000000339870.jpg,1789050449286,200,,115.52,yolo26m_fp16,true,15.48,60.04,0.01,4
../../val2017/000000346703.jpg,1789050449301,200,,61.49,yolo26n_int8,true,21.42,14.38,0.01,14
../../val2017/000000345356.jpg,1789050449310,200,,90.58,yolo26m_fp16,true,15.54,60.88,0.01,11
../../val2017/000000347370.jpg,1789050449310,200,,38.84,yolo26n_int8,true,15.70,9.81,0.01,1
../../val2017/000000345397.jpg,1789050449333,200,,106.69,yolo26m_fp16,true,15.88,64.18,0.01,3
../../val2017/000000347664.jpg,1789050449333,200,,46.63,yolo26n_int8,true,14.91,11.51,0.01,14
../../val2017/000000347456.jpg,1789050449340,200,,56.34,yolo26n_int8,true,18.23,18.40,0.01,2
../../val2017/000000347174.jpg,1789050449356,200,,112.74,yolo26m_fp16,true,14.05,61.02,0.01,2
../../val2017/000000349302.jpg,1789050449360,200,,49.10,yolo26n_int8,true,14.70,9.53,0.01,2
../../val2017/000000349860.jpg,1789050449376,200,,42.20,yolo26n_int8,true,15.93,11.36,0.01,4
../../val2017/000000347265.jpg,1789050449378,200,,115.34,yolo26m_fp16,true,15.63,57.12,0.01,2
../../val2017/000000350148.jpg,1789050449384,200,,43.54,yolo26n_int8,true,11.04,19.40,0.01,8
../../val2017/000000348012.jpg,1789050449398,200,,96.36,yolo26m_fp16,true,18.26,57.65,0.01,2
../../val2017/000000351589.jpg,1789050449403,200,,42.82,yolo26n_int8,true,18.50,9.19,0.01,2
../../val2017/000000352584.jpg,1789050449420,200,,41.75,yolo26n_int8,true,15.89,10.65,0.01,0
../../val2017/000000349184.jpg,1789050449421,200,,111.35,yolo26m_fp16,true,16.41,57.79,0.01,7
../../val2017/000000353027.jpg,1789050449426,200,,41.92,yolo26n_int8,true,11.93,13.71,0.01,3
../../val2017/000000353180.jpg,1789050449439,200,,40.61,yolo26n_int8,true,12.14,15.44,0.01,10
../../val2017/000000350054.jpg,1789050449448,200,,113.79,yolo26m_fp16,true,13.53,63.10,0.01,2
../../val2017/000000355610.jpg,1789050449459,200,,38.49,yolo26n_int8,true,14.67,11.60,0.01,2
../../val2017/000000356248.jpg,1789050449468,200,,41.64,yolo26n_int8,true,10.61,14.80,0.01,10
../../val2017/000000351559.jpg,1789050449470,200,,113.90,yolo26m_fp16,true,16.02,65.96,0.01,1
../../val2017/000000356261.jpg,1789050449489,200,,49.34,yolo26n_int8,true,14.55,10.91,0.01,3
../../val2017/000000351810.jpg,1789050449495,200,,117.25,yolo26m_fp16,true,15.71,66.51,0.01,12
../../val2017/000000356387.jpg,1789050449499,200,,51.00,yolo26n_int8,true,16.99,15.67,0.01,7
../../val2017/000000356498.jpg,1789050449514,200,,45.42,yolo26n_int8,true,15.02,11.82,0.01,0
../../val2017/000000354072.jpg,1789050449519,200,,115.98,yolo26m_fp16,true,18.50,65.64,0.01,3
../../val2017/000000357742.jpg,1789050449538,200,,49.24,yolo26n_int8,true,19.81,11.26,0.01,3
../../val2017/000000355817.jpg,1789050449542,200,,120.22,yolo26m_fp16,true,15.00,62.13,0.01,2
../../val2017/000000360097.jpg,1789050449548,200,,48.05,yolo26n_int8,true,15.28,20.61,0.01,1
../../val2017/000000360325.jpg,1789050449560,200,,45.54,yolo26n_int8,true,14.10,13.83,0.01,5
../../val2017/000000356432.jpg,1789050449570,200,,110.19,yolo26m_fp16,true,13.39,71.62,0.03,4
../../val2017/000000361142.jpg,1789050449570,200,,50.56,yolo26n_int8,true,17.38,19.18,0.01,7
../../val2017/000000361506.jpg,1789050449585,200,,42.89,yolo26n_int8,true,13.64,11.74,0.01,1
../../val2017/000000357459.jpg,1789050449592,200,,121.21,yolo26m_fp16,true,16.61,61.10,0.01,3
../../val2017/000000361919.jpg,1789050449605,200,,44.36,yolo26n_int8,true,14.06,12.56,0.01,10
../../val2017/000000364884.jpg,1789050449618,200,,45.78,yolo26n_int8,true,17.33,13.02,0.01,1
../../val2017/000000359937.jpg,1789050449621,200,,124.24,yolo26m_fp16,true,15.46,66.51,0.01,2
../../val2017/000000365098.jpg,1789050449625,200,,39.68,yolo26n_int8,true,16.55,9.03,0.01,0
../../val2017/000000365207.jpg,1789050449639,200,,46.74,yolo26n_int8,true,9.94,16.78,0.01,3
../../val2017/000000361238.jpg,1789050449643,200,,105.05,yolo26m_fp16,true,13.33,69.20,0.01,11
../../val2017/000000366141.jpg,1789050449659,200,,40.32,yolo26n_int8,true,12.75,11.93,0.01,2
../../val2017/000000366225.jpg,1789050449668,200,,43.05,yolo26n_int8,true,17.31,11.19,0.01,4
../../val2017/000000361621.jpg,1789050449669,200,,120.72,yolo26m_fp16,true,19.33,66.42,0.01,2
../../val2017/000000366884.jpg,1789050449689,200,,42.82,yolo26n_int8,true,14.06,11.12,0.01,3
../../val2017/000000364126.jpg,1789050449692,200,,122.53,yolo26m_fp16,true,13.56,66.28,0.01,2
../../val2017/000000366711.jpg,1789050449697,200,,57.84,yolo26n_int8,true,12.53,19.27,0.01,6
../../val2017/000000367680.jpg,1789050449712,200,,43.14,yolo26n_int8,true,14.43,16.01,0.01,10
../../val2017/000000365766.jpg,1789050449716,200,,110.37,yolo26m_fp16,true,18.08,56.51,0.01,4
../../val2017/000000370478.jpg,1789050449732,200,,42.97,yolo26n_int8,true,15.54,11.13,0.01,3
../../val2017/000000366178.jpg,1789050449733,200,,111.84,yolo26m_fp16,true,14.17,63.72,0.01,4
../../val2017/000000370999.jpg,1789050449743,200,,44.86,yolo26n_int8,true,15.88,16.54,0.01,2
../../val2017/000000372349.jpg,1789050449766,200,,47.70,yolo26n_int8,true,17.24,10.37,0.01,2
../../val2017/000000367228.jpg,1789050449767,200,,108.15,yolo26m_fp16,true,13.80,62.99,0.01,3
../../val2017/000000374551.jpg,1789050449776,200,,42.12,yolo26n_int8,true,17.45,10.30,0.01,1
../../val2017/000000376307.jpg,1789050449788,200,,44.86,yolo26n_int8,true,15.89,13.21,0.01,4
../../val2017/000000369541.jpg,1789050449797,200,,128.26,yolo26m_fp16,true,16.14,69.51,0.01,7
../../val2017/000000370818.jpg,1789050449818,200,,125.64,yolo26m_fp16,true,19.16,66.20,0.01,3
../../val2017/000000376856.jpg,1789050449819,200,,52.86,yolo26n_int8,true,15.65,13.74,0.01,1
../../val2017/000000377000.jpg,1789050449833,200,,56.41,yolo26n_int8,true,17.60,13.33,0.01,1
../../val2017/000000377635.jpg,1789050449842,200,,53.53,yolo26n_int8,true,18.56,10.12,0.01,3
../../val2017/000000371552.jpg,1789050449844,200,,131.60,yolo26m_fp16,true,15.03,70.32,0.01,7
../../val2017/000000377670.jpg,1789050449853,200,,54.85,yolo26n_int8,true,9.29,15.63,0.01,3
../../val2017/000000373705.jpg,1789050449866,200,,132.88,yolo26m_fp16,true,12.07,75.25,0.01,8
../../val2017/000000377882.jpg,1789050449871,200,,51.65,yolo26n_int8,true,16.04,8.89,0.01,0
../../val2017/000000379453.jpg,1789050449882,200,,40.67,yolo26n_int8,true,14.86,15.22,0.01,1
../../val2017/000000382030.jpg,1789050449891,200,,37.81,yolo26n_int8,true,15.41,9.06,0.01,1
../../val2017/000000376900.jpg,1789050449891,200,,123.98,yolo26m_fp16,true,17.17,53.81,0.01,15
../../val2017/000000377723.jpg,1789050449907,200,,88.62,yolo26m_fp16,true,13.14,56.03,0.01,15
../../val2017/000000382734.jpg,1789050449912,200,,40.89,yolo26n_int8,true,15.31,9.94,0.01,0
../../val2017/000000383386.jpg,1789050449925,200,,42.56,yolo26n_int8,true,12.36,12.29,0.01,3
../../val2017/000000378116.jpg,1789050449929,200,,96.08,yolo26m_fp16,true,14.54,53.69,0.01,2
../../val2017/000000383606.jpg,1789050449940,200,,48.11,yolo26n_int8,true,16.09,11.25,0.01,2
../../val2017/000000384527.jpg,1789050449950,200,,42.09,yolo26n_int8,true,10.28,15.21,0.01,7
../../val2017/000000380913.jpg,1789050449956,200,,111.81,yolo26m_fp16,true,13.29,60.52,0.01,16
../../val2017/000000386134.jpg,1789050449973,200,,47.39,yolo26n_int8,true,16.32,10.79,0.01,0
../../val2017/000000382122.jpg,1789050449976,200,,110.12,yolo26m_fp16,true,17.47,53.20,0.03,1
../../val2017/000000389197.jpg,1789050449985,200,,45.06,yolo26n_int8,true,16.79,12.04,0.01,5
../../val2017/000000389451.jpg,1789050449996,200,,45.56,yolo26n_int8,true,10.56,18.96,0.01,9
../../val2017/000000383921.jpg,1789050450004,200,,110.95,yolo26m_fp16,true,18.96,58.99,0.01,13
../../val2017/000000389532.jpg,1789050450005,200,,48.54,yolo26n_int8,true,14.01,22.48,0.01,4
../../val2017/000000391140.jpg,1789050450018,200,,41.21,yolo26n_int8,true,13.31,10.72,0.01,1
../../val2017/000000384666.jpg,1789050450026,200,,113.90,yolo26m_fp16,true,14.31,68.72,0.01,10
../../val2017/000000393056.jpg,1789050450041,200,,45.09,yolo26n_int8,true,13.99,14.22,0.01,1
../../val2017/000000387916.jpg,1789050450051,200,,120.97,yolo26m_fp16,true,16.00,61.85,0.01,14
../../val2017/000000393093.jpg,1789050450052,200,,47.75,yolo26n_int8,true,14.99,11.71,0.01,4
../../val2017/000000395575.jpg,1789050450066,200,,48.60,yolo26n_int8,true,15.69,15.01,0.01,1
../../val2017/000000396518.jpg,1789050450076,200,,49.03,yolo26n_int8,true,19.26,14.19,0.01,2
../../val2017/000000389812.jpg,1789050450077,200,,101.04,yolo26m_fp16,true,12.01,65.92,0.01,2
../../val2017/000000397354.jpg,1789050450086,200,,34.83,yolo26n_int8,true,9.28,12.64,0.01,15
../../val2017/000000393014.jpg,1789050450098,200,,111.93,yolo26m_fp16,true,14.88,55.90,0.01,3
../../val2017/000000399560.jpg,1789050450116,200,,49.10,yolo26n_int8,true,15.45,12.81,0.01,1
../../val2017/000000393226.jpg,1789050450118,200,,112.91,yolo26m_fp16,true,15.80,58.01,0.01,12
../../val2017/000000400573.jpg,1789050450124,200,,37.98,yolo26n_int8,true,9.41,12.31,0.01,2
../../val2017/000000400161.jpg,1789050450140,200,,62.77,yolo26n_int8,true,15.13,21.51,0.01,5
../../val2017/000000396580.jpg,1789050450144,200,,101.93,yolo26m_fp16,true,17.26,54.27,0.01,1
../../val2017/000000401244.jpg,1789050450151,200,,52.94,yolo26n_int8,true,17.06,19.18,0.01,2
../../val2017/000000402334.jpg,1789050450163,200,,44.60,yolo26n_int8,true,19.30,11.28,0.01,2
../../val2017/000000399296.jpg,1789050450168,200,,115.37,yolo26m_fp16,true,14.20,59.72,0.01,9
../../val2017/000000402765.jpg,1789050450178,200,,37.42,yolo26n_int8,true,14.18,12.84,0.01,1
../../val2017/000000403385.jpg,1789050450192,200,,40.59,yolo26n_int8,true,14.79,11.98,0.01,3
../../val2017/000000400082.jpg,1789050450192,200,,116.37,yolo26m_fp16,true,14.92,67.17,0.01,5
../../val2017/000000404128.jpg,1789050450202,200,,33.08,yolo26n_int8,true,9.94,10.62,0.01,1
../../val2017/000000403584.jpg,1789050450215,200,,52.48,yolo26n_int8,true,13.61,14.97,0.01,3
../../val2017/000000402096.jpg,1789050450219,200,,103.16,yolo26m_fp16,true,14.58,72.37,0.01,0
../../val2017/000000405691.jpg,1789050450237,200,,44.85,yolo26n_int8,true,13.49,11.39,0.01,6
../../val2017/000000407524.jpg,1789050450247,200,,44.92,yolo26n_int8,true,13.38,18.36,0.01,3
../../val2017/000000402615.jpg,1789050450250,200,,124.86,yolo26m_fp16,true,13.68,73.66,0.01,8
../../val2017/000000408120.jpg,1789050450256,200,,36.65,yolo26n_int8,true,9.42,11.71,0.01,2
../../val2017/000000407825.jpg,1789050450270,200,,53.97,yolo26n_int8,true,15.99,22.59,0.01,1
../../val2017/000000405972.jpg,1789050450276,200,,83.72,yolo26m_fp16,true,14.60,24.22,0.01,2
../../val2017/000000410510.jpg,1789050450291,200,,43.34,yolo26n_int8,true,17.41,11.57,0.01,2
../../val2017/000000404479.jpg,1789050450299,200,,120.84,yolo26m_fp16,true,13.98,73.48,0.01,2
../../val2017/000000410880.jpg,1789050450301,200,,44.13,yolo26n_int8,true,13.26,19.27,0.01,3
../../val2017/000000411953.jpg,1789050450313,200,,42.84,yolo26n_int8,true,14.72,12.92,0.01,2
../../val2017/000000412887.jpg,1789050450323,200,,46.26,yolo26n_int8,true,14.99,10.85,0.01,2
../../val2017/000000403122.jpg,1789050450324,200,,180.45,yolo26m_fp16,true,15.44,126.73,0.01,28
../../val2017/000000413552.jpg,1789050450336,200,,37.18,yolo26n_int8,true,14.58,11.65,0.01,1
../../val2017/000000410496.jpg,1789050450344,200,,107.06,yolo26m_fp16,true,20.03,60.59,0.01,16
../../val2017/000000415194.jpg,1789050450357,200,,43.38,yolo26n_int8,true,15.67,10.52,0.01,4
../../val2017/000000416745.jpg,1789050450368,200,,43.24,yolo26n_int8,true,15.26,11.46,0.01,1
../../val2017/000000410612.jpg,1789050450371,200,,121.22,yolo26m_fp16,true,14.68,67.11,0.01,2
../../val2017/000000416758.jpg,1789050450386,200,,49.71,yolo26n_int8,true,14.31,12.37,0.01,2
../../val2017/000000416991.jpg,1789050450397,200,,51.82,yolo26n_int8,true,14.53,22.64,0.01,6
../../val2017/000000413247.jpg,1789050450399,200,,106.86,yolo26m_fp16,true,12.25,68.67,0.01,4
../../val2017/000000417465.jpg,1789050450406,200,,38.05,yolo26n_int8,true,8.27,8.38,0.01,3
../../val2017/000000414170.jpg,1789050450422,200,,120.76,yolo26m_fp16,true,14.51,61.10,0.01,7
../../val2017/000000419379.jpg,1789050450428,200,,41.01,yolo26n_int8,true,13.20,8.75,0.01,6
../../val2017/000000416256.jpg,1789050450434,200,,110.22,yolo26m_fp16,true,14.95,61.62,0.01,3
../../val2017/000000419653.jpg,1789050450448,200,,47.95,yolo26n_int8,true,20.49,11.02,0.01,7
../../val2017/000000419882.jpg,1789050450460,200,,52.95,yolo26n_int8,true,17.29,19.20,0.01,3
../../val2017/000000417043.jpg,1789050450464,200,,106.45,yolo26m_fp16,true,15.32,64.95,0.01,1
../../val2017/000000419974.jpg,1789050450469,200,,47.29,yolo26n_int8,true,12.89,14.43,0.01,7
../../val2017/000000420840.jpg,1789050450481,200,,46.95,yolo26n_int8,true,13.80,17.98,0.01,3
../../val2017/000000417911.jpg,1789050450490,200,,116.38,yolo26m_fp16,true,15.10,57.08,0.01,2
../../val2017/000000424162.jpg,1789050450509,200,,39.16,yolo26n_int8,true,11.68,10.07,0.01,8
../../val2017/000000419408.jpg,1789050450512,200,,115.12,yolo26m_fp16,true,20.17,44.80,0.01,11
../../val2017/000000423617.jpg,1789050450522,200,,62.17,yolo26n_int8,true,18.03,24.42,0.01,9
../../val2017/000000424349.jpg,1789050450533,200,,51.52,yolo26n_int8,true,18.05,11.16,0.01,3
../../val2017/000000420281.jpg,1789050450534,200,,106.02,yolo26m_fp16,true,14.77,67.84,0.01,4
../../val2017/000000424545.jpg,1789050450543,200,,52.58,yolo26n_int8,true,17.10,20.53,0.01,1
../../val2017/000000424642.jpg,1789050450554,200,,40.83,yolo26n_int8,true,12.89,12.90,0.01,4
../../val2017/000000422886.jpg,1789050450562,200,,113.69,yolo26m_fp16,true,18.00,57.53,0.01,2
../../val2017/000000426241.jpg,1789050450575,200,,41.96,yolo26n_int8,true,14.34,12.60,0.01,6
../../val2017/000000428867.jpg,1789050450585,200,,42.52,yolo26n_int8,true,13.99,17.29,0.01,6
../../val2017/000000423798.jpg,1789050450586,200,,120.80,yolo26m_fp16,true,16.55,63.34,0.01,5
../../val2017/000000429598.jpg,1789050450596,200,,41.91,yolo26n_int8,true,11.41,13.53,0.01,3
../../val2017/000000430871.jpg,1789050450608,200,,46.23,yolo26n_int8,true,14.03,19.71,0.01,1
../../val2017/000000424551.jpg,1789050450614,200,,104.73,yolo26m_fp16,true,13.33,71.08,0.01,3
../../val2017/000000425906.jpg,1789050450629,200,,106.56,yolo26m_fp16,true,16.55,64.12,0.01,11
../../val2017/000000433243.jpg,1789050450637,200,,40.89,yolo26n_int8,true,9.69,10.53,0.01,2
../../val2017/000000431876.jpg,1789050450650,200,,63.71,yolo26n_int8,true,17.24,20.61,0.01,8
../../val2017/000000427649.jpg,1789050450655,200,,120.43,yolo26m_fp16,true,15.33,65.01,0.01,1
../../val2017/000000433374.jpg,1789050450660,200,,51.06,yolo26n_int8,true,17.86,12.87,0.01,4
../../val2017/000000434247.jpg,1789050450674,200,,59.37,yolo26n_int8,true,14.68,26.54,0.01,6
../../val2017/000000430961.jpg,1789050450679,200,,103.19,yolo26m_fp16,true,14.31,71.06,0.05,8
../../val2017/000000434548.jpg,1789050450682,200,,44.87,yolo26n_int8,true,15.29,14.04,0.01,3
../../val2017/000000437898.jpg,1789050450699,200,,43.50,yolo26n_int8,true,12.80,12.51,0.01,4
../../val2017/000000432898.jpg,1789050450699,200,,110.19,yolo26m_fp16,true,18.36,53.52,0.01,25
../../val2017/000000439994.jpg,1789050450717,200,,43.15,yolo26n_int8,true,14.13,12.48,0.01,3
../../val2017/000000434479.jpg,1789050450722,200,,92.22,yolo26m_fp16,true,13.63,66.56,0.01,2
../../val2017/000000441553.jpg,1789050450726,200,,42.83,yolo26n_int8,true,12.15,19.68,0.01,9
../../val2017/000000442463.jpg,1789050450742,200,,42.01,yolo26n_int8,true,14.96,11.38,0.01,2
../../val2017/000000437110.jpg,1789050450746,200,,96.01,yolo26m_fp16,true,14.44,58.45,0.01,1
../../val2017/000000442661.jpg,1789050450759,200,,41.91,yolo26n_int8,true,13.57,11.21,0.01,1
../../val2017/000000442836.jpg,1789050450771,200,,45.85,yolo26n_int8,true,9.54,13.49,0.01,3
../../val2017/000000439180.jpg,1789050450772,200,,112.06,yolo26m_fp16,true,15.27,59.67,0.03,31
../../val2017/000000445722.jpg,1789050450782,200,,40.23,yolo26n_int8,true,14.20,13.17,0.01,3
../../val2017/000000441247.jpg,1789050450793,200,,114.13,yolo26m_fp16,true,13.80,63.11,0.01,17
../../val2017/000000445999.jpg,1789050450798,200,,38.13,yolo26n_int8,true,14.17,11.79,0.01,1
../../val2017/000000446522.jpg,1789050450807,200,,34.88,yolo26n_int8,true,9.07,13.61,0.01,4
../../val2017/000000441586.jpg,1789050450815,200,,115.62,yolo26m_fp16,true,16.88,57.80,0.01,11
../../val2017/000000446574.jpg,1789050450823,200,,40.02,yolo26n_int8,true,15.52,9.77,0.01,1
../../val2017/000000445602.jpg,1789050450834,200,,106.89,yolo26m_fp16,true,13.50,60.44,0.01,7
../../val2017/000000448448.jpg,1789050450846,200,,37.44,yolo26n_int8,true,9.70,10.72,0.01,1
../../val2017/000000447313.jpg,1789050450860,200,,66.04,yolo26n_int8,true,14.80,22.41,0.01,2
../../val2017/000000445846.jpg,1789050450865,200,,117.93,yolo26m_fp16,true,14.83,65.05,0.01,2
../../val2017/000000449996.jpg,1789050450872,200,,49.66,yolo26n_int8,true,13.95,16.82,0.01,4
../../val2017/000000451043.jpg,1789050450885,200,,39.12,yolo26n_int8,true,13.68,12.21,0.01,1
../../val2017/000000446207.jpg,1789050450888,200,,116.13,yolo26m_fp16,true,13.06,69.53,0.01,1
../../val2017/000000451155.jpg,1789050450892,200,,26.84,yolo26n_int8,true,9.89,8.07,0.01,2
../../val2017/000000451144.jpg,1789050450907,200,,46.57,yolo26n_int8,true,13.45,15.29,0.01,2
../../val2017/000000447314.jpg,1789050450913,200,,114.70,yolo26m_fp16,true,16.32,68.03,0.01,8
../../val2017/000000452784.jpg,1789050450928,200,,42.21,yolo26n_int8,true,16.48,11.75,0.01,1
../../val2017/000000449579.jpg,1789050450935,200,,119.99,yolo26m_fp16,true,12.17,77.24,0.01,2
../../val2017/000000453040.jpg,1789050450937,200,,45.40,yolo26n_int8,true,11.26,18.53,0.01,0
../../val2017/000000453860.jpg,1789050450951,200,,43.46,yolo26n_int8,true,14.29,15.14,0.01,2
../../val2017/000000450100.jpg,1789050450960,200,,126.50,yolo26m_fp16,true,13.99,68.55,0.01,7
../../val2017/000000453981.jpg,1789050450962,200,,49.00,yolo26n_int8,true,17.79,9.98,0.00,1
../../val2017/000000454798.jpg,1789050450981,200,,45.91,yolo26n_int8,true,15.26,10.87,0.01,3
../../val2017/000000452084.jpg,1789050450984,200,,111.27,yolo26m_fp16,true,15.85,56.95,0.01,6
../../val2017/000000456292.jpg,1789050450990,200,,39.02,yolo26n_int8,true,15.03,11.09,0.01,0
../../val2017/000000457884.jpg,1789050451009,200,,45.92,yolo26n_int8,true,15.37,10.36,0.01,5
../../val2017/000000452891.jpg,1789050451009,200,,121.20,yolo26m_fp16,true,17.05,55.46,0.01,3
../../val2017/000000454661.jpg,1789050451022,200,,93.90,yolo26m_fp16,true,14.95,55.50,0.01,9
../../val2017/000000458410.jpg,1789050451036,200,,51.06,yolo26n_int8,true,15.70,10.87,0.01,2
../../val2017/000000455219.jpg,1789050451048,200,,109.80,yolo26m_fp16,true,13.38,48.07,0.01,4
../../val2017/000000458702.jpg,1789050451049,200,,58.55,yolo26n_int8,true,15.99,23.67,0.01,3
../../val2017/000000460333.jpg,1789050451062,200,,52.29,yolo26n_int8,true,16.21,17.91,0.01,4
../../val2017/000000457262.jpg,1789050451071,200,,109.81,yolo26m_fp16,true,14.32,58.38,0.01,3
../../val2017/000000460494.jpg,1789050451072,200,,50.32,yolo26n_int8,true,15.30,16.43,0.01,4
../../val2017/000000460683.jpg,1789050451090,200,,42.23,yolo26n_int8,true,13.51,12.52,0.01,4
../../val2017/000000458255.jpg,1789050451092,200,,110.41,yolo26m_fp16,true,15.00,51.22,0.01,4
../../val2017/000000461573.jpg,1789050451113,200,,49.97,yolo26n_int8,true,19.30,11.04,0.01,1
../../val2017/000000459757.jpg,1789050451114,200,,104.22,yolo26m_fp16,true,14.89,54.74,0.00,1
../../val2017/000000462614.jpg,1789050451122,200,,48.97,yolo26n_int8,true,16.93,10.67,0.01,4
../../val2017/000000462728.jpg,1789050451132,200,,40.29,yolo26n_int8,true,13.74,14.08,0.01,2
../../val2017/000000460682.jpg,1789050451137,200,,100.88,yolo26m_fp16,true,11.55,69.86,0.01,1
../../val2017/000000463522.jpg,1789050451158,200,,43.68,yolo26n_int8,true,15.47,10.90,0.01,7
../../val2017/000000460927.jpg,1789050451159,200,,109.66,yolo26m_fp16,true,11.73,63.32,0.01,1
../../val2017/000000463618.jpg,1789050451165,200,,43.39,yolo26n_int8,true,9.62,17.36,0.01,4
../../val2017/000000463802.jpg,1789050451178,200,,41.55,yolo26n_int8,true,12.22,14.43,0.01,1
../../val2017/000000461751.jpg,1789050451182,200,,111.28,yolo26m_fp16,true,22.79,49.19,0.01,6
../../val2017/000000465430.jpg,1789050451202,200,,43.43,yolo26n_int8,true,15.83,11.49,0.01,3
../../val2017/000000462629.jpg,1789050451204,200,,113.70,yolo26m_fp16,true,18.19,56.91,0.01,9
../../val2017/000000469067.jpg,1789050451214,200,,48.85,yolo26n_int8,true,16.17,19.19,0.01,2
../../val2017/000000469192.jpg,1789050451227,200,,48.58,yolo26n_int8,true,13.08,16.01,0.01,8
../../val2017/000000463037.jpg,1789050451228,200,,115.08,yolo26m_fp16,true,14.00,62.22,0.01,2
../../val2017/000000470924.jpg,1789050451236,200,,53.56,yolo26n_int8,true,14.04,21.84,0.01,16
../../val2017/000000472623.jpg,1789050451249,200,,44.02,yolo26n_int8,true,13.23,14.77,0.01,4
../../val2017/000000464358.jpg,1789050451254,200,,117.00,yolo26m_fp16,true,12.72,71.77,0.01,3
../../val2017/000000473121.jpg,1789050451267,200,,40.17,yolo26n_int8,true,14.50,12.63,0.01,1
../../val2017/000000473974.jpg,1789050451278,200,,40.99,yolo26n_int8,true,10.77,12.02,0.01,5
../../val2017/000000465585.jpg,1789050451280,200,,121.08,yolo26m_fp16,true,15.29,66.57,0.01,9
../../val2017/000000471991.jpg,1789050451296,200,,93.23,yolo26m_fp16,true,12.85,60.34,0.01,1
../../val2017/000000474293.jpg,1789050451302,200,,47.67,yolo26n_int8,true,15.57,11.75,0.01,1
../../val2017/000000474164.jpg,1789050451314,200,,65.42,yolo26n_int8,true,17.16,20.39,0.01,3
../../val2017/000000474786.jpg,1789050451323,200,,45.60,yolo26n_int8,true,14.40,19.59,0.01,4
../../val2017/000000473015.jpg,1789050451324,200,,109.33,yolo26m_fp16,true,15.49,60.06,0.01,1
../../val2017/000000475572.jpg,1789050451335,200,,39.03,yolo26n_int8,true,15.17,10.87,0.01,4
../../val2017/000000473821.jpg,1789050451346,200,,116.98,yolo26m_fp16,true,14.69,64.00,0.01,6
../../val2017/000000476514.jpg,1789050451352,200,,37.36,yolo26n_int8,true,9.38,11.22,0.01,3
../../val2017/000000477118.jpg,1789050451364,200,,39.70,yolo26n_int8,true,15.08,13.22,0.01,0
../../val2017/000000474452.jpg,1789050451369,200,,100.97,yolo26m_fp16,true,16.30,61.03,0.01,10
../../val2017/000000477288.jpg,1789050451379,200,,43.04,yolo26n_int8,true,12.81,10.69,0.01,12
../../val2017/000000477955.jpg,1789050451392,200,,46.03,yolo26n_int8,true,15.59,12.60,0.01,3
../../val2017/000000474881.jpg,1789050451395,200,,115.23,yolo26m_fp16,true,13.18,68.59,0.01,4
../../val2017/000000479596.jpg,1789050451411,200,,45.08,yolo26n_int8,true,14.11,13.06,0.01,3
../../val2017/000000476491.jpg,1789050451415,200,,112.41,yolo26m_fp16,true,15.49,65.73,0.01,1
../../val2017/000000480122.jpg,1789050451421,200,,42.00,yolo26n_int8,true,7.00,7.22,0.12,12
../../val2017/000000481413.jpg,1789050451436,200,,39.84,yolo26n_int8,true,14.98,12.00,0.01,2
../../val2017/000000476787.jpg,1789050451440,200,,115.97,yolo26m_fp16,true,17.36,57.98,0.01,10
../../val2017/000000482477.jpg,1789050451451,200,,40.51,yolo26n_int8,true,13.77,11.64,0.01,1
../../val2017/000000482719.jpg,1789050451463,200,,47.57,yolo26n_int8,true,9.21,10.97,0.01,1
../../val2017/000000479448.jpg,1789050451465,200,,112.42,yolo26m_fp16,true,16.22,66.18,0.01,14
../../val2017/000000479953.jpg,1789050451483,200,,113.61,yolo26m_fp16,true,15.92,51.85,0.01,2
../../val2017/000000484296.jpg,1789050451494,200,,57.61,yolo26n_int8,true,16.84,13.47,0.01,2
../../val2017/000000484404.jpg,1789050451505,200,,53.18,yolo26n_int8,true,17.59,16.81,0.01,4
../../val2017/000000480212.jpg,1789050451507,200,,115.07,yolo26m_fp16,true,15.50,55.78,0.01,4
../../val2017/000000485027.jpg,1789050451516,200,,50.96,yolo26n_int8,true,14.96,15.76,0.01,3
../../val2017/000000484893.jpg,1789050451524,200,,60.75,yolo26n_int8,true,11.26,21.86,0.01,3
../../val2017/000000485480.jpg,1789050451536,200,,42.17,yolo26n_int8,true,15.88,13.03,0.01,5
../../val2017/000000483999.jpg,1789050451537,200,,115.33,yolo26m_fp16,true,16.44,61.84,0.01,42
../../val2017/000000486112.jpg,1789050451554,200,,45.88,yolo26n_int8,true,12.42,12.46,0.01,2
../../val2017/000000484351.jpg,1789050451558,200,,118.11,yolo26m_fp16,true,14.73,59.64,0.01,28
../../val2017/000000488736.jpg,1789050451574,200,,49.56,yolo26n_int8,true,13.74,11.64,0.02,3
../../val2017/000000489764.jpg,1789050451586,200,,48.88,yolo26n_int8,true,14.77,19.22,0.01,2
../../val2017/000000485130.jpg,1789050451588,200,,105.51,yolo26m_fp16,true,16.57,74.40,0.01,1
../../val2017/000000489842.jpg,1789050451596,200,,42.37,yolo26n_int8,true,14.78,10.99,0.01,15
../../val2017/000000489924.jpg,1789050451611,200,,52.16,yolo26n_int8,true,17.98,14.46,0.01,4
../../val2017/000000489611.jpg,1789050451613,200,,76.32,yolo26m_fp16,true,14.75,23.93,0.01,4
../../val2017/000000490936.jpg,1789050451635,200,,47.42,yolo26n_int8,true,15.37,10.88,0.01,9
../../val2017/000000488592.jpg,1789050451636,200,,117.98,yolo26m_fp16,true,18.50,58.94,0.01,9
../../val2017/000000491464.jpg,1789050451642,200,,45.90,yolo26n_int8,true,13.97,16.39,0.01,1
../../val2017/000000485802.jpg,1789050451658,200,,152.79,yolo26m_fp16,true,13.71,122.87,0.01,1
../../val2017/000000492284.jpg,1789050451659,200,,45.23,yolo26n_int8,true,15.35,10.38,0.01,3
../../val2017/000000493799.jpg,1789050451676,200,,38.95,yolo26n_int8,true,9.00,9.67,0.01,4
../../val2017/000000490125.jpg,1789050451681,200,,106.56,yolo26m_fp16,true,15.07,59.51,0.01,17
../../val2017/000000493864.jpg,1789050451692,200,,49.29,yolo26n_int8,true,20.82,11.83,0.01,3
../../val2017/000000494913.jpg,1789050451704,200,,45.65,yolo26n_int8,true,13.55,16.18,0.01,3
../../val2017/000000491213.jpg,1789050451705,200,,116.37,yolo26m_fp16,true,16.79,52.50,0.01,7
../../val2017/000000495448.jpg,1789050451715,200,,39.55,yolo26n_int8,true,7.52,10.91,0.01,0
../../val2017/000000491867.jpg,1789050451727,200,,114.95,yolo26m_fp16,true,15.70,54.18,0.01,7
../../val2017/000000499181.jpg,1789050451735,200,,42.16,yolo26n_int8,true,15.13,10.69,0.01,7
../../val2017/000000492968.jpg,1789050451747,200,,111.94,yolo26m_fp16,true,15.18,57.46,0.01,2
../../val2017/000000500663.jpg,1789050451751,200,,35.40,yolo26n_int8,true,11.49,12.32,0.01,2
../../val2017/000000500464.jpg,1789050451764,200,,56.91,yolo26n_int8,true,18.04,22.17,0.01,1
../../val2017/000000502168.jpg,1789050451774,200,,47.23,yolo26n_int8,true,16.18,11.73,0.01,9
../../val2017/000000495054.jpg,1789050451777,200,,117.18,yolo26m_fp16,true,14.83,64.81,0.01,5
../../val2017/000000502737.jpg,1789050451787,200,,39.45,yolo26n_int8,true,13.46,10.50,0.01,2
../../val2017/000000502732.jpg,1789050451797,200,,61.72,yolo26m_fp16,true,13.85,18.43,0.01,1
../../val2017/000000503855.jpg,1789050451812,200,,47.25,yolo26n_int8,true,12.59,15.45,0.01,17
../../val2017/000000499768.jpg,1789050451819,200,,114.64,yolo26m_fp16,true,15.34,60.19,0.01,2
../../val2017/000000505573.jpg,1789050451822,200,,45.47,yolo26n_int8,true,15.55,18.23,0.01,1
../../val2017/000000505565.jpg,1789050451837,200,,62.31,yolo26n_int8,true,14.05,22.17,0.01,2
../../val2017/000000507015.jpg,1789050451846,200,,48.72,yolo26n_int8,true,13.21,20.06,0.01,10
../../val2017/000000496571.jpg,1789050451846,200,,164.71,yolo26m_fp16,true,13.97,111.14,0.01,14
../../val2017/000000508101.jpg,1789050451856,200,,37.19,yolo26n_int8,true,10.03,14.47,0.01,2
../../val2017/000000503841.jpg,1789050451866,200,,115.02,yolo26m_fp16,true,15.76,54.95,0.06,2
../../val2017/000000508639.jpg,1789050451883,200,,45.78,yolo26n_int8,true,14.26,12.82,0.01,0
../../val2017/000000509699.jpg,1789050451892,200,,46.04,yolo26n_int8,true,13.27,17.77,0.01,2
../../val2017/000000506178.jpg,1789050451893,200,,106.20,yolo26m_fp16,true,15.18,70.12,0.01,3
../../val2017/000000510329.jpg,1789050451903,200,,46.14,yolo26n_int8,true,11.77,14.25,0.01,4
../../val2017/000000511398.jpg,1789050451916,200,,48.91,yolo26n_int8,true,15.54,11.12,0.01,1
../../val2017/000000507797.jpg,1789050451918,200,,106.43,yolo26m_fp16,true,14.53,69.91,0.01,16
../../val2017/000000508586.jpg,1789050451934,200,,111.40,yolo26m_fp16,true,18.19,56.60,0.01,8
../../val2017/000000513484.jpg,1789050451939,200,,36.42,yolo26n_int8,true,9.97,9.05,0.01,1
../../val2017/000000512929.jpg,1789050451954,200,,61.64,yolo26n_int8,true,19.86,20.93,0.01,3
../../val2017/000000513567.jpg,1789050451964,200,,47.95,yolo26n_int8,true,15.51,14.37,0.01,10
../../val2017/000000509131.jpg,1789050451964,200,,118.66,yolo26m_fp16,true,13.48,69.78,0.01,7
../../val2017/000000513580.jpg,1789050451971,200,,51.45,yolo26n_int8,true,19.55,13.40,0.01,3
../../val2017/000000514797.jpg,1789050451983,200,,42.80,yolo26n_int8,true,12.14,14.36,0.01,4
../../val2017/000000511999.jpg,1789050451990,200,,106.90,yolo26m_fp16,true,16.43,63.37,0.01,7
../../val2017/000000516871.jpg,1789050452001,200,,36.48,yolo26n_int8,true,9.72,12.32,0.01,1
../../val2017/000000518770.jpg,1789050452014,200,,42.37,yolo26n_int8,true,16.97,14.26,0.01,10
../../val2017/000000513283.jpg,1789050452017,200,,123.58,yolo26m_fp16,true,16.68,66.68,0.01,4
../../val2017/000000520264.jpg,1789050452028,200,,44.53,yolo26n_int8,true,12.54,10.83,0.01,6
../../val2017/000000520832.jpg,1789050452039,200,,47.91,yolo26n_int8,true,14.04,19.94,0.01,2
../../val2017/000000514586.jpg,1789050452044,200,,109.91,yolo26m_fp16,true,15.14,78.15,0.01,6
../../val2017/000000522713.jpg,1789050452048,200,,34.01,yolo26n_int8,true,9.49,9.93,0.01,3
../../val2017/000000523782.jpg,1789050452066,200,,38.29,yolo26n_int8,true,12.65,12.20,0.01,2
../../val2017/000000516601.jpg,1789050452066,200,,112.22,yolo26m_fp16,true,14.60,74.98,0.01,13
../../val2017/000000523811.jpg,1789050452082,200,,42.20,yolo26n_int8,true,14.81,11.29,0.01,1
../../val2017/000000517069.jpg,1789050452094,200,,128.98,yolo26m_fp16,true,14.39,72.75,0.01,9
../../val2017/000000525083.jpg,1789050452096,200,,51.31,yolo26n_int8,true,13.93,15.82,0.01,4
../../val2017/000000526751.jpg,1789050452110,200,,42.18,yolo26n_int8,true,14.12,12.27,0.01,2
../../val2017/000000521956.jpg,1789050452115,200,,114.20,yolo26m_fp16,true,14.80,72.15,0.01,3
../../val2017/000000530052.jpg,1789050452129,200,,46.44,yolo26n_int8,true,13.63,12.91,0.01,0
../../val2017/000000522751.jpg,1789050452139,200,,121.38,yolo26m_fp16,true,13.40,66.59,0.01,6
../../val2017/000000530466.jpg,1789050452143,200,,46.99,yolo26n_int8,true,15.63,11.30,0.01,1
../../val2017/000000530470.jpg,1789050452153,200,,43.36,yolo26n_int8,true,17.01,11.91,0.01,3
../../val2017/000000531134.jpg,1789050452163,200,,47.59,yolo26n_int8,true,17.29,11.74,0.01,8
../../val2017/000000526728.jpg,1789050452165,200,,116.33,yolo26m_fp16,true,14.25,69.30,0.01,12
../../val2017/000000531495.jpg,1789050452184,200,,44.82,yolo26n_int8,true,14.49,10.77,0.01,0
../../val2017/000000527215.jpg,1789050452186,200,,117.76,yolo26m_fp16,true,16.03,53.77,0.01,7
../../val2017/000000533536.jpg,1789050452195,200,,41.12,yolo26n_int8,true,13.73,11.69,0.01,2
../../val2017/000000535306.jpg,1789050452204,200,,38.80,yolo26n_int8,true,11.53,12.85,0.01,2
../../val2017/000000530099.jpg,1789050452213,200,,118.27,yolo26m_fp16,true,16.04,65.96,0.01,2
../../val2017/000000536073.jpg,1789050452230,200,,44.89,yolo26n_int8,true,17.81,8.65,0.01,4
../../val2017/000000531135.jpg,1789050452230,200,,100.01,yolo26m_fp16,true,13.70,60.62,0.01,12
../../val2017/000000537812.jpg,1789050452242,200,,55.35,yolo26n_int8,true,16.41,18.74,0.01,1
../../val2017/000000540466.jpg,1789050452254,200,,50.26,yolo26n_int8,true,13.70,13.16,0.01,1
../../val2017/000000532761.jpg,1789050452256,200,,112.48,yolo26m_fp16,true,16.24,55.97,0.01,8
../../val2017/000000540932.jpg,1789050452277,200,,46.63,yolo26n_int8,true,16.56,11.07,0.01,7
../../val2017/000000533816.jpg,1789050452278,200,,114.85,yolo26m_fp16,true,19.41,56.63,0.01,30
../../val2017/000000541123.jpg,1789050452286,200,,43.42,yolo26n_int8,true,13.77,10.79,0.01,7
../../val2017/000000544605.jpg,1789050452301,200,,44.86,yolo26n_int8,true,15.95,14.14,0.01,0
../../val2017/000000540280.jpg,1789050452301,200,,106.31,yolo26m_fp16,true,14.48,58.34,0.01,2
../../val2017/000000540502.jpg,1789050452322,200,,108.67,yolo26m_fp16,true,14.45,62.30,0.01,11
../../val2017/000000546325.jpg,1789050452327,200,,40.29,yolo26n_int8,true,14.77,10.70,0.01,2
../../val2017/000000545594.jpg,1789050452341,200,,62.52,yolo26n_int8,true,17.38,23.27,0.01,4
../../val2017/000000541055.jpg,1789050452342,200,,111.36,yolo26m_fp16,true,13.26,59.66,0.01,8
../../val2017/000000546659.jpg,1789050452350,200,,48.34,yolo26n_int8,true,15.04,11.43,0.01,1
../../val2017/000000546826.jpg,1789050452363,200,,40.22,yolo26n_int8,true,14.31,11.93,0.01,0
../../val2017/000000541634.jpg,1789050452368,200,,113.32,yolo26m_fp16,true,16.56,55.86,0.01,5
../../val2017/000000544811.jpg,1789050452383,200,,105.73,yolo26m_fp16,true,17.74,47.08,0.01,2
../../val2017/000000547502.jpg,1789050452392,200,,50.22,yolo26n_int8,true,11.90,13.93,0.01,9
../../val2017/000000548339.jpg,1789050452405,200,,54.29,yolo26n_int8,true,18.48,14.70,0.01,2
../../val2017/000000546717.jpg,1789050452407,200,,104.49,yolo26m_fp16,true,12.82,58.42,0.01,6
../../val2017/000000548524.jpg,1789050452413,200,,49.59,yolo26n_int8,true,17.01,12.22,0.01,2
../../val2017/000000549738.jpg,1789050452426,200,,57.64,yolo26n_int8,true,17.70,25.80,0.01,5
../../val2017/000000550471.jpg,1789050452436,200,,43.57,yolo26n_int8,true,9.14,21.49,0.01,1
../../val2017/000000547144.jpg,1789050452436,200,,109.61,yolo26m_fp16,true,16.40,63.95,0.01,10
../../val2017/000000551304.jpg,1789050452450,200,,42.83,yolo26n_int8,true,14.32,11.85,0.01,1
../../val2017/000000548246.jpg,1789050452455,200,,113.55,yolo26m_fp16,true,16.15,57.31,0.01,16
../../val2017/000000554328.jpg,1789050452470,200,,43.90,yolo26n_int8,true,13.97,11.60,0.01,4
../../val2017/000000549930.jpg,1789050452481,200,,97.52,yolo26m_fp16,true,14.43,63.70,0.01,10
../../val2017/000000555009.jpg,1789050452482,200,,45.27,yolo26n_int8,true,14.12,21.55,0.01,6
../../val2017/000000555412.jpg,1789050452499,200,,48.07,yolo26n_int8,true,14.88,12.19,0.01,1
../../val2017/000000550797.jpg,1789050452504,200,,98.58,yolo26m_fp16,true,15.99,67.27,0.01,1
../../val2017/000000557501.jpg,1789050452514,200,,58.25,yolo26n_int8,true,15.59,19.52,0.01,2
../../val2017/000000559547.jpg,1789050452525,200,,43.68,yolo26n_int8,true,17.70,10.13,0.01,5
../../val2017/000000554266.jpg,1789050452530,200,,116.48,yolo26m_fp16,true,13.79,69.89,0.01,6
../../val2017/000000560474.jpg,1789050452548,200,,49.05,yolo26n_int8,true,15.28,11.11,0.01,6
../../val2017/000000554735.jpg,1789050452554,200,,117.55,yolo26m_fp16,true,14.27,68.18,0.01,2
../../val2017/000000561958.jpg,1789050452559,200,,44.45,yolo26n_int8,true,15.48,9.93,0.01,10
../../val2017/000000562243.jpg,1789050452573,200,,47.45,yolo26n_int8,true,18.18,11.17,0.01,2
../../val2017/000000558114.jpg,1789050452578,200,,106.17,yolo26m_fp16,true,13.71,63.74,0.01,11
../../val2017/000000562443.jpg,1789050452582,200,,49.99,yolo26n_int8,true,19.22,10.42,0.01,1
../../val2017/000000562843.jpg,1789050452596,200,,41.96,yolo26n_int8,true,15.52,12.02,0.01,3
../../val2017/000000560178.jpg,1789050452599,200,,117.41,yolo26m_fp16,true,14.00,67.67,0.01,2
../../val2017/000000563604.jpg,1789050452618,200,,44.81,yolo26n_int8,true,15.30,11.38,0.01,11
../../val2017/000000560880.jpg,1789050452619,200,,114.83,yolo26m_fp16,true,14.21,60.14,0.01,3
../../val2017/000000564127.jpg,1789050452632,200,,49.66,yolo26n_int8,true,15.16,19.08,0.10,1
../../val2017/000000564133.jpg,1789050452641,200,,44.72,yolo26n_int8,true,14.10,10.93,0.01,4
../../val2017/000000562561.jpg,1789050452645,200,,97.38,yolo26m_fp16,true,15.60,61.33,0.01,2
../../val2017/000000565012.jpg,1789050452650,200,,50.35,yolo26n_int8,true,10.28,20.46,0.01,2
../../val2017/000000568584.jpg,1789050452663,200,,42.33,yolo26n_int8,true,13.71,11.68,0.01,3
../../val2017/000000563267.jpg,1789050452671,200,,111.90,yolo26m_fp16,true,18.01,57.71,0.01,10
../../val2017/000000569059.jpg,1789050452681,200,,39.79,yolo26n_int8,true,14.27,12.23,0.01,5
../../val2017/000000570664.jpg,1789050452692,200,,41.12,yolo26n_int8,true,9.30,21.33,0.01,5
../../val2017/000000564091.jpg,1789050452696,200,,116.66,yolo26m_fp16,true,14.73,66.15,0.01,5
../../val2017/000000571804.jpg,1789050452702,200,,38.44,yolo26n_int8,true,12.96,11.20,0.01,2
../../val2017/000000568147.jpg,1789050452713,200,,93.05,yolo26m_fp16,true,12.60,64.41,0.01,7
../../val2017/000000573391.jpg,1789050452726,200,,54.76,yolo26n_int8,true,15.57,12.50,0.01,1
../../val2017/000000575243.jpg,1789050452738,200,,46.22,yolo26n_int8,true,14.43,15.47,0.01,6
../../val2017/000000568690.jpg,1789050452739,200,,107.01,yolo26m_fp16,true,16.55,60.70,0.01,2
../../val2017/000000576566.jpg,1789050452751,200,,49.60,yolo26n_int8,true,16.84,17.64,0.01,1
../../val2017/000000569273.jpg,1789050452759,200,,113.39,yolo26m_fp16,true,12.04,59.63,0.01,6
../../val2017/000000577735.jpg,1789050452768,200,,41.14,yolo26n_int8,true,13.98,8.18,0.01,2
../../val2017/000000575081.jpg,1789050452778,200,,96.63,yolo26m_fp16,true,14.58,54.83,0.01,3
../../val2017/000000577862.jpg,1789050452784,200,,44.92,yolo26n_int8,true,16.84,5.83,0.01,2
../../val2017/000000575372.jpg,1789050452806,200,,109.61,yolo26m_fp16,true,15.26,60.00,0.01,4
../../val2017/000000577932.jpg,1789050452807,200,,55.12,yolo26n_int8,true,16.56,10.86,0.01,15
../../val2017/000000577976.jpg,1789050452817,200,,53.06,yolo26n_int8,true,16.38,13.22,0.01,4
../../val2017/000000577584.jpg,1789050452830,200,,113.91,yolo26m_fp16,true,15.29,61.07,0.01,3
../../val2017/000000578489.jpg,1789050452834,200,,55.30,yolo26n_int8,true,14.48,19.40,0.01,7
../../val2017/000000578922.jpg,1789050452844,200,,38.07,yolo26n_int8,true,8.87,11.42,0.01,4
../../val2017/000000577864.jpg,1789050452854,200,,114.28,yolo26m_fp16,true,14.44,63.55,0.01,5
../../val2017/000000579070.jpg,1789050452859,200,,41.86,yolo26n_int8,true,13.88,5.66,0.01,24
../../val2017/000000581062.jpg,1789050452875,200,,41.30,yolo26n_int8,true,16.76,12.25,0.01,1
../../val2017/000000578093.jpg,1789050452877,200,,109.43,yolo26m_fp16,true,16.76,62.54,0.01,7
../../val2017/000000581206.jpg,1789050452890,200,,45.49,yolo26n_int8,true,8.14,10.57,0.01,2
../../val2017/000000581317.jpg,1789050452903,200,,49.66,yolo26n_int8,true,16.97,12.48,0.01,2
../../val2017/000000578500.jpg,1789050452905,200,,120.57,yolo26m_fp16,true,12.60,80.33,0.01,13
../../val2017/000000581615.jpg,1789050452922,200,,47.01,yolo26n_int8,true,15.24,11.19,0.01,1
../../val2017/000000002157.jpg,1789050452931,200,,39.29,yolo26n_int8,true,12.87,13.27,0.01,7
../../val2017/000000578967.jpg,1789050452933,200,,125.77,yolo26m_fp16,true,17.56,72.93,0.01,1
../../val2017/000000002587.jpg,1789050452945,200,,40.54,yolo26n_int8,true,15.12,10.48,0.01,1
../../val2017/000000579900.jpg,1789050452957,200,,127.28,yolo26m_fp16,true,19.18,66.97,0.01,11
../../val2017/000000003501.jpg,1789050452967,200,,44.38,yolo26n_int8,true,18.01,10.56,0.01,4
../../val2017/000000004795.jpg,1789050452976,200,,44.48,yolo26n_int8,true,9.53,19.53,0.01,2
../../val2017/000000581482.jpg,1789050452986,200,,124.84,yolo26m_fp16,true,14.44,73.89,0.01,2
../../val2017/000000005477.jpg,1789050452990,200,,44.56,yolo26n_int8,true,14.32,14.54,0.01,1
../../val2017/000000006471.jpg,1789050453006,200,,38.97,yolo26n_int8,true,15.79,11.90,0.01,9
../../val2017/000000001818.jpg,1789050453007,200,,129.47,yolo26m_fp16,true,18.38,63.91,0.01,2
../../val2017/000000006771.jpg,1789050453020,200,,43.44,yolo26n_int8,true,9.82,18.40,0.01,7
../../val2017/000000007991.jpg,1789050453034,200,,47.88,yolo26n_int8,true,14.41,12.37,0.01,1
../../val2017/000000002299.jpg,1789050453035,200,,130.88,yolo26m_fp16,true,16.18,70.77,0.01,26
../../val2017/000000008844.jpg,1789050453049,200,,40.33,yolo26n_int8,true,13.74,12.94,0.01,3
../../val2017/000000005193.jpg,1789050453055,200,,121.84,yolo26m_fp16,true,12.56,70.82,0.01,11
../../val2017/000000009891.jpg,1789050453062,200,,41.37,yolo26n_int8,true,9.48,15.07,0.01,4
../../val2017/000000005992.jpg,1789050453074,200,,114.69,yolo26m_fp16,true,14.50,56.49,0.01,5
../../val2017/000000009914.jpg,1789050453079,200,,45.23,yolo26n_int8,true,16.72,10.76,0.01,3
../../val2017/000000008629.jpg,1789050453093,200,,102.15,yolo26m_fp16,true,14.56,50.14,0.02,8
../../val2017/000000010583.jpg,1789050453102,200,,52.77,yolo26n_int8,true,18.31,10.54,0.01,2
../../val2017/000000010764.jpg,1789050453112,200,,56.40,yolo26n_int8,true,13.32,22.14,0.01,2
../../val2017/000000008690.jpg,1789050453119,200,,112.16,yolo26m_fp16,true,14.18,54.42,0.01,9
../../val2017/000000010995.jpg,1789050453126,200,,51.73,yolo26n_int8,true,20.67,14.27,0.01,1
../../val2017/000000011615.jpg,1789050453137,200,,40.51,yolo26n_int8,true,13.73,12.18,0.01,0
../../val2017/000000010092.jpg,1789050453141,200,,106.55,yolo26m_fp16,true,14.66,57.89,0.01,4
../../val2017/000000013004.jpg,1789050453154,200,,41.27,yolo26n_int8,true,14.71,10.82,0.01,1
../../val2017/000000010977.jpg,1789050453166,200,,104.25,yolo26m_fp16,true,16.47,67.14,0.01,4
../../val2017/000000013291.jpg,1789050453167,200,,40.25,yolo26n_int8,true,16.44,10.82,0.01,7
../../val2017/000000013546.jpg,1789050453180,200,,42.66,yolo26n_int8,true,16.24,10.83,0.01,4
../../val2017/000000013597.jpg,1789050453191,200,,49.78,yolo26n_int8,true,13.85,21.53,0.01,1
../../val2017/000000011511.jpg,1789050453195,200,,114.16,yolo26m_fp16,true,15.76,69.22,0.01,10
../../val2017/000000014888.jpg,1789050453210,200,,43.27,yolo26n_int8,true,12.50,11.20,0.01,0
../../val2017/000000015597.jpg,1789050453219,200,,38.76,yolo26n_int8,true,9.82,12.80,0.01,2
../../val2017/000000014226.jpg,1789050453222,200,,68.16,yolo26m_fp16,true,14.60,25.41,0.01,5
../../val2017/000000015746.jpg,1789050453237,200,,44.91,yolo26n_int8,true,14.79,11.50,0.01,1
../../val2017/000000015956.jpg,1789050453247,200,,50.73,yolo26n_int8,true,17.28,15.83,0.01,4
../../val2017/000000013201.jpg,1789050453249,200,,129.58,yolo26m_fp16,true,14.03,77.27,0.01,2
../../val2017/000000017182.jpg,1789050453263,200,,44.21,yolo26n_int8,true,13.55,10.24,0.01,2
../../val2017/000000012280.jpg,1789050453269,200,,166.34,yolo26m_fp16,true,13.36,119.92,0.01,5
../../val2017/000000017905.jpg,1789050453283,200,,45.36,yolo26n_int8,true,14.54,12.54,0.01,2
../../val2017/000000017959.jpg,1789050453295,200,,48.56,yolo26n_int8,true,17.40,15.34,0.01,4
../../val2017/000000015079.jpg,1789050453296,200,,128.48,yolo26m_fp16,true,15.93,69.99,0.01,3
../../val2017/000000019432.jpg,1789050453302,200,,53.34,yolo26n_int8,true,14.47,16.93,0.01,10
../../val2017/000000020333.jpg,1789050453316,200,,47.20,yolo26n_int8,true,14.10,15.51,0.01,2
../../val2017/000000016958.jpg,1789050453322,200,,111.41,yolo26m_fp16,true,13.80,70.64,0.01,8
../../val2017/000000022192.jpg,1789050453334,200,,38.00,yolo26n_int8,true,13.54,11.15,0.01,3
../../val2017/000000023230.jpg,1789050453349,200,,45.01,yolo26n_int8,true,12.87,5.55,0.01,2
../../val2017/000000017714.jpg,1789050453349,200,,126.94,yolo26m_fp16,true,17.08,64.05,0.01,8
../../val2017/000000023781.jpg,1789050453366,200,,49.23,yolo26n_int8,true,18.39,12.26,0.01,5
../../val2017/000000020059.jpg,1789050453376,200,,112.05,yolo26m_fp16,true,13.02,74.80,0.01,2
../../val2017/000000025096.jpg,1789050453381,200,,59.58,yolo26n_int8,true,16.03,23.31,0.01,2
../../val2017/000000025181.jpg,1789050453392,200,,43.59,yolo26n_int8,true,17.54,12.16,0.01,4
../../val2017/000000020571.jpg,1789050453398,200,,114.88,yolo26m_fp16,true,15.80,66.36,0.01,11
../../val2017/000000027696.jpg,1789050453409,200,,42.88,yolo26n_int8,true,14.92,11.07,0.01,4
../../val2017/000000022705.jpg,1789050453417,200,,121.66,yolo26m_fp16,true,15.22,64.78,0.01,8
../../val2017/000000029640.jpg,1789050453437,200,,55.30,yolo26n_int8,true,16.54,17.87,0.01,10
../../val2017/000000025139.jpg,1789050453440,200,,106.14,yolo26m_fp16,true,13.92,67.39,0.01,2
../../val2017/000000031050.jpg,1789050453446,200,,47.64,yolo26n_int8,true,16.56,9.34,0.01,3
../../val2017/000000031322.jpg,1789050453460,200,,50.64,yolo26n_int8,true,15.55,12.12,0.01,7
../../val2017/000000025593.jpg,1789050453464,200,,113.98,yolo26m_fp16,true,15.23,51.47,0.01,1
../../val2017/000000031620.jpg,1789050453471,200,,53.22,yolo26n_int8,true,15.03,19.97,0.01,4
../../val2017/000000032081.jpg,1789050453482,200,,41.64,yolo26n_int8,true,15.71,12.07,0.01,2
../../val2017/000000027982.jpg,1789050453489,200,,112.91,yolo26m_fp16,true,17.94,57.49,0.01,2
../../val2017/000000032811.jpg,1789050453493,200,,32.64,yolo26n_int8,true,11.15,9.16,0.01,1
../../val2017/000000030828.jpg,1789050453509,200,,114.78,yolo26m_fp16,true,18.32,56.19,0.01,5
../../val2017/000000032861.jpg,1789050453515,200,,42.54,yolo26n_int8,true,13.67,11.49,0.01,2
../../val2017/000000033005.jpg,1789050453528,200,,45.81,yolo26n_int8,true,14.96,12.95,0.01,2
../../val2017/000000031817.jpg,1789050453532,200,,95.05,yolo26m_fp16,true,15.80,61.04,0.01,7
../../val2017/000000033104.jpg,1789050453539,200,,49.63,yolo26n_int8,true,12.79,14.53,0.01,4
../../val2017/000000032285.jpg,1789050453554,200,,107.67,yolo26m_fp16,true,14.95,62.58,0.01,1
../../val2017/000000034071.jpg,1789050453557,200,,47.68,yolo26n_int8,true,18.91,14.40,0.01,0
../../val2017/000000035682.jpg,1789050453572,200,,43.38,yolo26n_int8,true,13.77,11.58,0.01,9
../../val2017/000000032817.jpg,1789050453575,200,,106.89,yolo26m_fp16,true,14.09,58.16,0.01,6
../../val2017/000000037740.jpg,1789050453583,200,,43.84,yolo26n_int8,true,9.99,18.27,0.02,7
../../val2017/000000033854.jpg,1789050453600,200,,106.55,yolo26m_fp16,true,14.58,57.41,0.01,17
../../val2017/000000039477.jpg,1789050453603,200,,45.04,yolo26n_int8,true,14.32,10.97,0.01,6
../../val2017/000000039551.jpg,1789050453617,200,,45.22,yolo26n_int8,true,14.21,14.84,0.01,3
../../val2017/000000035279.jpg,1789050453623,200,,108.08,yolo26m_fp16,true,15.36,54.25,0.01,13
../../val2017/000000041888.jpg,1789050453628,200,,52.15,yolo26n_int8,true,16.12,13.40,0.01,3
../../val2017/000000035770.jpg,1789050453640,200,,101.76,yolo26m_fp16,true,13.17,58.79,0.01,5
../../val2017/000000044652.jpg,1789050453656,200,,39.02,yolo26n_int8,true,15.46,12.65,0.01,1
../../val2017/000000038678.jpg,1789050453663,200,,107.94,yolo26m_fp16,true,15.35,51.80,0.01,9
../../val2017/000000042563.jpg,1789050453669,200,,66.50,yolo26n_int8,true,22.17,22.57,0.01,1
../../val2017/000000045472.jpg,1789050453677,200,,48.96,yolo26n_int8,true,8.18,20.91,0.01,10
../../val2017/000000042296.jpg,1789050453686,200,,102.88,yolo26m_fp16,true,16.08,47.41,0.01,5
../../val2017/000000047585.jpg,1789050453699,200,,42.08,yolo26n_int8,true,13.77,11.04,0.01,7
../../val2017/000000042888.jpg,1789050453711,200,,106.46,yolo26m_fp16,true,16.28,53.03,0.01,0
../../val2017/000000050638.jpg,1789050453712,200,,42.71,yolo26n_int8,true,13.84,11.78,0.01,1
../../val2017/000000050828.jpg,1789050453722,200,,44.27,yolo26n_int8,true,17.58,11.66,0.01,3
../../val2017/000000045070.jpg,1789050453731,200,,107.34,yolo26m_fp16,true,13.58,55.13,0.01,3
../../val2017/000000050844.jpg,1789050453740,200,,53.79,yolo26n_int8,true,22.71,11.53,0.01,4
../../val2017/000000046497.jpg,1789050453751,200,,110.10,yolo26m_fp16,true,16.19,59.14,0.01,6
../../val2017/000000053909.jpg,1789050453757,200,,44.96,yolo26n_int8,true,16.60,8.36,0.01,3
../../val2017/000000054605.jpg,1789050453769,200,,46.37,yolo26n_int8,true,12.08,17.50,0.01,9
../../val2017/000000049269.jpg,1789050453777,200,,113.83,yolo26m_fp16,true,14.64,63.17,0.01,2
../../val2017/000000055950.jpg,1789050453782,200,,41.56,yolo26n_int8,true,14.25,10.53,0.02,3
../../val2017/000000051961.jpg,1789050453795,200,,96.03,yolo26m_fp16,true,17.08,52.74,0.01,1
../../val2017/000000057672.jpg,1789050453801,200,,44.35,yolo26n_int8,true,16.94,10.77,0.01,9
../../val2017/000000057760.jpg,1789050453811,200,,41.87,yolo26n_int8,true,14.52,18.68,0.01,11
../../val2017/000000052462.jpg,1789050453826,200,,115.34,yolo26m_fp16,true,18.76,56.37,0.01,2
../../val2017/000000058384.jpg,1789050453828,200,,48.88,yolo26n_int8,true,14.41,14.50,0.01,2
../../val2017/000000060823.jpg,1789050453845,200,,49.31,yolo26n_int8,true,14.14,10.65,0.01,10
../../val2017/000000054967.jpg,1789050453846,200,,114.88,yolo26m_fp16,true,15.52,61.21,0.01,19
../../val2017/000000061108.jpg,1789050453857,200,,45.72,yolo26n_int8,true,10.80,21.14,0.01,2
../../val2017/000000057150.jpg,1789050453867,200,,116.28,yolo26m_fp16,true,21.20,59.75,0.01,21
../../val2017/000000061418.jpg,1789050453869,200,,40.85,yolo26n_int8,true,14.81,12.74,0.01,9
../../val2017/000000062025.jpg,1789050453886,200,,39.57,yolo26n_int8,true,14.68,12.14,0.01,3
../../val2017/000000058655.jpg,1789050453890,200,,108.01,yolo26m_fp16,true,13.55,63.00,0.01,6
../../val2017/000000063047.jpg,1789050453897,200,,40.00,yolo26n_int8,true,8.52,11.29,0.01,4
../../val2017/000000063552.jpg,1789050453911,200,,43.61,yolo26n_int8,true,14.68,10.99,0.01,1
../../val2017/000000060835.jpg,1789050453918,200,,116.44,yolo26m_fp16,true,18.09,53.54,0.01,3
../../val2017/000000064499.jpg,1789050453932,200,,46.03,yolo26n_int8,true,13.82,10.77,0.01,1
../../val2017/000000061333.jpg,1789050453936,200,,109.03,yolo26m_fp16,true,15.48,63.53,0.01,3
../../val2017/000000064718.jpg,1789050453943,200,,45.16,yolo26n_int8,true,12.21,15.47,0.01,3
../../val2017/000000061747.jpg,1789050453961,200,,114.87,yolo26m_fp16,true,14.51,55.54,0.01,2
../../val2017/000000065350.jpg,1789050453964,200,,52.54,yolo26n_int8,true,18.25,11.64,0.01,6
../../val2017/000000065455.jpg,1789050453973,200,,52.68,yolo26n_int8,true,17.58,20.38,0.01,7
../../val2017/000000066523.jpg,1789050453985,200,,49.07,yolo26n_int8,true,14.58,16.83,0.01,1
../../val2017/000000064462.jpg,1789050453985,200,,116.19,yolo26m_fp16,true,14.87,65.97,0.01,2
../../val2017/000000064523.jpg,1789050454001,200,,110.59,yolo26m_fp16,true,15.84,54.78,0.01,20
../../val2017/000000066841.jpg,1789050454007,200,,45.67,yolo26n_int8,true,19.68,11.54,0.01,0
../../val2017/000000067616.jpg,1789050454023,200,,49.79,yolo26n_int8,true,15.54,12.93,0.01,9
../../val2017/000000066038.jpg,1789050454028,200,,94.81,yolo26m_fp16,true,16.24,48.76,0.01,19
../../val2017/000000068093.jpg,1789050454042,200,,51.56,yolo26n_int8,true,14.88,12.74,0.01,4
../../val2017/000000066706.jpg,1789050454051,200,,104.91,yolo26m_fp16,true,15.64,55.84,0.01,6
../../val2017/000000069138.jpg,1789050454051,200,,44.01,yolo26n_int8,true,14.98,15.85,0.01,2
../../val2017/000000067310.jpg,1789050454071,200,,106.25,yolo26m_fp16,true,16.64,50.86,0.01,5
../../val2017/000000070774.jpg,1789050454071,200,,43.31,yolo26n_int8,true,15.70,11.62,0.01,1
../../val2017/000000071451.jpg,1789050454082,200,,40.25,yolo26n_int8,true,13.54,13.70,0.01,1
../../val2017/000000073153.jpg,1789050454096,200,,45.12,yolo26n_int8,true,12.47,21.11,0.01,1
../../val2017/000000068286.jpg,1789050454096,200,,105.97,yolo26m_fp16,true,17.64,61.10,0.01,1
../../val2017/000000076416.jpg,1789050454117,200,,46.26,yolo26n_int8,true,15.29,10.19,0.01,2
../../val2017/000000068833.jpg,1789050454117,200,,115.87,yolo26m_fp16,true,19.90,52.61,0.01,7
../../val2017/000000076625.jpg,1789050454127,200,,43.92,yolo26n_int8,true,13.68,13.99,0.01,7
../../val2017/000000076731.jpg,1789050454141,200,,44.66,yolo26n_int8,true,9.40,20.29,0.01,0
../../val2017/000000070048.jpg,1789050454142,200,,118.02,yolo26m_fp16,true,15.72,57.20,0.01,5
../../val2017/000000078426.jpg,1789050454157,200,,39.34,yolo26n_int8,true,15.61,11.51,0.01,1
../../val2017/000000074646.jpg,1789050454162,200,,110.16,yolo26m_fp16,true,14.35,62.72,0.01,9
../../val2017/000000078823.jpg,1789050454171,200,,42.75,yolo26n_int8,true,14.49,10.59,0.01,4
../../val2017/000000078959.jpg,1789050454181,200,,39.82,yolo26n_int8,true,9.40,15.84,0.01,0
../../val2017/000000076547.jpg,1789050454192,200,,120.62,yolo26m_fp16,true,18.01,56.60,0.01,6
../../val2017/000000079565.jpg,1789050454195,200,,37.32,yolo26n_int8,true,15.55,10.20,0.01,2
../../val2017/000000077460.jpg,1789050454208,200,,111.70,yolo26m_fp16,true,14.24,63.13,0.01,25
../../val2017/000000079837.jpg,1789050454212,200,,40.86,yolo26n_int8,true,15.38,10.64,0.01,4
../../val2017/000000080274.jpg,1789050454224,200,,41.69,yolo26n_int8,true,9.33,11.42,0.01,2
../../val2017/000000078420.jpg,1789050454231,200,,113.34,yolo26m_fp16,true,16.88,58.71,0.01,3
../../val2017/000000080932.jpg,1789050454239,200,,46.08,yolo26n_int8,true,17.33,8.09,0.01,7
../../val2017/000000081738.jpg,1789050454254,200,,45.61,yolo26n_int8,true,15.42,11.09,0.01,1
../../val2017/000000079031.jpg,1789050454260,200,,117.23,yolo26m_fp16,true,14.11,61.69,0.02,2
../../val2017/000000082812.jpg,1789050454262,200,,37.53,yolo26n_int8,true,11.46,11.75,0.01,10
../../val2017/000000079588.jpg,1789050454278,200,,115.48,yolo26m_fp16,true,16.91,52.77,0.01,5
../../val2017/000000084664.jpg,1789050454280,200,,40.97,yolo26n_int8,true,17.12,7.36,0.01,4
../../val2017/000000085089.jpg,1789050454299,200,,44.32,yolo26n_int8,true,15.09,11.63,0.01,4
../../val2017/000000080949.jpg,1789050454303,200,,108.44,yolo26m_fp16,true,13.82,64.11,0.01,5
../../val2017/000000085329.jpg,1789050454309,200,,49.22,yolo26n_int8,true,11.93,24.27,0.01,2
../../val2017/000000087244.jpg,1789050454325,200,,47.05,yolo26n_int8,true,13.33,16.73,0.01,2
../../val2017/000000082807.jpg,1789050454327,200,,113.97,yolo26m_fp16,true,12.65,66.01,0.01,5
../../val2017/000000087742.jpg,1789050454340,200,,41.43,yolo26n_int8,true,15.90,11.70,0.01,1
../../val2017/000000088250.jpg,1789050454352,200,,42.31,yolo26n_int8,true,9.14,17.98,0.01,2
../../val2017/000000083540.jpg,1789050454356,200,,124.90,yolo26m_fp16,true,15.01,65.35,0.01,2
../../val2017/000000085823.jpg,1789050454376,200,,113.49,yolo26m_fp16,true,14.35,56.95,0.01,3
../../val2017/000000088432.jpg,1789050454376,200,,47.52,yolo26n_int8,true,15.41,10.78,0.01,3
../../val2017/000000089045.jpg,1789050454383,200,,42.39,yolo26n_int8,true,15.19,14.03,0.01,2
../../val2017/000000089880.jpg,1789050454393,200,,40.62,yolo26n_int8,true,9.39,20.98,0.01,3
../../val2017/000000087476.jpg,1789050454399,200,,119.27,yolo26m_fp16,true,14.59,65.64,0.01,14
../../val2017/000000090631.jpg,1789050454412,200,,36.68,yolo26n_int8,true,12.93,11.33,0.01,1
../../val2017/000000087875.jpg,1789050454424,200,,120.14,yolo26m_fp16,true,15.64,61.60,0.01,1
../../val2017/000000091495.jpg,1789050454427,200,,43.81,yolo26n_int8,true,14.48,13.73,0.01,3
../../val2017/000000092177.jpg,1789050454438,200,,45.02,yolo26n_int8,true,9.64,15.46,0.01,1
../../val2017/000000088265.jpg,1789050454448,200,,122.34,yolo26m_fp16,true,14.96,56.49,0.01,1
../../val2017/000000092660.jpg,1789050454452,200,,51.92,yolo26n_int8,true,14.67,17.84,0.01,1
../../val2017/000000094185.jpg,1789050454470,200,,45.62,yolo26n_int8,true,15.20,9.26,0.01,3
../../val2017/000000090155.jpg,1789050454470,200,,114.06,yolo26m_fp16,true,13.91,60.94,0.01,1
../../val2017/000000094614.jpg,1789050454479,200,,40.69,yolo26n_int8,true,11.85,20.07,0.01,1
../../val2017/000000090956.jpg,1789050454494,200,,117.60,yolo26m_fp16,true,18.25,56.64,0.01,2
../../val2017/000000095899.jpg,1789050454497,200,,44.53,yolo26n_int8,true,14.20,10.82,0.01,1
../../val2017/000000096549.jpg,1789050454507,200,,36.64,yolo26n_int8,true,14.39,10.83,0.01,1
../../val2017/000000093261.jpg,1789050454513,200,,99.84,yolo26m_fp16,true,16.50,56.37,0.01,4
../../val2017/000000096825.jpg,1789050454521,200,,40.11,yolo26n_int8,true,8.65,10.99,0.01,1
../../val2017/000000094336.jpg,1789050454534,200,,106.44,yolo26m_fp16,true,15.05,57.82,0.01,4
../../val2017/000000097230.jpg,1789050454539,200,,44.72,yolo26n_int8,true,14.68,8.69,0.01,2
../../val2017/000000097585.jpg,1789050454557,200,,48.99,yolo26n_int8,true,15.62,10.90,0.01,3
../../val2017/000000094852.jpg,1789050454561,200,,112.95,yolo26m_fp16,true,15.42,47.62,0.01,2
../../val2017/000000098287.jpg,1789050454567,200,,45.55,yolo26n_int8,true,10.51,16.24,0.01,8
../../val2017/000000096001.jpg,1789050454580,200,,109.99,yolo26m_fp16,true,15.04,55.65,0.01,6
../../val2017/000000098520.jpg,1789050454586,200,,46.95,yolo26n_int8,true,18.03,8.61,0.01,2
../../val2017/000000097278.jpg,1789050454595,200,,98.20,yolo26m_fp16,true,18.28,50.79,0.01,2
../../val2017/000000099428.jpg,1789050454607,200,,45.30,yolo26n_int8,true,15.09,10.48,0.01,1
../../val2017/000000100510.jpg,1789050454618,200,,51.18,yolo26n_int8,true,14.86,24.59,0.01,4
../../val2017/000000097994.jpg,1789050454622,200,,108.05,yolo26m_fp16,true,14.96,56.78,0.01,10
../../val2017/000000101068.jpg,1789050454628,200,,47.70,yolo26n_int8,true,14.96,10.48,0.01,2
../../val2017/000000103585.jpg,1789050454640,200,,44.37,yolo26n_int8,true,12.07,16.73,0.01,5
../../val2017/000000098497.jpg,1789050454646,200,,111.58,yolo26m_fp16,true,14.37,58.76,0.01,0
../../val2017/000000105455.jpg,1789050454667,200,,48.98,yolo26n_int8,true,18.47,10.72,0.01,3
../../val2017/000000099182.jpg,1789050454667,200,,110.38,yolo26m_fp16,true,21.39,51.15,0.01,3
../../val2017/000000108440.jpg,1789050454680,200,,51.06,yolo26n_int8,true,16.47,21.71,0.01,1
../../val2017/000000108864.jpg,1789050454690,200,,50.40,yolo26n_int8,true,15.01,17.36,0.01,2
../../val2017/000000102331.jpg,1789050454690,200,,103.77,yolo26m_fp16,true,15.19,68.24,0.01,2
../../val2017/000000109798.jpg,1789050454700,200,,52.57,yolo26n_int8,true,14.04,25.15,0.01,3
../../val2017/000000109916.jpg,1789050454713,200,,45.43,yolo26n_int8,true,14.29,11.11,0.01,3
../../val2017/000000104424.jpg,1789050454717,200,,109.69,yolo26m_fp16,true,15.14,63.65,0.01,2
../../val2017/000000111951.jpg,1789050454726,200,,34.16,yolo26n_int8,true,8.47,11.98,0.01,3
../../val2017/000000108253.jpg,1789050454740,200,,118.18,yolo26m_fp16,true,17.00,56.26,0.01,15
../../val2017/000000113235.jpg,1789050454742,200,,40.80,yolo26n_int8,true,14.77,9.34,0.01,4
../../val2017/000000113589.jpg,1789050454757,200,,43.01,yolo26n_int8,true,14.78,12.30,0.01,7
../../val2017/000000110211.jpg,1789050454763,200,,95.35,yolo26m_fp16,true,13.74,60.82,0.01,6
../../val2017/000000113867.jpg,1789050454776,200,,58.00,yolo26n_int8,true,15.48,9.29,0.01,0
../../val2017/000000110784.jpg,1789050454786,200,,106.26,yolo26m_fp16,true,13.35,63.56,0.01,2
../../val2017/000000116206.jpg,1789050454788,200,,47.03,yolo26n_int8,true,15.17,11.05,0.01,3
../../val2017/000000118209.jpg,1789050454805,200,,48.00,yolo26n_int8,true,14.64,11.46,0.01,2
../../val2017/000000112997.jpg,1789050454810,200,,117.44,yolo26m_fp16,true,15.45,59.52,0.01,2
../../val2017/000000118594.jpg,1789050454815,200,,39.34,yolo26n_int8,true,12.18,8.46,0.01,2
../../val2017/000000119516.jpg,1789050454828,200,,39.33,yolo26n_int8,true,14.41,11.87,0.01,3
../../val2017/000000114770.jpg,1789050454833,200,,106.89,yolo26m_fp16,true,16.02,58.04,0.01,3
../../val2017/000000119641.jpg,1789050454852,200,,46.36,yolo26n_int8,true,16.05,11.20,0.01,17
../../val2017/000000117914.jpg,1789050454853,200,,111.16,yolo26m_fp16,true,15.42,61.22,0.01,2
../../val2017/000000119677.jpg,1789050454860,200,,50.18,yolo26n_int8,true,14.17,16.73,0.01,3
../../val2017/000000120584.jpg,1789050454876,200,,48.34,yolo26n_int8,true,13.54,16.00,0.01,1
../../val2017/000000118405.jpg,1789050454877,200,,112.26,yolo26m_fp16,true,18.02,54.16,0.01,1
../../val2017/000000123480.jpg,1789050454894,200,,42.28,yolo26n_int8,true,17.41,11.52,0.01,1
../../val2017/000000119233.jpg,1789050454899,200,,112.79,yolo26m_fp16,true,18.32,59.31,0.01,5
../../val2017/000000124636.jpg,1789050454903,200,,42.67,yolo26n_int8,true,9.35,12.13,0.01,2
../../val2017/000000125062.jpg,1789050454922,200,,44.13,yolo26n_int8,true,14.47,11.15,0.01,7
../../val2017/000000119911.jpg,1789050454922,200,,106.79,yolo26m_fp16,true,15.24,58.05,0.01,7
../../val2017/000000123213.jpg,1789050454941,200,,107.88,yolo26m_fp16,true,18.07,57.13,0.01,14
../../val2017/000000125257.jpg,1789050454943,200,,48.86,yolo26n_int8,true,16.36,10.33,0.01,2
../../val2017/000000125936.jpg,1789050454954,200,,54.37,yolo26n_int8,true,17.45,19.98,0.01,9
../../val2017/000000123585.jpg,1789050454964,200,,110.72,yolo26m_fp16,true,15.07,52.68,0.01,6
../../val2017/000000127135.jpg,1789050454969,200,,47.20,yolo26n_int8,true,14.82,11.60,0.01,1
../../val2017/000000128699.jpg,1789050454981,200,,39.33,yolo26n_int8,true,15.99,10.80,0.01,5
../../val2017/000000124798.jpg,1789050454986,200,,109.83,yolo26m_fp16,true,15.45,50.40,0.01,17
../../val2017/000000126107.jpg,1789050454999,200,,95.43,yolo26m_fp16,true,17.43,44.78,0.01,8
../../val2017/000000128051.jpg,1789050455012,200,,89.59,yolo26m_fp16,true,14.51,41.85,0.01,5
